Station5_mp_85,Station5_mp_94,Station5_mp_95,Station5_mp_90,Station5_mp_91,Station5_mp_97,Station5_mp_93,Station5_mp_92
221.0213753021119,0.0007083852459568492,5029.369647312986,11002.78,5966.674,0.004839844,380.047,0.005275391
236.9025483002313,0.0007275762128595829,5253.3893401357545,11148.26,5874.386,0.004796875,393.5057,0.005294922
233.86029477368956,0.0007620749164340048,5287.007463200324,11132.88,5855.8,0.004841797,412.0914,0.005328125
240.17545000721321,0.0007933061646653385,5496.08729428861,11260.41,5756.462,0.004828125,390.3012,0.005351563
224.1294638494827,0.0006297345834773395,5234.638179547514,11254.01,6019.867,0.004841797,381.3288,0.00534961
222.52592739645414,0.0006268953891059248,5502.361728855592,11181.58,5667.378,0.004927734,383.2514,0.005449219
207.75112461002865,0.000705372164787986,5280.328553623254,11193.76,5910.275,0.004841797,340.9528,0.005330078
217.1440901800858,0.0006609809741986235,4883.949603981745,11096.35,6185.217,0.004839844,380.047,0.005335938
252.0487611081918,0.0005481989539654244,4625.671839081517,11075.84,6424.268,0.004902344,382.6105,0.005396485
225.84432382878458,0.0005147769721900965,4819.14059950522,11113.01,6268.532,0.004935547,383.8923,0.005423828
223.62950780483294,0.0006320836172067273,5851.956010041947,11230.93,5387.31,0.004898438,384.5332,0.005408203
220.07104511372816,0.0006165640736679261,5527.751247810186,11275.15,5766.076,0.004851563,368.511,0.005333985
247.27246918719072,0.0005293354644393101,5015.133757512741,11135.44,6160.222,0.004929688,401.1963,0.005419922
251.0810727250512,0.0005392429967385923,5485.891544460036,11203.37,5671.865,0.004927734,396.0692,0.00541211
249.5830551302193,0.0004461867669920914,5277.383632179304,11185.43,5925.657,0.004960938,372.9972,0.005464844
240.55667882444914,0.0005506374575007341,5181.361957166674,11092.5,5912.198,0.004931641,382.6105,0.005421875
214.0017966548652,0.0005992555986063556,5029.68310404359,10946.38,5975.005,0.00484375,373.6381,0.005367188
239.9964804168789,0.0005315145119319033,5036.461279951094,11124.55,6119.205,0.004896485,384.5332,0.005417969
222.8044000552122,0.0006312584708693524,6254.071125658335,11585.99,5204.657,0.004867188,378.1243,0.005416016
242.45054112362988,0.0006105203615530959,5508.388807255181,11215.55,5744.926,0.00494336,367.8701,0.005453125
254.89196312114328,0.0005003793961256334,5644.0742212068235,11272.59,5641.103,0.004931641,390.3012,0.005441406
233.77435200516726,0.0005641955808768858,5084.325382441787,11166.2,6087.801,0.004867188,376.8426,0.005386719
254.0324377655689,0.0006497916861485482,5206.273089055915,11027.77,5815.424,0.004857422,396.7101,0.00534961
223.41384435336562,0.0006436010998775975,5198.518533156063,11051.48,5926.938,0.004857422,384.5332,0.005375
231.82616864097454,0.0009087016917576815,5468.588570424351,11197.61,5733.39,0.004695313,384.5332,0.005175781
229.37859556022724,0.0006277783643612817,5413.5724249028935,11302.71,5853.236,0.004914063,356.3341,0.00540625
221.15914908449182,0.00047498852272606293,5736.313895257107,11318.09,5642.384,0.004945313,390.9421,0.005427734
252.91126722328855,0.000743597246896011,5650.40058196137,11296.94,5653.92,0.004777344,407.6052,0.005289063
227.3180518418984,0.001869501823201965,5496.601950869386,11186.71,5676.351,0.0046875,406.9643,0.005263672
234.225991165748,0.000596182137475838,5491.095981276439,11239.91,5782.739,0.004857422,378.7652,0.005371094
224.21790069010865,0.0004715766614668083,6046.796388031202,11362.32,5429.609,0.004960938,373.6381,0.005455079
249.71237128154442,0.00037792045696254936,5188.450791053415,11118.78,5935.911,0.004900391,389.6603,0.005357422
230.2346484151029,0.0006069767013798507,4858.020719015231,11048.28,6187.14,0.004734375,384.5332,0.005222656
253.18936692823598,0.0008214591493141282,5305.529342846195,11169.41,5822.474,0.004695313,376.8426,0.005160157
227.91179639495448,0.00039885756667181306,5972.713789284901,11352.7,5356.548,0.004962891,374.279,0.005466797
226.772698005935,0.0005447577392831331,5200.3284710059725,11145.05,5935.911,0.004916016,371.7154,0.005369141
251.61552941016922,0.0005456057632491388,5779.482878852145,11325.79,5589.19,0.004898438,396.7101,0.005449219
238.90405136989534,0.000748067987555379,4300.14070499029,10864.99,6600.513,0.004623047,370.4337,0.005140625
245.0516665434696,0.000607846240173277,4976.801822049292,11068.15,6099.337,0.004884766,383.8923,0.005351563
237.99901011526111,0.0005382201744600632,5859.727554197268,11323.86,5373.852,0.004945313,389.0194,0.005554688
240.68563837390766,0.0005651970454058208,5077.231396715365,11230.93,6084.597,0.004855469,378.1243,0.005351563
218.10150238307995,0.0006610591564168074,5427.373656960552,11184.79,5758.385,0.004824219,385.1741,0.005289063
229.93742389437858,0.0006379763205166516,5018.781815845966,10979.06,5948.729,0.004857422,385.1741,0.005330078
249.23152263991483,0.0006154737772777969,5484.749737279064,11284.13,5814.142,0.004884766,392.8648,0.005361328
243.9205242728391,0.0005233316272027375,5172.638354392596,11184.15,6030.122,0.004900391,380.047,0.005400391
222.98802198200758,0.0006485174113179795,5427.7211854996185,11112.37,5744.285,0.004826172,381.3288,0.005300782
229.35625685833705,0.0004824050095137501,5671.905021633693,11273.23,5632.13,0.004902344,390.3012,0.005466797
240.84967985644056,0.0005960827383330807,5598.454255165329,11120.7,5520.615,0.004900391,380.047,0.005357422
251.15357758790532,0.0008862336362869278,5337.500925128969,11261.7,5932.065,0.004708984,397.351,0.005216797
241.9188004904544,0.0005330187833920029,5731.45695802544,11325.14,5612.262,0.004873047,392.8648,0.00534961
221.33249440480964,0.0005689624027713746,6084.116398404225,11362.32,5254.005,0.00491211,379.4061,0.00546875
238.55439956606384,0.0018967805449796903,4864.659887313896,11034.82,6157.018,0.004625,376.8426,0.005167969
218.03973748316454,0.0006230407029158735,5257.9009755376455,11024.57,5728.263,0.004796875,366.5883,0.005308594
235.6384939230783,0.0006961830102136075,4928.237610012068,11073.92,6142.277,0.004617188,405.6825,0.005115235
249.18357648176573,0.000542626616541832,5057.918170989075,11028.41,6008.972,0.004914063,389.0194,0.005451172
240.93678273148396,0.0005172386512091291,5741.196445917835,11202.09,5402.691,0.004945313,394.1465,0.0054375
237.9100098149862,0.0006820718796189975,5634.637977079736,11279.0,5672.506,0.004871094,391.583,0.00541211
250.43580888346594,0.0005371965198103804,5113.534833925164,11180.94,6116.642,0.004929688,373.6381,0.005390625
246.3987288009898,0.0006055674533167203,4883.666624302234,11075.84,6153.813,0.004824219,398.6328,0.005298828
223.35339615867,0.0005091369686300867,5294.802681056549,11159.79,5853.877,0.004914063,367.8701,0.005425781
236.07125944364327,0.0005684011196902912,4880.592185523738,11029.69,6176.885,0.004839844,383.2514,0.005330078
257.1903056052569,0.0006784250236030093,5295.327855930412,11211.71,5902.584,0.004810547,387.7377,0.005341797
235.45987866417684,0.0017625635009163756,5434.68289458248,11045.08,5593.677,0.004716797,374.279,0.005195313
226.33065306292832,0.0006141967630267444,5190.666246031657,11128.39,5966.033,0.004839844,392.2239,0.005332031
245.1685682100489,0.00048166812233595016,5216.790395496344,11164.92,5969.878,0.004900391,391.583,0.005373047
232.30807065942466,0.0005719715898939945,5384.4102076630425,11130.96,5735.954,0.00484375,356.3341,0.005357422
247.64216838944853,0.0004981052617467106,5459.878562737205,11094.42,5568.682,0.004896485,401.1963,0.005330078
219.6270503700319,0.0005900883845416337,4835.770003884217,11041.87,6203.803,0.004871094,405.0416,0.005328125
237.5949634016693,0.0006384589285558888,5123.098068124677,11110.45,5950.652,0.004828125,372.3563,0.005333985
239.34390948277095,0.0005144672559922723,5299.786472050699,11209.78,5885.281,0.00497461,369.7928,0.0054375
247.58709172977473,0.0006125204359191576,5378.065481766685,11262.98,5891.049,0.004927734,412.7323,0.005421875
245.53772539258577,0.00048667566928420195,4901.714110665119,11000.21,6117.282,0.004855469,389.6603,0.005328125
221.78811988282877,0.0005344173815840067,5762.9800159894685,11320.66,5544.328,0.004955078,376.8426,0.005431641
247.6599943228859,0.00047002824385378037,5241.165421525639,11162.36,5925.016,0.004945313,395.4283,0.005425781
246.74988960291302,0.0006247529005976178,5106.937632221302,11179.66,6070.498,0.00484375,397.9919,0.005300782
252.65363060139003,0.00044769762945624336,5449.39251059687,11221.32,5760.948,0.00494336,393.5057,0.005457032
252.88731394590076,0.000514758184456566,4960.557844015399,11083.53,6139.714,0.004929688,397.351,0.005453125
236.64572966968288,0.0006095068034301233,4853.308896637335,10931.64,6103.824,0.004691407,376.8426,0.005173828
222.6838150915251,0.0006139398897632211,5582.873161433803,11223.88,5660.329,0.004882812,378.1243,0.005384766
241.95016213782142,0.0005099581915831465,5971.298243348221,11362.96,5395.001,0.004929688,394.1465,0.005441406
246.81126651917864,0.0005955524094129459,4898.961525897896,11043.79,6131.382,0.004859375,376.8426,0.005328125
248.06629647214007,0.0005043389291862939,5119.802524570261,11154.67,6041.017,0.004884766,391.583,0.005365235
242.99562939189192,0.0006174715816966885,5200.880116653378,11118.78,5915.402,0.004839844,388.3785,0.005392578
230.24043359045993,0.0008016394402638343,5579.953217788072,11158.51,5541.764,0.004681641,405.0416,0.00522461
253.153278309499,0.000542486273878738,5471.657463754038,11145.05,5612.903,0.004927734,399.9145,0.005369141
218.3391215813853,0.0006336900356769249,5553.57045729847,11202.09,5633.412,0.004826172,378.1243,0.005304688
236.62512247933918,0.001721077848395521,4973.69537665127,11161.72,6171.117,0.004689453,386.4559,0.00521875
223.97320880083427,0.0006627768916787446,5138.508222107458,11108.52,5949.37,0.00484375,387.7377,0.005369141
243.34806516241844,0.0005817396632160096,5475.491999793553,11193.12,5750.694,0.004869141,383.2514,0.005392578
249.83223653261678,0.0008532153917211691,4889.946231264135,11125.19,6239.692,0.004636719,414.655,0.005185547
255.44630897109474,0.0005255618500781171,4566.520013725944,11041.87,6330.699,0.004875,396.0692,0.005404297
220.93777219658682,0.0006386650980201142,5044.258071189082,11146.34,6080.752,0.004857422,384.5332,0.005394531
221.19946681478498,0.0006055041217253709,4652.810177659217,11004.06,6385.174,0.004708984,389.0194,0.005208984
245.814999475563,0.00058515276957204,5668.359711835173,11256.57,5591.754,0.004853516,378.7652,0.005382813
235.40820834870235,0.0006921013621815743,5250.553119655134,11180.3,5961.546,0.004824219,378.1243,0.005332031
252.81007309581642,0.0006207155111288189,5369.485988887005,11238.62,5891.049,0.004871094,394.1465,0.005363281
241.5968710006233,0.000712444924122991,5219.55034799923,11202.09,5991.027,0.004794922,380.047,0.005292969
222.1795209084493,0.0018918463828506789,4999.576182340112,11004.06,5985.9,0.004669922,372.3563,0.005152344
228.24662227429036,0.0006123723457988126,5678.3563461662,11180.94,5618.671,0.00488086,384.5332,0.005359375
220.5840746824928,0.0004464263876374885,5153.550722515213,11074.56,5899.38,0.00497461,380.047,0.005464844
214.52872510062673,0.0019041237810073566,5968.206773811485,11280.92,5306.558,0.004486328,340.3119,0.005125
242.20704589751801,0.0006953553293404037,5346.519087424117,11245.03,5941.038,0.004841797,396.0692,0.005345704
226.5845212410163,0.0006911301476774604,5536.835419709013,11262.98,5729.544,0.004841797,365.3065,0.005316406
224.33706773715195,0.0017824977242557843,4831.453713585734,11036.1,6207.007,0.004654297,374.279,0.00519336
235.69042442678216,0.001913542304207959,4967.573340137103,11080.96,6141.636,0.00459375,390.3012,0.005109375
218.24322232481134,0.001804431416982967,5079.185829619808,11151.46,6019.867,0.004669922,370.4337,0.005183594
258.8562394915419,0.0005547009026714525,5140.392485290487,11139.29,6016.022,0.00490625,382.6105,0.005419922
234.8159380266459,0.001835947750641611,5753.088688456726,11166.2,5400.769,0.004699219,409.5279,0.005167969
236.0461432416902,0.0004825430198603608,5315.049059783491,11154.03,5925.657,0.004947266,358.8976,0.0054375
221.8031573232114,0.0005028602487832742,5067.091435938645,11181.58,6092.288,0.004931641,379.4061,0.005410157
230.61945284347098,0.0006544588225865363,5534.208585595654,11324.5,5746.849,0.004841797,374.9199,0.005384766
226.13532193251172,0.0007690110541710899,6076.245081441766,11436.66,5361.034,0.004796875,371.0746,0.005314454
257.8350772361927,0.0009351510653033572,5639.951245695848,11208.5,5527.024,0.004705078,396.0692,0.005232422
216.20701762798257,0.0005542401740399878,5086.296679591265,11104.04,6070.498,0.004916016,378.7652,0.005400391
217.21445740651416,0.0005155548695027067,4539.210503900447,10961.76,6426.832,0.004873047,363.3839,0.005326172
230.3840849992716,0.0005310704343781817,5764.362976735106,11302.71,5531.51,0.004898438,394.7874,0.005404297
224.97374353375926,0.0006885987312265635,5965.035982709438,11311.69,5300.791,0.004853516,378.1243,0.005351563
248.70120353203075,0.0008503733063980451,5077.260292047603,11115.57,6008.972,0.004671875,376.8426,0.005136719
222.09599586808744,0.0017450915854885368,5744.441617275496,11187.35,5521.256,0.004746094,372.9972,0.005257813
250.09982428411988,0.0006072224670693899,5567.957714320963,11227.09,5669.301,0.004841797,381.9697,0.005347657
234.5704589704215,0.001882544119142279,5849.572637324839,11356.55,5503.952,0.004667969,388.3785,0.005154297
243.38856747034347,0.0005832333014514096,4987.095937744645,11048.28,6073.061,0.004839844,411.4505,0.005328125
223.77725090429732,0.0006132269559726848,4430.779898405437,10984.19,6518.479,0.004707031,375.5608,0.00513086
258.14628917922636,0.0005835212678211522,5266.730805168079,11214.27,5908.353,0.004837891,387.0968,0.005320313
230.67960802758802,0.0006230404262675895,5359.172738421354,11221.32,5893.612,0.004884766,385.1741,0.005447266
250.42035366164657,0.0004869077066077716,5510.7722130606135,11153.39,5699.423,0.004931641,379.4061,0.005417969
240.05830199504152,0.0004566138552916945,5170.3404117655355,11152.1,6019.867,0.004898438,385.1741,0.005402344
221.34137093582734,0.0018666990582757875,5772.685571865779,11222.6,5499.466,0.004685547,382.6105,0.005246094
223.82480689026764,0.0004956742945935742,4961.509011944032,10934.2,5986.542,0.004929688,357.6159,0.005419922
232.73771827111162,0.0008555204582249789,4751.423769698225,10989.96,6278.146,0.004640625,403.7599,0.00515625
224.00437614204657,0.0008055070453302911,5070.856428833162,11077.76,6043.58,0.004667969,392.8648,0.005214844
253.17532640324742,0.0006189609621750922,5297.826783602256,11221.96,5941.038,0.004810547,376.2017,0.005291016
237.2577714043872,0.0005966647113172886,5009.179734513647,11080.32,6076.266,0.004853516,385.815,0.005292969
216.65895113029902,0.0018434932287540004,5608.270698514097,11220.68,5625.08,0.00453711,365.9474,0.005033203
242.1171056595158,0.0005291095424229294,4705.939770781284,11096.99,6355.693,0.004873047,394.7874,0.005361328
232.42820492167837,0.0004668105227367623,5412.590763768468,11184.79,5775.688,0.004960938,377.4834,0.00546875
241.1519362049398,0.0007675761569180005,4238.089238809236,10827.81,6679.982,0.004650391,372.9972,0.005111328
254.3153382722641,0.0020450893566665066,5377.120572068906,11186.71,5801.965,0.004445313,390.9421,0.005048828
250.16024491429746,0.0017076462765811917,5839.917562103159,11289.9,5323.862,0.004728516,390.3012,0.005242188
241.86129086162163,0.0006812874410857061,5049.001657126252,11214.91,6135.868,0.004841797,392.2239,0.005316406
228.20643188833077,0.00048277170316538324,5487.643694218486,11310.4,5846.828,0.00497461,379.4061,0.005460938
249.42705998683772,0.0005341281008059459,5335.7168685065,11155.95,5814.783,0.004900391,380.6879,0.005361328
224.46771567470546,0.0006188925625262761,5539.014428439094,11247.6,5726.34,0.004896485,392.2239,0.005427734
223.40348156553296,0.0004983913539641602,4634.693770620745,10875.88,6153.172,0.004916016,379.4061,0.005373047
246.38838357968777,0.0018261020829626149,5108.799353522032,11198.89,6071.138,0.004642578,397.9919,0.005205079
225.70541600154738,0.0006535423102277902,4722.372159541729,10895.11,6241.615,0.004675781,377.4834,0.005109375
237.876535820722,0.0017881301880416252,5982.618030175989,11329.63,5317.454,0.0046875,368.511,0.005277344
248.97436834414242,0.0005219468260125294,5301.993629911624,11166.84,5859.004,0.004826172,400.5554,0.005345704
237.7188699433387,0.0005171540144133506,5459.020638969487,11314.25,5837.855,0.004916016,393.5057,0.005457032
236.17696023553117,0.0005621474026156278,5231.088720057491,11130.31,5905.79,0.004957031,389.0194,0.005439453
235.23989460891437,0.0005828205273554861,5755.408574197557,11191.2,5407.819,0.004869141,381.3288,0.005435547
213.64475006908603,0.0007020979458593594,4570.516331986506,10964.96,6550.523,0.004751953,385.1741,0.00528125
232.46173738742655,0.0004885325579909613,4638.680526274433,10966.89,6242.256,0.004873047,371.0746,0.005361328
246.55499274758043,0.0007212573983691553,5597.502966298339,11248.24,5663.533,0.004826172,391.583,0.005320313
231.5427054608476,0.001981177529511197,4710.935918083463,11096.99,6325.571,0.00444336,371.0746,0.005080078
248.1288188270391,0.0018609976169418536,4775.651701129599,11012.39,6287.759,0.004658204,383.2514,0.005154297
228.65658773863836,0.0006653516986747967,5445.888630036401,11247.6,5710.318,0.004841797,383.8923,0.005296875
235.16844320828403,0.0007114295589734194,4795.530125408575,11039.95,6319.163,0.004794922,403.7599,0.005240235
245.6758156220541,0.0005461565867629751,5296.104456529981,11158.51,5877.59,0.004873047,390.3012,0.005376953
241.6132536713955,0.0005995313783256245,5317.934965229494,11119.42,5796.197,0.004830078,385.1741,0.005351563
247.17215857694057,0.0006627544040106091,5622.462410887028,11325.14,5701.987,0.004822266,403.7599,0.005376953
228.05890966095606,0.0005490838636595161,5273.574326511962,11243.75,5930.143,0.004898438,388.3785,0.005390625
234.9033224380044,0.0006048809102339444,5881.346688374749,11210.42,5380.26,0.004855469,385.1741,0.005328125
232.30078627413062,0.0008130757754428997,5439.286390404742,11160.44,5725.699,0.004740234,371.7154,0.005210938
251.3329738698322,0.0005763042966805852,5406.534866874928,11229.01,5760.307,0.004900391,379.4061,0.005423828
235.5425413338836,0.0007279301354235542,5257.155995549339,11233.5,5950.652,0.004841797,396.7101,0.005333985
223.7478686039535,0.00043882401532752157,4913.213795786302,11062.38,6077.547,0.004855469,352.4888,0.005363281
248.66385364944048,0.0005921706408741842,5464.806902946978,11210.42,5708.396,0.004882812,394.1465,0.005351563
224.71741073621044,0.0018551152926987538,5684.6704577052915,11296.94,5633.412,0.004697266,399.9145,0.005199219
245.301820785228,0.0006950302993512653,4998.582021009248,11002.14,6009.613,0.00475,382.6105,0.005240235
231.33107719699774,0.0006046496250526653,4889.944242410708,10993.8,6139.073,0.004681641,365.3065,0.005126954
252.8533964683792,0.0005986074772764601,5732.173099215909,11215.55,5522.538,0.004925781,385.815,0.00541211
239.80940763028528,0.0005656717021049899,5212.496035661633,11140.57,5927.58,0.004798828,389.6603,0.005273438
230.40161690931623,0.0019804806261768696,5341.909448517699,11061.1,5696.859,0.004472657,370.4337,0.005085938
246.539988630447,0.0017752048122959263,5234.727458851224,11132.88,5912.198,0.004658204,383.8923,0.005132813
226.37154366492018,0.00195879648976588,5319.269720626987,11120.7,5807.733,0.004476563,364.6656,0.005085938
246.63494670566567,0.0006564220491340637,5453.955588447543,11174.54,5699.423,0.004826172,394.1465,0.005333985
234.4705909086328,0.0005038968238318119,5187.691637811817,11191.2,5966.674,0.004900391,372.3563,0.005388672
221.82225261646448,0.0005486226027580386,5450.36102687314,11127.11,5591.113,0.004900391,375.5608,0.005390625
216.08906097547512,0.0004540953922688166,5429.486505561687,11225.17,5841.701,0.004945313,377.4834,0.005486328
232.03785476778222,0.0007057962315758935,5888.3223085864265,11267.46,5471.908,0.004828125,414.655,0.005363281
245.9100364746908,0.0007141107876268998,5559.369363659939,11302.07,5712.241,0.004871094,385.1741,0.005376953
246.0227018563344,0.0005693686255543686,5864.54458383466,11330.27,5418.714,0.004841797,365.9474,0.005322266
237.79756712207413,0.0019399848202394912,5270.117818623696,11077.12,5760.948,0.004501953,390.9421,0.005080078
244.8357223527084,0.0007129971293277248,5166.422499600348,11159.79,5962.187,0.0048125,392.8648,0.005306641
241.60548593115436,0.0018333425785230116,4739.302881010768,11023.29,6324.29,0.004689453,387.7377,0.005181641
237.78994465664834,0.00047250976673479,4837.528041327315,11044.43,6193.548,0.004783203,371.7154,0.005310547
247.0311538625868,0.0006381355193256491,5324.404392477796,11230.29,5929.502,0.004810547,373.6381,0.005269532
238.3604631453791,0.0005947347985200931,6305.329430409969,11557.79,5252.083,0.004875,371.7154,0.005511719
246.4209657649456,0.0019053512833144529,4929.93837128068,11050.2,6140.354,0.004640625,387.7377,0.005136719
245.0175008655632,0.000643669176737013,5998.207128155284,11338.6,5421.918,0.004826172,395.4283,0.005367188
234.56913795512736,0.0004057259672998831,4025.600275802256,10829.74,6661.397,0.004902344,369.1519,0.005373047
228.21572961358456,0.0004612628806688764,5321.8281718973885,11233.5,5891.049,0.004945313,385.815,0.005451172
247.84096525412454,0.0007876581756134333,6045.726531947282,11420.0,5361.675,0.004828125,411.4505,0.005308594
245.81193780738286,0.0019614705992476848,5700.601869911688,11310.4,5587.908,0.004490234,383.2514,0.00497461
228.8036848408003,0.0007047858240540055,5414.992646348597,11270.03,5846.187,0.004796875,396.0692,0.005292969
225.00021385475424,0.0007285070380548156,5038.165062519027,11003.42,5913.48,0.004871094,379.4061,0.005347657
235.84475533591498,0.001789929335963941,5024.793517853253,11178.38,6131.382,0.004669922,390.9421,0.005150391
221.23769192446275,0.0005642575502921308,5047.60852312434,11094.42,6043.58,0.004841797,367.2292,0.005314454
226.47283359266478,0.0006079229772127258,5238.654268917479,11170.69,5918.607,0.004857422,397.9919,0.005375
226.52027052953335,0.0005448265689507667,5708.1841735908665,11232.21,5532.151,0.004857422,389.0194,0.005367188
221.1748856583232,0.0004658942986951789,5534.682796511312,11219.4,5696.859,0.00497461,385.815,0.00540625
241.0362627234568,0.0005891652161415493,4904.993047212387,10938.69,6048.066,0.004882812,385.1741,0.005441406
256.62743361494074,0.00043706826421740174,5025.47982614455,11131.6,6092.288,0.00497461,385.1741,0.005455079
218.34363831444088,0.0006155521897399461,5728.135106204201,11170.05,5400.769,0.004808594,381.9697,0.005294922
256.6756288832453,0.0006946848804888305,5182.622078629212,11172.61,5992.95,0.004835938,390.3012,0.005341797
235.6007831364475,0.0006729988765706502,5070.6732216935925,11067.51,5998.718,0.004794922,380.6879,0.00525586
219.89843133626383,0.0004007505552025707,5264.382194361434,11209.14,5940.397,0.00494336,372.9972,0.005417969
233.09856940314646,0.0006067587716087562,5260.801988562346,11249.52,5961.546,0.004917969,367.8701,0.005449219
244.36027073858295,0.0004838705392925488,5636.296601756546,11187.99,5525.101,0.004960938,394.1465,0.005494141
228.61919805511454,0.0005405302472337318,5858.1516827362875,11198.25,5336.039,0.004990235,367.2292,0.005425781
221.10194901923327,0.0005722345821254829,5464.221059779512,11163.0,5719.932,0.004857422,380.047,0.005361328
245.02684258278865,0.0005880088394865246,4605.6455716632745,11019.44,6398.632,0.004859375,367.8701,0.005292969
229.50797031903724,0.000564959580817233,5865.23910298974,11161.72,5365.52,0.004869141,368.511,0.005326172
214.8048141146387,0.0008640317245271363,5342.989248935367,11107.88,5739.158,0.004650391,369.7928,0.005125
242.3674928239803,0.0006261301062804084,4990.946325314117,11177.74,6160.863,0.004767579,358.8976,0.005277344
248.80695382960903,0.000696286665389571,6150.65287718824,11512.28,5293.741,0.004810547,383.2514,0.005390625
234.13869639246494,0.0006636380040523845,5509.97638511157,11200.81,5694.937,0.004853516,374.279,0.005300782
228.04634531978022,0.0005278377781189974,5572.829735088971,11284.13,5732.108,0.004916016,367.8701,0.005410157
233.94565123957662,0.0007156455669037172,4786.421001407656,10921.38,6141.636,0.004794922,389.6603,0.005314454
239.60590767667162,0.00042291242028522574,5409.643245388011,11191.2,5846.187,0.004945313,373.6381,0.005417969
225.81187710736612,0.0005348948734652927,5931.10759204296,11403.33,5446.272,0.004929688,391.583,0.005583985
248.98140845204296,0.0019455779256029057,5353.206162391578,11198.89,5878.872,0.00447461,394.1465,0.005044922
245.80914159442017,0.0007060821186682382,5471.6673428562635,11237.34,5763.512,0.004808594,384.5332,0.005335938
246.10130807980036,0.0006518359776157312,4616.34213366291,10989.32,6355.052,0.004792969,397.9919,0.005316406
247.05971038075634,0.000722529993480217,5508.016485720214,11082.25,5560.991,0.004798828,385.1741,0.005285156
237.79514711062808,0.000613838964782463,4810.099751446664,11055.97,6232.643,0.00469336,403.119,0.005240235
237.16636346388213,0.0006388195226546021,5951.332931268679,11276.44,5324.503,0.004845703,382.6105,0.00534961
235.8194306601431,0.0003705651618443011,5570.849766262737,11192.48,5662.251,0.004914063,425.5501,0.005439453
238.71338496306134,0.0005644349140920136,5381.285769796177,11250.8,5864.131,0.004857422,377.4834,0.005365235
236.11895568124265,0.0008086686458478522,5737.485807247755,11278.36,5531.51,0.0046875,389.6603,0.005232422
243.13062817284978,0.001822250246196869,5350.688405594503,11169.41,5801.965,0.004660157,378.7652,0.005166016
256.4361614374438,0.0007310432701163,5972.163395958476,11394.36,5386.028,0.00484375,385.1741,0.00538086
251.21210964822595,0.0005835931522904132,5459.674014795337,11209.14,5748.771,0.004886719,398.6328,0.005382813
250.32587905623,0.0006219444673077967,5328.721853941634,11248.88,5912.198,0.004898438,381.9697,0.005425781
237.59466312317358,0.0006780511953781831,4934.7042671374475,11119.42,6173.681,0.004792969,364.0247,0.005287109
240.21145461170056,0.0019663002086845447,5974.164144718506,11335.4,5334.117,0.004492188,396.7101,0.005136719
245.4903499205503,0.0007058932730033101,5162.726622619805,11184.15,6000.0,0.004814453,389.0194,0.005367188
245.64030502629603,0.0005593195422241863,5699.804450123226,11337.96,5643.025,0.00494336,367.2292,0.005492188
249.1259271989099,0.0005993369060708512,4829.714792411213,11093.78,6251.229,0.004826172,367.2292,0.0053125
228.6852779278361,0.0005974872550148487,4962.224810931812,11184.79,6133.945,0.0048125,370.4337,0.005361328
236.25333483814188,0.0005700939148065015,5201.094541191661,11205.94,5985.26,0.004857422,380.047,0.005361328
222.23236180238345,0.000586791802804795,5101.928336827882,10976.5,5879.513,0.004902344,380.047,0.005402344
241.6031363474012,0.0007899972101629858,5089.817015447216,11166.84,6035.89,0.004650391,388.3785,0.005214844
249.2973513320144,0.0005850202846326049,4439.800349495666,10945.74,6271.737,0.004753906,388.3785,0.005298828
240.89930338061245,0.0006388060285330183,4823.584709477694,11038.67,6210.852,0.004646485,382.6105,0.005136719
234.43493961218604,0.0007148905691730729,5093.714160857561,11179.66,6041.657,0.00478125,374.279,0.005259766
223.94034763049885,0.0007866520195995802,5540.625663995623,11186.07,5667.378,0.004740234,372.9972,0.005300782
247.16923203931037,0.0007046406917713592,5390.072070277399,11193.12,5814.142,0.004810547,392.2239,0.005283203
241.59460892362577,0.0004913566999115019,5417.219572255757,11284.13,5870.54,0.004947266,381.9697,0.005480469
252.20066221161437,0.0007005011244339716,4842.8406887080955,11107.24,6253.151,0.004796875,365.3065,0.005244141
218.9983039277022,0.0004155976349205713,5471.645433782011,11142.49,5674.428,0.004900391,364.0247,0.005390625
226.41057758081362,0.0006804886689996065,5587.61640689756,11142.49,5552.019,0.004871094,381.9697,0.005351563
237.139499785904,0.0006813654732208498,5690.253974670928,11194.4,5618.671,0.004767579,381.9697,0.005306641
242.55405392195652,0.0008534987516755597,4911.541113856401,11033.54,6112.796,0.004673828,387.0968,0.005152344
230.63782534272968,0.0008733641605935762,5862.328666172098,11325.79,5518.692,0.00472461,379.4061,0.005216797
246.25578911944496,0.0006825075483447543,4968.128725403266,11081.61,6114.078,0.004826172,406.3234,0.0053125
252.44004304831148,0.0020206230532414876,5429.982735537094,11238.62,5839.777,0.004445313,372.3563,0.004931641
249.42725457627796,0.0006770519058844056,4751.705649514567,11036.74,6222.388,0.004771485,383.2514,0.005285156
217.96958874392408,0.0019274981459668438,5653.224701054505,11228.37,5591.754,0.004490234,366.5883,0.005085938
243.0596947342127,0.0004168727406778902,5103.180947108057,11138.65,6028.199,0.004931641,383.2514,0.005421875
246.90336596947833,0.0007103572463063135,5457.183430402641,11246.32,5802.606,0.004765625,398.6328,0.005318359
226.92617319719423,0.0006061552007382604,5600.224609654075,11114.93,5543.046,0.004873047,401.1963,0.005382813
228.01088455234338,0.001863582566468152,5055.9442968415215,11094.42,6014.74,0.004644531,384.5332,0.005148438
243.03063584282023,0.0005189492866930438,5117.125873252113,11164.28,6071.138,0.004958984,374.279,0.005435547
255.1711979125043,0.0007100936586464472,5511.447148332876,11184.15,5681.478,0.004808594,383.2514,0.005257813
241.86247937050683,0.000511505194369186,5464.6711043764235,11156.59,5645.588,0.004927734,391.583,0.00540625
243.27327066364498,0.0007677511409869162,4698.438085223332,11021.36,6253.151,0.00469336,383.8923,0.005146485
225.23146094477934,0.0005245923573817798,5657.299405460192,11234.14,5600.085,0.004931641,374.279,0.005417969
230.77487198642848,0.0006035952695580286,4981.074649064653,11118.14,6147.404,0.004859375,394.7874,0.005394531
249.2126660341054,0.0006916374885758893,5351.447824549743,11160.44,5812.86,0.0048125,375.5608,0.005296875
246.80432117784045,0.0005803919457070099,5081.1106839510085,11123.26,6058.961,0.004869141,376.2017,0.005365235
248.08005797159223,0.0006782514804651474,5021.69679720218,11161.08,6119.846,0.004785156,421.0639,0.005322266
244.98691108043303,0.0005832617821498833,5444.550221706522,11143.77,5559.709,0.004867188,383.2514,0.005388672
227.91889080453484,0.0007555454617705253,5388.599014664859,11145.05,5764.153,0.00484375,375.5608,0.005353516
217.68716503613763,0.0006214155415731136,5365.379849928455,11109.16,5659.688,0.004841797,380.047,0.005302735
246.32017904119272,0.0007085465126934257,5573.224782226121,11235.42,5647.511,0.004839844,397.351,0.005345704
229.1714527803588,0.0004909555463276777,5237.855287572467,11143.77,5918.607,0.00500586,369.7928,0.005480469
229.58821861983304,0.0005701943846119573,5132.682558455523,11138.0,5983.978,0.004898438,384.5332,0.005341797
243.58169178361814,0.0006099320634630675,5316.041071687817,11182.87,5851.313,0.004869141,387.0968,0.005392578
230.70264998411838,0.0005721219015188966,5627.884781688735,11312.97,5659.688,0.004826172,387.7377,0.005322266
250.00818912472866,0.0019271103279591192,5363.6007528865475,11241.83,5903.226,0.004449219,415.2959,0.004976563
239.49087670758183,0.0005860308301196506,4510.194510210339,11055.97,6542.191,0.0048125,379.4061,0.005300782
212.90522485106845,0.0005984136815059616,4800.537555949296,11020.72,6246.101,0.004796875,356.975,0.005310547
240.55651377878254,0.0006208690204956657,4669.97140444907,11067.51,6422.986,0.004722657,385.815,0.005285156
223.4347059094922,0.0007230005682854337,5471.619816061635,11145.69,5559.709,0.004779297,370.4337,0.005335938
214.9946344174221,0.0006175849457440394,4540.932388106279,10984.19,6447.34,0.004814453,371.0746,0.00528125
250.04559936626939,0.0006662590182994592,5352.065241955123,11170.69,5805.811,0.004810547,382.6105,0.005302735
233.41989443015555,0.00043985959323699145,5607.209923093883,11264.26,5669.301,0.004882812,360.8203,0.005376953
221.2659307277729,0.0007294527176851936,5257.506488520715,11068.15,5809.015,0.004751953,400.5554,0.005261719
243.38502954824926,0.000613239357330099,5538.249349412344,11225.81,5660.97,0.004851563,400.5554,0.005351563
213.7467241932888,0.0003782116034374429,5169.30572026008,11205.3,6051.912,0.004927734,388.3785,0.005423828
225.16817929751323,0.0006896598967058179,5229.781078073529,11124.55,5923.734,0.004826172,379.4061,0.005273438
239.1643326337644,0.0005746663014842248,6073.869991627632,11411.02,5281.564,0.004894531,364.6656,0.005486328
236.10881403612092,0.0004104364044812487,5060.661843528744,11124.55,6073.061,0.00494336,374.279,0.005369141
239.48493191169896,0.0006507392440018035,4656.772429149101,11015.59,6359.539,0.004771485,397.351,0.005332031
251.69161033882182,0.0005162112069617392,4790.826760487545,11064.94,6274.3,0.004949219,403.7599,0.005455079
242.23218226575742,0.0006738371260446122,5177.7501031243255,11118.78,5933.988,0.004871094,389.0194,0.005328125
211.59767501824004,0.0006057401352543528,5034.412137865342,11164.92,6143.559,0.004884766,360.8203,0.00540625
243.9992803942715,0.0005823326824396899,4836.084763106506,11114.29,6276.223,0.004900391,398.6328,0.005373047
248.7413080573819,0.0006262578755355758,5428.220682759541,11227.73,5830.165,0.004798828,380.6879,0.005328125
240.4648017459785,0.00043317958885256085,4844.27255701106,10956.63,6148.686,0.004855469,378.1243,0.005289063
255.0197619136589,0.0005953810957800709,5399.036391925364,11238.62,5847.468,0.004884766,394.7874,0.005392578
248.22218938961933,0.0006528116500215347,4862.165424607544,11007.9,6199.316,0.00466211,376.8426,0.005173828
212.2451223888637,0.0007488379422444121,5125.811689366057,11060.46,5966.674,0.004763672,365.3065,0.005314454
232.32814639611115,0.0007544621493707072,4529.034482151503,11030.98,6458.235,0.004681641,377.4834,0.005144531
252.31657820554295,0.000732611401871513,4969.105358342318,11064.94,6023.712,0.004808594,392.2239,0.005328125
239.19986620570958,0.0007893581564549592,5142.558810896565,11217.47,6007.05,0.004644531,389.6603,0.00515625
234.0801794738453,0.0006669865364656015,5575.902735723651,11272.59,5666.097,0.004859375,382.6105,0.005371094
209.03056962007923,0.0006370267183828654,5420.609205677759,11236.7,5846.828,0.004828125,360.1794,0.005291016
226.40140323074678,0.0009061959248092303,5463.83492489879,11187.99,5755.18,0.004669922,389.0194,0.005185547
247.18196317672522,0.0006994558566763871,5303.783431180869,11201.45,5881.436,0.004828125,378.1243,0.005345704
252.19072255792716,0.0006498981812521552,5582.407311332492,11250.8,5635.334,0.004869141,371.7154,0.00538086
235.70868964901058,0.001870044181242364,5170.391548283508,10986.11,5826.319,0.004683594,386.4559,0.00516211
245.1631029681384,0.0005548342551175484,4564.863533250126,11023.29,6579.363,0.004783203,383.8923,0.005287109
244.83785363147285,0.0007217521372175083,5747.247032234449,11328.99,5531.51,0.004839844,405.0416,0.005355469
245.81569898531998,0.0018905937185513602,5492.383028638528,11298.87,5775.048,0.0046875,387.7377,0.005181641
242.4061681609809,0.0006825342354366996,5179.009812711611,11170.69,6002.563,0.004841797,406.3234,0.005361328
256.5773150009562,0.0018962270593082785,5576.91198574699,11197.61,5603.29,0.004757813,397.351,0.005318359
243.77977700475262,0.0006210526620555838,5476.245526170114,11195.04,5685.324,0.00484375,399.9145,0.005351563
220.4524025171268,0.0005833235584084687,5001.439844217377,10988.04,5979.491,0.004900391,396.7101,0.005388672
245.85783595742106,0.0006359355406541846,5440.4921355532615,11168.77,5743.003,0.004871094,410.8096,0.005345704
251.72815498649186,0.0007347860197321673,5425.635293141989,11183.51,5762.871,0.00475,383.8923,0.005228516
257.98305697245064,0.0019904088280226586,5314.807276873041,11238.62,5946.806,0.004445313,381.9697,0.004957031
250.65246340483137,0.0005805469572446079,5099.481977338619,11203.37,6077.547,0.004824219,366.5883,0.005371094
241.2163858785966,0.0006956717249146197,4921.369464035846,11049.56,6129.459,0.004783203,390.3012,0.005335938
223.08043125112522,0.0007865968656056772,5530.650160583595,11219.4,5691.091,0.004738281,381.3288,0.005263672
239.3863973073708,0.0007463425879409677,5841.42032163935,11374.49,5518.052,0.004732422,398.6328,0.005271485
235.5226024545915,0.0006323901731436695,5157.846406482617,11002.78,5845.546,0.004929688,368.511,0.00540625
251.39392716528167,0.0004673570588798655,5139.089892037932,11169.41,6027.558,0.004814453,403.7599,0.005287109
243.92784383365486,0.000650286655472668,5349.320856568427,11194.4,5857.723,0.004826172,385.815,0.005304688
235.35317583146477,0.0006291291631701655,5029.6904611706905,11168.13,6139.714,0.004886719,388.3785,0.005388672
244.83273810045196,0.0006072247720146061,5035.633566978562,11071.35,6045.503,0.00494336,385.815,0.0055
221.7431615287311,0.000918378017118061,5278.8426234463905,11136.72,5858.364,0.004689453,378.1243,0.005166016
213.8268122091227,0.000915169435696828,4785.237241796056,11102.76,6312.113,0.00466211,365.9474,0.005228516
241.48806164193937,0.000581775224039438,6162.018451367784,11421.28,5289.895,0.004914063,382.6105,0.005410157
231.86191174554693,0.000822843478477755,5146.98170677365,11071.35,5977.569,0.004677735,376.2017,0.005181641
242.54966558910897,0.0007444777594332076,5211.36929313896,11149.54,5910.917,0.004796875,387.7377,0.005304688
244.97035325102496,0.0006258270641566693,5847.405077393991,11344.37,5503.952,0.004841797,384.5332,0.005398438
234.0526839221099,0.0006637861563726143,5554.637047511252,11202.73,5641.743,0.004826172,382.6105,0.005365235
243.49460908596524,0.0006393512134872468,5467.7237521045645,11284.77,5780.175,0.004841797,394.7874,0.005400391
236.38558813068727,0.0005601334346588477,4567.63459807155,10958.56,6383.251,0.004708984,381.9697,0.005181641
240.45886222971225,0.0004922891627649602,5140.502168297446,11200.81,6062.807,0.004960938,371.7154,0.005453125
250.68635513453066,0.00057507129527995,4519.187176464051,10988.68,6469.771,0.004888672,387.7377,0.005404297
242.97262774398254,0.0005086486774857381,4958.434822501962,11134.16,6182.653,0.004962891,381.9697,0.005449219
226.48307110936616,0.0004741438211464806,4256.249919361642,10843.84,6558.214,0.004900391,371.0746,0.005388672
245.61311009196837,0.0005994648402913469,5607.813620287581,11232.86,5650.075,0.004826172,385.1741,0.005285156
220.8726889248462,0.0005691385024693377,5045.542828486819,10983.55,5928.22,0.004720703,367.8701,0.005179688
225.46857799903344,0.0004850401812484945,4700.6183343509165,11038.03,6299.936,0.004931641,388.3785,0.005408203
240.16868714237552,0.0005638099576085846,5864.79753443585,11288.61,5405.896,0.004886719,379.4061,0.005363281
237.8349115875889,0.00034058514893929077,5027.561350737257,11016.88,6016.022,0.004900391,380.6879,0.005359375
243.3445458260996,0.0004578130853411463,4828.900773143839,11001.5,6210.852,0.004798828,387.7377,0.005240235
244.53502915105474,0.000672966335410402,5821.9815513577605,11270.67,5457.808,0.004826172,390.3012,0.005318359
231.3931398705881,0.0006096025312521281,5213.183225686795,10997.01,5758.385,0.004884766,384.5332,0.005388672
227.15113245406945,0.0008385530524690552,4969.316641399011,10952.15,5986.542,0.004667969,380.6879,0.005134766
232.6401990272066,0.0007042579568469192,5314.445007638954,11222.6,5898.739,0.004796875,379.4061,0.00534375
241.63808021462327,0.0005182647584124327,4664.2715293978035,10993.8,6333.903,0.004884766,407.6052,0.005375
263.8427386436636,0.0005988846216201479,5559.822710816971,11275.15,5684.042,0.004869141,395.4283,0.005390625
231.13195402900428,0.001766021089456468,5505.072507624333,11225.17,5678.915,0.004658204,383.8923,0.005199219
220.08059124589028,0.0004938044488222318,4593.8630692737,11048.28,6359.539,0.004830078,396.0692,0.005271485
250.85055690754515,0.0005414022704687611,5502.852373069432,11075.2,5573.168,0.004916016,371.0746,0.005400391
226.5146177620344,0.0004343134732303187,5152.51011801224,11140.57,6001.923,0.004900391,387.0968,0.00544336
224.33242497570487,0.000540338515390345,5879.814282398126,11384.11,5457.808,0.004871094,369.1519,0.005414063
245.280931873805,0.000671898728200595,5550.504186981364,11100.19,5525.742,0.004884766,385.815,0.005376953
246.59673273199476,0.00044195792403823274,4754.272885680088,10954.71,6088.442,0.004900391,395.4283,0.005390625
235.45193710525325,0.0005626492956679346,4697.452012843483,10936.77,6273.019,0.004707031,390.9421,0.005181641
239.94068672310974,0.0006155313275066576,5924.266963011216,11343.73,5513.565,0.004945313,405.6825,0.005482422
242.48388170128925,0.0005271439708805037,5332.623360634907,11030.33,5713.522,0.004916016,384.5332,0.005355469
226.3401130061452,0.0006962681725839339,5913.334397360276,11278.36,5328.99,0.004855469,405.6825,0.005400391
233.23367260197452,0.0006185999639902668,5453.042808226888,11068.79,5577.014,0.004826172,387.7377,0.005298828
220.94361919297032,0.000679626320585172,5839.613637853167,11206.58,5358.47,0.004900391,374.279,0.005402344
221.63978210872767,0.000670085971036645,5852.110698966746,11181.58,5351.42,0.004853516,376.2017,0.005332031
237.52448984836488,0.0006186768112171897,4673.662063516367,10827.17,6246.742,0.004857422,381.9697,0.005283203
240.3074748544351,0.0018900916797486066,4574.22428795465,11043.79,6542.191,0.004599609,388.3785,0.005041016
238.69272591426872,0.0005025477457935337,5229.228887656073,11110.45,5907.712,0.004900391,379.4061,0.005408203
234.60390553058977,0.0008354224026364891,5692.645302179028,11275.15,5574.45,0.00484375,360.8203,0.00553125
232.25530416107563,0.0006166714893373659,5552.748136715463,11310.4,5750.053,0.004925781,393.5057,0.005410157
229.02253051814077,0.000635968355720018,5397.474469018751,11186.71,5775.688,0.004839844,386.4559,0.005365235
246.83968946897312,0.0005840402487704644,5659.442992589302,11246.32,5582.141,0.004826172,392.2239,0.005332031
255.96888640828752,0.0005662778678504685,5506.187836461585,11301.43,5671.865,0.004839844,399.9145,0.005316406
240.1499465556899,0.0005882230446530023,5291.409617547146,11266.18,5977.569,0.004869141,382.6105,0.005361328
236.03199401801916,0.00055573026531816,4791.193928974555,10960.48,6085.879,0.004900391,372.9972,0.005355469
236.45028260239516,0.0018426366226793349,5041.046648878465,11083.53,6023.072,0.004626954,363.3839,0.005107422
231.32322125395305,0.0007213906667947145,5539.205163892434,11209.14,5688.528,0.004886719,374.9199,0.005382813
216.11645949679973,0.0006760521724098654,5567.848926543119,11139.93,5493.057,0.00478125,383.8923,0.005267578
232.49599160725214,0.0006208476137881953,4622.750008018501,11035.46,6359.539,0.004814453,375.5608,0.005259766
229.0468682650457,0.00064229668020119,5901.232246287274,11260.41,5325.785,0.004853516,373.6381,0.005335938
249.54565603793307,0.0007724240325525836,4973.455987706316,11091.22,6150.608,0.004779297,389.0194,0.005314454
243.85983772649143,0.0006598755689632439,5333.085409071817,11184.79,5844.905,0.0048125,383.8923,0.005292969
220.2397048348079,0.0005806389663315195,6036.917805152517,11348.86,5301.431,0.004857422,401.8372,0.005363281
215.70997311931393,0.0006479179193702846,5169.871638587756,11144.41,5891.049,0.004824219,378.1243,0.005300782
240.4448040802911,0.0007314113266069885,5875.821680394442,11364.88,5423.2,0.004664063,409.5279,0.005171875
248.38677472887812,0.0007652391923374531,4898.701166164076,11129.67,6245.46,0.004632813,385.815,0.005195313
250.54369963793576,0.0018453757832723528,5069.161119548809,11136.72,6092.929,0.00465625,416.5776,0.005121094
240.74069007892655,0.001918788766268261,5277.969636265803,11067.51,5826.319,0.004716797,415.9368,0.005195313
241.0599631528515,0.0007514448581187577,5249.384391451698,10988.68,5767.357,0.004738281,366.5883,0.005304688
221.8974597083577,0.0005749758382872993,5764.275848484876,11282.85,5503.311,0.004923828,385.815,0.005453125
229.90264648219264,0.00034794739638599795,4723.0950510942985,10983.55,6278.786,0.004900391,394.7874,0.00540625
230.42338141949455,0.0006031314918332446,5299.621433354164,11082.89,5779.534,0.004853516,383.8923,0.005375
247.04498367435585,0.0017897853610952877,5266.2310198018495,11145.05,5881.436,0.004597656,386.4559,0.005144531
242.18211563185514,0.0004724213965529672,5680.374401756058,11238.62,5571.886,0.004972656,396.7101,0.005482422
253.80042338410956,0.0018878893767165018,5600.02777776645,11237.34,5619.953,0.004714844,397.351,0.005275391
248.22474435287828,0.0019407124266859806,4754.674136130769,11012.39,6288.4,0.004398438,365.3065,0.004923828
243.35416194249677,0.0005652044403580697,4844.681903969928,11009.83,6108.31,0.004917969,387.0968,0.005404297
252.15180811791382,0.0006769593628763817,5440.58333668245,11196.33,5734.031,0.004828125,365.3065,0.005291016
256.99637077781773,0.000770457021649347,5162.936566972586,11179.02,5989.746,0.004753906,374.9199,0.005251953
257.8108295979408,0.0007363270261360873,5678.127275962925,11222.6,5560.351,0.004783203,378.7652,0.005308594
243.88377714997137,0.00045307976536290695,5160.236866324154,11172.61,6004.486,0.004914063,385.1741,0.005435547
240.91725788422025,0.0005722901085648385,5202.880504867603,11159.79,5917.325,0.004800782,378.1243,0.005332031
224.58026684326535,0.0005277674535146137,5220.660438502587,11171.97,5985.26,0.004917969,380.047,0.005392578
238.1243218115271,0.0005010029646920901,5589.497487933179,11163.64,5600.085,0.004931641,391.583,0.005402344
229.91314834952192,0.0005270926902540877,5504.023647105877,11207.22,5747.49,0.00494336,369.1519,0.005449219
252.7929461165276,0.000700232937193188,5238.611132618896,11213.63,5994.873,0.004857422,387.0968,0.005347657
212.81463909396166,0.0006285558194418522,5398.159672925902,11195.04,5795.557,0.004859375,369.1519,0.005347657
252.8404386786909,0.000536077979404326,5394.571014702596,11150.18,5736.595,0.004929688,408.2461,0.005408203
223.49632254276312,0.0006129129002079375,5367.809126424743,11157.23,5742.362,0.004925781,394.7874,0.005402344
240.53940418454755,0.0006992541013690679,5352.643136507364,11221.96,5859.004,0.004808594,381.9697,0.005371094
239.5849168276352,0.0005973064029233524,5595.657428118698,11212.99,5621.234,0.004931641,385.815,0.00540625
243.17449619119645,0.0016433867380906556,5346.09803006476,11168.13,5824.396,0.004708984,404.4008,0.005197266
229.45090270498915,0.0018246450550485614,5148.7690150274075,11216.83,6049.348,0.0046875,369.7928,0.005212891
245.55447266721944,0.0008020577506507344,5027.961493371814,11184.15,6121.127,0.004679688,394.1465,0.00521875
212.72131340204288,0.00048695276705851216,5238.97193260475,11027.13,5802.606,0.004957031,389.0194,0.005453125
243.94673692327277,0.0007011814052404305,4998.997656332948,11120.7,6171.117,0.004822266,392.8648,0.005302735
235.91904296334909,0.0006164047196189863,5322.339598535186,11207.22,5867.977,0.004783203,389.6603,0.005259766
225.18273261222473,0.000677090214798613,5064.184445261885,11121.34,6109.592,0.004792969,362.743,0.005248047
226.3067017038519,0.0019296138184346045,5420.961726229238,11056.61,5640.461,0.004431641,394.1465,0.004972656
248.1874700818959,0.0007818196710118225,4427.778224911714,10910.49,6482.589,0.004617188,364.0247,0.005097657
241.51921726933347,0.0019004666434949838,5801.134905934612,11314.89,5550.096,0.004699219,406.3234,0.00528125
239.00787551146738,0.0008590851091931221,5106.779899969654,11123.26,5996.795,0.004753906,363.3839,0.005314454
229.4203853521699,0.0018968967404396962,5091.367237315703,11173.89,6071.138,0.004640625,391.583,0.005140625
246.07283762130996,0.0007115530257554184,5026.196527546937,11070.71,6066.652,0.004773438,410.1688,0.0053125
256.9741703055428,0.00044061428398140304,5092.853141461078,11175.82,6124.973,0.004931641,402.4781,0.005423828
241.3406120246599,0.0005324465520162345,5056.666604726643,11098.91,6070.498,0.00491211,397.351,0.005390625
247.39751213490297,0.0018698298101671946,5239.994019524272,11179.02,5936.552,0.004701172,371.7154,0.005263672
241.09319909298875,0.0006445242258919177,5032.762587306644,11155.95,6087.161,0.004681641,367.8701,0.005166016
220.9542631393868,0.000768050169707169,5718.79521272327,11316.17,5595.599,0.004667969,389.6603,0.005199219
221.32942432145543,0.0006844855092424811,5325.715231380216,11129.67,5798.12,0.004796875,397.9919,0.005332031
239.97643352148887,0.0006114290713630523,5171.500094862865,11152.75,5968.597,0.004839844,394.7874,0.005365235
238.21799854629757,0.0005325709362484103,5130.274921177448,11113.01,6003.845,0.00494336,392.2239,0.0055
219.2025821494351,0.0006571549915862053,4959.326116093393,11084.81,6103.183,0.00484375,379.4061,0.005300782
242.35127605399438,0.0006328654707280302,5175.214254481913,11189.92,5992.309,0.004884766,364.0247,0.005347657
244.35232802269354,0.0006093557014609552,5046.338759644343,11119.42,6058.32,0.0048125,387.7377,0.005300782
233.25077627106276,0.0006237163531605815,4731.895762256448,11026.49,6242.256,0.004705078,362.1021,0.005142578
230.3705289273388,0.0007924883679459205,5528.855112658382,11212.99,5718.65,0.004695313,360.1794,0.00516211
216.6662995426048,0.0008498637200004284,5003.559039940412,11023.93,5943.602,0.0046875,376.8426,0.005126954
213.7192030628741,0.0005048851925737749,5264.400163932548,11031.62,5710.959,0.004900391,379.4061,0.005341797
226.41844877201862,0.0005866053597662984,5757.760798582572,11312.33,5544.969,0.004896485,364.0247,0.005404297
227.7665087974533,0.0005796375175259441,5143.983751307884,11106.6,5985.26,0.004900391,385.815,0.005398438
227.6110062084684,0.0005498688642497533,5632.499709808059,11336.04,5653.92,0.004947266,406.3234,0.005476563
252.69938268160422,0.0005499676292765645,5794.609314764181,11172.61,5417.432,0.004886719,373.6381,0.005390625
216.30930317307897,0.00041610261410918425,4655.455794672069,10948.94,6307.626,0.004783203,374.9199,0.005257813
252.45737149977597,0.0006166373736979583,5162.509680016326,11148.9,5980.773,0.004826172,385.1741,0.005300782
222.61175969301155,0.0018322602767290755,4992.193440622364,11083.53,6066.652,0.0046875,370.4337,0.005216797
233.93529414436364,0.0005780606224259192,4965.369928797313,11131.6,6161.504,0.004861328,394.1465,0.005361328
222.57277383271793,0.0006406731871967877,5262.68611685238,11138.65,5857.082,0.004828125,385.815,0.005316406
242.05431350409606,0.0008270612624450963,4967.88335634179,11079.68,6046.785,0.0046875,396.7101,0.005183594
218.6920821106861,0.0004982083872125299,5073.674306915324,11107.88,6044.862,0.00494336,377.4834,0.00544336
222.10855950300788,0.0006178561474538785,5305.832838271239,11197.61,5855.159,0.004902344,385.1741,0.005388672
205.45169944090713,0.0017252260121143003,5474.625203248445,11260.41,5807.092,0.00465625,389.0194,0.005210938
243.15691385904734,0.0004662548947120384,5676.004388015996,11326.43,5648.152,0.00491211,399.2737,0.005470703
232.76207096881285,0.00079916065908305,4634.688372907569,10952.15,6326.212,0.004638672,380.047,0.005121094
213.46409315823473,0.0005095543827400099,5253.148058267686,11266.18,5961.546,0.004916016,372.9972,0.005408203
236.71219453608856,0.0005158750441580686,5577.812185373454,11280.28,5703.269,0.004945313,380.6879,0.00546875
230.6803620393571,0.0006641405767520752,5399.470550051771,11206.58,5821.192,0.004828125,369.7928,0.005347657
240.03658273766732,0.0005538924787594897,5146.351507168788,11258.49,6075.625,0.004916016,390.9421,0.005355469
242.2424101099914,0.0004431615640833983,5840.101445678893,11223.24,5420.637,0.004945313,374.279,0.005431641
249.6379530848224,0.0005746061827959438,5496.540799218358,11248.24,5741.722,0.004900391,409.5279,0.005390625
220.31916145541408,0.0005821244993318324,5233.010029282042,11129.67,5899.38,0.004900391,398.6328,0.005369141
221.29690247290563,0.0006192655135214696,5662.436834618668,11207.86,5545.61,0.004808594,367.8701,0.005271485
242.46775948362935,0.0017379032179250565,5173.490861778068,11134.16,5948.088,0.004800782,394.1465,0.005273438
224.2285314310371,0.001853514854401639,4422.709899134931,10894.47,6472.976,0.004605469,390.9421,0.005150391
237.37195573757643,0.0017991884651409142,5113.091262186396,11174.54,6042.939,0.004701172,370.4337,0.005128907
246.99942172412008,0.0005522177870308888,5091.88327059214,11103.4,6019.227,0.004900391,382.6105,0.005369141
230.64671487603027,0.0006134996757320376,5153.781655699182,11105.32,5944.243,0.004810547,375.5608,0.005298828
245.0620763289605,0.0017841549824686893,5500.771334371725,11200.17,5655.843,0.004744141,388.3785,0.005230469
239.16723301020187,0.0007093713809659395,5536.12854426673,11234.14,5663.533,0.00484375,387.0968,0.005316406
220.5798150423408,0.0005685632312516695,5248.454753224448,11186.07,5920.53,0.004824219,376.2017,0.005304688
220.7382557393374,0.0005700162729349758,5564.9116964529285,11236.7,5696.859,0.004857422,376.8426,0.005345704
212.84212592653313,0.0009562715931414607,5125.846618045367,11111.09,5962.187,0.004638672,365.3065,0.005166016
238.14286304540812,0.0004460979474325738,5188.229009565061,11121.34,5957.701,0.004900391,382.6105,0.00540625
247.49315947590716,0.000501291333717553,5350.756142334813,11195.68,5844.905,0.004976563,381.9697,0.00546875
234.2171771046182,0.0019045122187133735,5157.710143223381,11140.57,5979.491,0.004583985,387.7377,0.0050625
231.90235297368812,0.0007617500533375857,5364.045818473798,11177.74,5845.546,0.004738281,366.5883,0.00521875
234.76801402036742,0.0007467778666027249,5244.238377764228,11060.46,5792.352,0.00475,389.6603,0.005300782
250.52722199216765,0.0008316046749743276,5631.350177278834,11319.38,5691.091,0.004621094,372.9972,0.005175781
221.12207422835462,0.0007328177061830795,5787.467955086077,11330.91,5568.682,0.004839844,384.5332,0.005337891
249.73041216788573,0.000655119388561172,5579.1508643936995,11205.94,5647.511,0.004839844,372.9972,0.0053125
238.40837118270252,0.000622092691502385,6425.170788250623,11539.2,5221.32,0.00491211,399.2737,0.005513672
234.56679337041365,0.0005920578687356867,5601.805254085611,11146.98,5539.842,0.004886719,378.1243,0.005417969
247.3924701184857,0.0019179452515160668,5843.786230000378,11325.14,5475.112,0.004464844,388.3785,0.005230469
214.27808039420773,0.0005865681336166944,5638.008369244182,11298.87,5611.622,0.004886719,410.8096,0.005414063
251.03502338778415,0.00047256203119866035,4418.941506082149,10905.36,6435.804,0.004900391,371.0746,0.00540625
214.38955046052746,0.0018650669392496733,5486.529669650858,11161.72,5666.738,0.004642578,340.3119,0.005169922
227.1613983025298,0.0007443804866141327,5515.505182220782,11200.17,5686.605,0.004753906,387.0968,0.005242188
256.4564133022628,0.000527873205807516,5369.825486681549,11132.88,5764.794,0.00494336,390.9421,0.0054375
208.05305692929034,0.0006336573303069005,4982.926798765538,10955.35,5966.674,0.004871094,370.4337,0.005355469
245.795591844784,0.0004933993765154735,5264.517413966363,11092.5,5774.407,0.004871094,405.0416,0.005359375
230.73278912654683,0.0005818751113158807,4747.4390438399905,11018.16,6240.333,0.004705078,402.4781,0.005148438
238.23939608220297,0.00047132728099873574,4789.905036036643,11063.66,6274.3,0.004839844,387.7377,0.005316406
238.38510724464604,0.0006434754214393832,5872.594343729397,11275.15,5427.045,0.004824219,393.5057,0.005365235
245.16236440449285,0.0005355177741464088,4581.586779560017,10969.45,6389.02,0.004875,376.8426,0.005314454
253.72717777778976,0.0018699894337223207,5741.954374948215,11225.17,5526.383,0.004623047,391.583,0.005138672
219.21751577614208,0.0018957344215315593,5593.772675798099,11274.51,5710.318,0.004712891,369.7928,0.00519336
235.17894083844178,0.0006601303529469056,4719.252488366432,11059.18,6340.312,0.004765625,382.6105,0.005324219
232.92316621359112,0.0018214957182906136,5509.436279771446,11207.22,5673.146,0.004685547,387.7377,0.00513086
239.89503933591425,0.0005807155992465946,4711.99932416861,11093.14,6376.202,0.004857422,395.4283,0.005347657
227.77387804701544,0.0006430286799723916,5609.843024407391,11275.8,5650.715,0.004855469,381.9697,0.005308594
219.72385858953012,0.0005719522972923702,5140.797023132568,11042.51,5856.44,0.004839844,344.7981,0.005351563
252.91939360758715,0.0006692477714764134,5239.7049855557825,11040.59,5772.484,0.004826172,389.6603,0.005326172
248.34135112873935,0.0005968675687479236,5401.214306022959,11187.35,5761.589,0.004857422,382.6105,0.005328125
208.8334045078109,0.0007726049509576777,6149.078884260781,11318.74,5264.26,0.004712891,362.743,0.005234375
237.57966523951933,0.0007282444413540601,5068.751037863395,11073.92,5985.9,0.004771485,374.9199,0.005285156
225.23355411365904,0.0006909395518997199,6040.435478052961,11394.36,5336.68,0.004857422,390.9421,0.005431641
219.88080287452524,0.0018488966661816151,5174.4048837070295,11151.46,5970.519,0.004611328,364.6656,0.005205079
238.181094007745,0.000649217969889661,5771.378144868199,11237.34,5371.288,0.004853516,381.9697,0.005332031
228.50015776146674,0.0004709918785667399,5347.396538302738,11223.88,5868.618,0.004947266,382.6105,0.0054375
245.48830858972036,0.0005784931395734062,4921.474006230129,10991.88,6082.674,0.004830078,369.7928,0.005330078
244.90626939387252,0.0004863380521142516,5319.151952160008,11189.92,5825.037,0.004830078,370.4337,0.00534961
221.17228764657335,0.0007272133907493955,4365.643207374779,10928.43,6521.683,0.004753906,415.2959,0.00522461
236.72386225247854,0.0005814600887882932,4334.627518500073,10780.39,6582.568,0.004673828,396.0692,0.00516211
241.28796948420697,0.00045557765259197637,4764.000543400527,11056.61,6269.814,0.00490625,387.0968,0.005402344
255.70781700967166,0.0005898659912970393,4654.819318003627,10897.67,6305.063,0.004720703,382.6105,0.005240235
217.50956333205312,0.0006713507363406928,5109.5533748866565,11170.69,6012.177,0.004679688,377.4834,0.005148438
213.14521108977164,0.00041667787507775425,5111.250255987352,11044.43,5946.806,0.004919922,385.815,0.005392578
240.6133425683661,0.000672157522399024,5283.817337195054,11139.29,5829.523,0.004828125,380.047,0.005314454
224.34986191084718,0.000731177662376071,4769.727049705308,10968.81,6247.383,0.004708984,374.9199,0.005232422
220.69886030558334,0.0006278182114637057,4324.358093004258,10938.05,6493.484,0.004767579,342.8755,0.005267578
241.94198543731144,0.0005920633910964952,5845.5449493796,11341.17,5497.543,0.004851563,389.0194,0.005369141
217.2291302564755,0.0007283311632415006,4841.1491598191515,10880.37,6302.5,0.004798828,358.8976,0.005248047
241.67789853866557,0.0006265348800855351,5121.020404129565,11212.99,6093.57,0.00484375,407.6052,0.005382813
259.4139308762106,0.0005809483926058523,5727.072292141758,11215.55,5459.09,0.004925781,390.9421,0.005421875
238.01171763316873,0.0018322080718913996,5617.430352770147,11203.37,5651.997,0.004669922,416.5776,0.005212891
221.1607290018372,0.0006162907158842954,5528.782731960262,11146.34,5546.892,0.004869141,382.6105,0.00538086
235.78452301814806,0.0006863984035472582,5137.645768320432,11125.19,6014.1,0.004785156,371.7154,0.005314454
244.22552837006836,0.00045994814660266155,4772.087631038322,11085.45,6381.329,0.004826172,367.2292,0.005300782
254.24215728912526,0.0005173320905501455,5339.700611866405,11182.23,5825.037,0.004972656,396.7101,0.005480469
246.66667014228733,0.0007986826155012165,5544.506663674757,11236.7,5673.788,0.004839844,402.4781,0.00534375
219.86230851312678,0.0007382098225353184,5145.57905832123,11102.76,5982.696,0.004697266,366.5883,0.005177734
240.2111344555244,0.0007102063893278126,4631.221822662689,10944.46,6304.422,0.0048125,369.1519,0.005314454
231.13816223534593,0.0007491186131782341,6211.940965051743,11468.06,5293.741,0.004837891,387.7377,0.005529297
248.53298793819488,0.0018311976242081083,4946.7447801255585,11068.15,6077.547,0.004671875,374.9199,0.005208984
212.36916331424288,0.0006225770569878163,5098.927726486124,10917.54,6103.824,0.004853516,387.0968,0.00534375
243.07874403155142,0.0006507793295569953,4687.971957824816,11024.57,6335.826,0.004753906,390.9421,0.005269532
251.52582974712047,0.0005945280353422117,5526.9730004161975,11252.72,5714.804,0.004914063,383.8923,0.005410157
226.0016347880253,0.0006467203098868647,5178.6782105800485,11230.93,6023.712,0.004859375,395.4283,0.005306641
221.50746034499736,0.0017767219741213847,5544.874607963183,11236.7,5662.251,0.004697266,390.3012,0.00522461
250.75748248304296,0.0004566601005045833,5210.849045133928,11163.64,5918.607,0.004945313,396.7101,0.005451172
237.53070381980328,0.0005503530562279757,5116.638580448483,11165.56,6042.298,0.004916016,384.5332,0.005414063
224.52046836911714,0.00038184518716398783,5251.363663045741,11163.64,5924.375,0.004988282,373.6381,0.005482422
219.16070100614277,0.0019408596358626434,5403.4360717265345,11148.9,5779.534,0.004503906,376.8426,0.005099609
228.068054539422,0.0004484905823611378,5438.557894655597,11152.1,5743.003,0.004927734,381.9697,0.005457032
238.99431482326412,0.0006594792856393916,4865.887500635,10988.04,6111.515,0.004839844,375.5608,0.005298828
232.17294467434544,0.0006385984480609951,5319.973139672233,11095.07,5787.866,0.00484375,379.4061,0.005382813
251.88493579423067,0.0005082090995115166,5502.9909483317,11209.14,5733.39,0.004958984,374.279,0.005402344
236.05321141192545,0.000708798691811413,6067.731305768872,11375.13,5308.481,0.00478125,367.8701,0.005324219
234.55225545289315,0.0007200725066925692,5373.0686997944795,11246.96,5871.822,0.004826172,376.8426,0.005318359
245.7157668191778,0.0005027775179880894,5259.539733543645,11123.26,5855.8,0.004933594,380.047,0.005404297
232.16791208058092,0.0007939614240671329,4951.452703901757,11075.84,6115.36,0.004753906,369.1519,0.005269532
225.5372342640248,0.0005284757713074174,5308.45453619334,11135.44,5795.557,0.004826172,390.3012,0.005333985
234.00852030754095,0.0005658376250565291,4142.67433423199,10781.03,6393.505,0.004914063,397.9919,0.005439453
253.13813380176526,0.0005573723698139619,6144.817612101793,11505.88,5323.862,0.004910157,390.9421,0.00541211
245.6688464851784,0.000580810321885693,4891.897924694392,11079.68,6183.294,0.004929688,394.1465,0.005449219
232.49472807637295,0.0007909235997136798,5874.633202164796,11378.34,5343.73,0.004794922,375.5608,0.005326172
227.03198855654537,0.0016447893794271145,4762.973208140942,11057.89,6276.864,0.004613282,392.8648,0.005109375
244.76483933771664,0.0007475541152631674,5708.285557977343,11303.35,5608.417,0.004785156,380.6879,0.005306641
226.52523254300246,0.0019110762225930608,5343.759894232562,11071.99,5725.699,0.004595703,375.5608,0.005054688
245.1041538030556,0.0005959108117779326,5321.030207932345,11175.82,5872.463,0.004916016,397.351,0.005373047
238.401291268338,0.0007865051920354793,5217.170265379428,11121.34,5884.64,0.004800782,408.887,0.005361328
221.8730809929984,0.0009507133214147779,6047.797173321378,11434.1,5281.564,0.004796875,364.6656,0.005332031
238.9399482373164,0.0019982568085198348,5332.659294870278,11209.14,5869.258,0.004425781,392.8648,0.004957031
226.72087448249766,0.00048633608978860025,5047.385741785607,11134.16,6128.178,0.004931641,377.4834,0.005390625
216.30271253332398,0.0006814059872236882,5616.682303531425,11237.34,5625.08,0.004839844,368.511,0.005320313
234.72599303896249,0.000737606457052884,5482.675003311528,11095.71,5634.052,0.004765625,373.6381,0.005330078
248.87209958993816,0.0008828408668007271,4813.395935651434,11127.11,6258.919,0.004660157,394.1465,0.005228516
255.80973535685968,0.001964383747387024,5093.358433233557,11038.03,5971.16,0.004595703,389.6603,0.005041016
238.77535281850754,0.001924983984808109,5800.3569640606,11275.15,5455.885,0.004681641,390.3012,0.005201172
240.4907032253222,0.0006231700455919005,5676.019840639013,11320.02,5653.92,0.004869141,404.4008,0.00534961
224.8819874714677,0.0006996174277614833,5260.253739632522,11128.39,5819.91,0.004808594,373.6381,0.005308594
243.7236058757587,0.0006081608635635979,4845.756986566915,11018.16,6154.454,0.004664063,393.5057,0.005183594
242.36302588329733,0.0019949518233936085,5125.065951693804,11195.04,6035.249,0.004644531,394.1465,0.005117188
234.6734139401539,0.001892283500875187,5094.044441095021,11173.89,6053.834,0.004642578,358.8976,0.005185547
242.71756226795094,0.0006113869528751749,5081.931383307602,11042.51,6014.74,0.004871094,373.6381,0.005388672
251.86299390642233,0.0005007674114914887,4276.875443616488,10932.28,6577.441,0.004882812,380.6879,0.005369141
218.9747483562122,0.0007168949668059242,5576.140311357165,11148.26,5526.383,0.004839844,378.7652,0.0053125
202.4626760103431,0.0005524061360055646,5705.437838741297,11150.82,5433.454,0.004917969,379.4061,0.00540625
213.1707596135769,0.0005449451000821597,5228.487028289809,11139.93,5921.171,0.004933594,370.4337,0.005417969
220.03021108958254,0.00044688512180979343,5227.075552389879,11089.94,5849.391,0.004884766,401.8372,0.0053125
240.6646893074825,0.0018736921144994643,5289.0731140758735,11157.23,5863.491,0.004642578,365.9474,0.005169922
241.28552799496276,0.0005298498077864832,5345.871694599668,11149.54,5805.811,0.00494336,381.9697,0.005392578
241.04488499474027,0.0006863555631915313,5163.224413942494,11110.45,5951.934,0.004796875,390.9421,0.005269532
220.19294523989342,0.0006358759835811777,5569.40829972169,11210.42,5655.843,0.00484375,378.7652,0.005296875
245.4590137376226,0.0017500494451657398,4658.91142270331,10923.31,6334.544,0.004644531,377.4834,0.005181641
227.59795012037526,0.0005803629789413641,5870.956576408468,11296.3,5448.194,0.004878907,384.5332,0.005363281
237.82531583353855,0.0006945935131424461,5489.281182564591,11254.65,5774.407,0.004841797,389.6603,0.005316406
239.72035757271777,0.0006029926542560884,5319.625488710955,11175.18,5867.336,0.004839844,371.0746,0.0053125
221.5604250333731,0.0006539990229811116,5049.323690840742,10983.55,5939.756,0.004796875,367.8701,0.005285156
244.94110024082795,0.0008320293988039896,5706.247560441034,11163.0,5433.454,0.0046875,387.0968,0.00519336
214.97520097093718,0.0005322772062036925,5351.829784491487,11129.03,5789.788,0.004857422,370.4337,0.005298828
238.93606296580077,0.0005861036237290076,5549.5794736081325,11078.4,5641.103,0.004882812,378.7652,0.005392578
235.04130525880979,0.0008913915880933991,5367.009548969576,11045.08,5725.699,0.004798828,390.9421,0.005324219
243.83916835104552,0.0006993278537293796,5458.808941190633,11232.21,5777.611,0.004839844,373.6381,0.005320313
233.0702732522198,0.0006328111423419881,5901.5274200751865,11269.39,5442.427,0.004855469,390.9421,0.005308594
229.40012247655358,0.0005388706114762053,5619.284380815063,11105.96,5504.593,0.004857422,372.9972,0.005347657
218.89550940671677,0.00045324000369911907,4757.496385124462,11136.08,6332.621,0.004917969,376.2017,0.005417969
251.41634688508523,0.0006938879269491441,5664.21729443368,11272.59,5592.395,0.004785156,381.3288,0.005263672
221.54035490734358,0.0017035278070084532,5125.838289243424,10988.68,5826.96,0.0046875,379.4061,0.00516211
217.88423459853325,0.0005213535724899133,5107.236712896709,11125.19,6041.657,0.004900391,351.8479,0.00540625
230.40788881594654,0.00044351533038241523,4782.738633420039,10911.13,6214.697,0.004830078,361.4612,0.005271485
238.3049340488953,0.0005316253960669695,5425.595802028745,11180.94,5780.175,0.004929688,390.3012,0.005435547
235.83773159144772,0.0006698840093639429,5232.067620122721,11184.15,5978.851,0.004841797,379.4061,0.005382813
255.3483741142501,0.0006076980702110872,5051.856126742228,11111.73,6064.089,0.004896485,399.9145,0.005390625
245.77814676861067,0.000776326127059681,5811.844208911439,11298.87,5508.438,0.004683594,392.2239,0.005169922
230.6512227473088,0.0006049858060064315,4380.647784380903,10900.88,6482.589,0.004796875,378.7652,0.005296875
230.92292960545177,0.0006930464228564626,5634.316713129202,11266.82,5594.958,0.004851563,403.119,0.005365235
254.99822264463754,0.0005798652183897565,5736.480517162196,11261.05,5528.306,0.004882812,403.119,0.005400391
234.12960758959443,0.0004288451662121627,5366.31983722127,11187.35,5817.987,0.004945313,376.8426,0.005416016
237.30166501694725,0.0017231919657788482,5264.772633143869,11135.44,5860.927,0.004642578,380.047,0.005107422
215.1886278347061,0.0007520599569647588,5247.810249997273,11019.44,5728.263,0.004763672,368.511,0.005220703
251.3593672631992,0.0005146174325807952,5279.579402803365,11249.52,5997.437,0.004929688,405.6825,0.00541211
248.48355345716033,0.0008359001058069353,5199.332017145952,11191.84,6046.785,0.004681641,370.4337,0.005177734
223.61269368758093,0.0006440620925127022,5378.3316915957985,11166.84,5760.307,0.004841797,386.4559,0.005298828
216.94821275927168,0.0005280276123053543,5987.153680538841,11385.39,5373.852,0.004945313,372.9972,0.005458985
227.03395879442107,0.0006001607545983868,5504.138674979079,11163.64,5670.583,0.004902344,366.5883,0.005419922
237.3093142635801,0.0006586559620893239,5530.9035406940775,11206.58,5693.655,0.004841797,422.9865,0.005335938
226.4094640006461,0.000494200057806342,4972.170249147149,11022.64,5980.773,0.004945313,376.8426,0.005427734
232.95315448252506,0.0006393582847784693,5040.753511825287,11013.67,5958.983,0.004796875,390.9421,0.005269532
255.10940637298157,0.0007149364172200971,5388.664596452804,11043.15,5652.638,0.004826172,379.4061,0.00528125
216.25051096723092,0.0006279119917738768,5250.900118775556,11238.62,6003.204,0.004841797,349.2843,0.00534375
245.10769809160985,0.0006613613336227815,5631.680835942592,11245.67,5577.014,0.004853516,385.815,0.00534375
240.77849257103227,0.0008301951430925636,5255.528257825005,11280.92,6023.712,0.004679688,387.0968,0.005232422
241.4453661723393,0.0004911002157978234,5091.889269154004,11130.31,6007.69,0.004927734,394.7874,0.005421875
221.1051525187888,0.0006242717513353606,5522.240592190493,11301.43,5802.606,0.004822266,378.1243,0.005306641
251.0137918167601,0.0005964659283869803,5135.945211711741,11093.78,5941.038,0.004929688,389.0194,0.005416016
224.54804086812317,0.0006146783040188771,5415.874698586959,11191.2,5787.225,0.004841797,386.4559,0.005314454
247.3514335111144,0.0004213267822312543,5553.813086962328,11212.99,5673.788,0.004929688,390.3012,0.005455079
212.10002718044578,0.0006019719960854734,5365.14717770273,11068.79,5707.754,0.004857422,356.3341,0.005378907
239.95816210866366,0.000658016656888945,4528.892447214481,10891.9,6436.445,0.004796875,411.4505,0.005273438
213.85452902468415,0.0005668257003926022,5425.41963279589,11238.62,5808.374,0.004884766,381.3288,0.005396485
239.69248904335643,0.0007451667574365657,5204.887195442217,11164.92,5969.878,0.004769532,376.2017,0.005275391
250.2650681108202,0.0006696335613463883,5237.437594548584,11132.88,5907.712,0.00478125,409.5279,0.005253906
233.93860961199266,0.0007528155997215803,5006.930631351647,11000.21,5970.519,0.004789063,387.0968,0.005304688
239.39445257163007,0.0005917623670840833,5905.267816390111,11346.93,5455.245,0.004900391,365.3065,0.005410157
248.96527138103352,0.0006715861325703461,4997.264187577459,11081.61,6103.824,0.004644531,390.9421,0.005121094
243.85917618127283,0.0009086993306919205,5216.605708178511,11141.21,5920.53,0.00469336,406.3234,0.005144531
243.29686952332318,0.0007394239437368491,5021.95891647743,11209.14,6199.316,0.004785156,378.1243,0.005318359
225.7678959421479,0.0007235104212431384,5432.482156654512,11067.51,5637.257,0.00484375,380.047,0.005314454
241.23638471658825,0.0006330745654353139,4485.344726207239,11010.47,6455.031,0.004796875,378.7652,0.005267578
250.98055110409473,0.0005831690714879112,5580.801058292092,11280.92,5751.335,0.004869141,372.3563,0.005335938
253.19158608843958,0.0005926581166362909,4829.307595523872,11068.79,6203.803,0.004808594,387.7377,0.005273438
235.11762652620865,0.0008227857608702375,5334.559009931106,11102.11,5800.042,0.004701172,375.5608,0.005199219
206.85689264914984,0.0006123027291823444,5430.942738821265,11140.57,5690.451,0.004808594,378.7652,0.005253906
239.19558522231307,0.0005587459421906833,5446.7840904503855,11202.09,5760.307,0.004898438,401.1963,0.005378907
252.186447946478,0.0017970149320069362,5527.023301556638,11247.6,5716.727,0.004673828,380.6879,0.005136719
235.6658241865078,0.0006047337674213189,5425.793550410968,11270.67,5862.85,0.004857422,366.5883,0.005384766
244.01524026407938,0.000684140266257569,5216.669057841728,11189.92,5939.756,0.004810547,398.6328,0.005261719
231.61657960614443,0.0005684551086742249,5593.409838786175,11307.2,5666.097,0.004867188,379.4061,0.005332031
244.28985815443446,0.0006322234497614679,4226.781534066271,10838.07,6496.688,0.004708984,385.1741,0.005212891
236.28901558057055,0.0005937759894508143,5598.150160834181,11239.26,5594.958,0.004826172,380.047,0.005324219
227.70908987786623,0.0005934517124113168,5489.130849877875,11076.48,5714.804,0.004917969,399.2737,0.005417969
250.23807524535388,0.0004549934098343767,4885.887964599964,11059.82,6169.835,0.004855469,391.583,0.005324219
237.24595686877075,0.0006852307808444567,5116.485717805948,11228.37,6062.807,0.00478125,412.0914,0.005207031
214.87581994945728,0.0004532969788081004,4935.238512171298,11076.48,6157.659,0.004914063,371.0746,0.005392578
251.0948190365864,0.0019442977621334763,5083.545305049753,11167.49,6074.343,0.004398438,370.4337,0.004972656
222.39999888687436,0.0004422034377578192,5191.066863342831,10986.11,5835.292,0.004927734,369.7928,0.005404297
208.65919839045665,0.0004650765099647925,4871.244893980303,10970.73,6087.801,0.004871094,378.7652,0.005369141
246.95944407622397,0.0017805280112439328,5791.882324126623,11322.58,5519.333,0.004759766,394.1465,0.00525586
209.22387721097365,0.001800019063145265,5487.760159079933,11184.15,5692.373,0.004671875,388.3785,0.005203125
207.79876898445562,0.001970182802446728,5467.359373185205,11070.07,5537.278,0.004476563,365.3065,0.005021485
256.48108200534443,0.000527343923730614,5542.723315056783,11254.65,5710.959,0.004958984,388.3785,0.005455079
252.68272535286397,0.0005022967366629389,5064.091411248006,11045.72,5955.779,0.004824219,394.1465,0.005285156
247.71551952449417,0.0006099062442181517,5879.587889837915,11332.19,5404.614,0.004957031,388.3785,0.005449219
234.42718253090453,0.0006293984560938288,5039.972587830037,11059.82,6020.508,0.004898438,373.6381,0.005347657
243.94974894840118,0.0004429774067400652,5605.050735691706,11146.98,5559.709,0.004962891,385.1741,0.0054375
240.98245978698688,0.0004426587555209809,5341.544990826982,11193.76,5834.65,0.004882812,390.9421,0.005328125
250.71899400698834,0.0005751693384884479,4641.9982315728785,11008.54,6310.831,0.004931641,401.8372,0.005408203
227.16113537600648,0.0005921887894639574,5421.376727078961,11195.68,5756.462,0.004941407,413.3732,0.00544336
236.44911488292038,0.0005655240190483213,5538.837117737494,11249.52,5730.186,0.004914063,376.8426,0.005423828
212.08163025409564,0.0005132416883100665,5444.121657496489,11173.89,5727.622,0.004972656,355.6932,0.005433594
240.79365338927502,0.0007491835423342799,5365.616514273194,11091.86,5755.18,0.004800782,385.815,0.005316406
244.49001106851176,0.0006017809400610202,5194.9227892325625,11082.25,5995.514,0.004794922,389.6603,0.005289063
213.0920468619642,0.0008969067062884721,5313.270650882963,11030.98,5665.456,0.004681641,378.1243,0.005126954
233.94617649799568,0.000530976414212436,5709.613000913173,11246.32,5498.184,0.004929688,386.4559,0.005392578
227.95167369785665,0.0006744203291182376,4877.519405527213,11036.74,6058.961,0.004648438,357.6159,0.005183594
244.47124479624904,0.0005754853548615707,5388.088707688662,11209.78,5807.092,0.0048125,390.9421,0.005322266
237.53131174160131,0.0005668164611725012,5075.243371615389,11174.54,6080.111,0.004857422,388.3785,0.0053125
221.13200307885734,0.000538402976227231,4993.671840723567,11091.86,6123.691,0.004917969,406.3234,0.005417969
257.01820130709564,0.0006231543769546303,5303.006897881062,11152.75,5821.833,0.004857422,394.1465,0.005318359
240.15155333003014,0.0019760152821631594,5506.92728638889,11295.66,5778.252,0.004626954,379.4061,0.004990235
250.01853765706613,0.000655734679979852,5560.6248951852585,11207.86,5659.047,0.004837891,409.5279,0.00534961
234.79705340098704,0.000652813580660523,5331.7547956558155,11208.5,5904.508,0.004828125,367.2292,0.005300782
213.93811332681415,0.0006156730137266377,5877.33136842004,11295.02,5442.427,0.004855469,394.7874,0.005335938
226.2024043272737,0.0006027240019114888,5818.157901331163,11301.43,5464.217,0.004957031,407.6052,0.005435547
242.87848451768414,0.0007431091921493309,5363.928813961566,11209.14,5800.042,0.004792969,376.2017,0.005271485
225.83344589475405,0.0018307727061406339,5401.659716899692,11229.65,5847.468,0.004626954,389.0194,0.005132813
232.35079667121195,0.0006129193658203999,5204.081629355097,11111.09,5916.043,0.004869141,380.6879,0.005326172
233.0078187028112,0.002024078891938863,5204.248892103675,11249.52,5992.95,0.004457031,358.8976,0.005150391
250.00583231737764,0.0018578180970214493,4883.090021859409,11152.75,6239.051,0.00465625,367.8701,0.00515625
235.56018777230307,0.0006471754443507068,5152.700180799286,11173.25,6002.563,0.004884766,387.7377,0.005359375
244.69092640753078,0.0006267558171278297,5431.433586689759,11254.65,5797.479,0.004857422,392.2239,0.005367188
230.83242278791622,0.0007432753274740222,5545.048568253266,11284.13,5734.672,0.004744141,396.7101,0.005222656
219.41307534407215,0.0019600822826588205,5105.540289335295,11197.61,6097.415,0.004654297,349.9252,0.005185547
238.30386807231963,0.0005307144815932453,5020.646059776964,11182.87,6131.382,0.004916016,375.5608,0.005390625
231.06616462537397,0.0017942654294517248,4737.930459068725,11120.7,6315.958,0.004646485,380.6879,0.005160157
245.07627713242266,0.0006198865711940289,5743.695381889914,11316.81,5602.649,0.004855469,405.0416,0.005367188
236.34046849205708,0.0018851598884080556,5551.149713964772,11268.75,5728.263,0.004695313,396.7101,0.005201172
250.58787463408825,0.0007876303393605566,5925.238887712838,11370.01,5414.868,0.004958984,389.6603,0.005466797
219.4924304172355,0.000585344055150645,5108.271737693198,11091.22,5983.337,0.004939453,376.8426,0.005435547
218.73546524667847,0.0018314691181315398,5589.232810832539,11227.09,5619.312,0.004685547,355.0523,0.00519336
256.9745199692702,0.0008013306754895697,4904.045215662839,11043.15,6153.172,0.004638672,383.2514,0.00509375
246.2230950658444,0.0018562036755489229,5598.858550672126,11208.5,5626.362,0.004730469,369.1519,0.005257813
238.12034026067147,0.000603289788134009,5738.661651457076,11191.2,5495.62,0.004884766,391.583,0.005376953
237.82004859513256,0.0005208106963068064,5193.6022004549595,11033.54,5845.546,0.004941407,379.4061,0.005382813
234.57536881959135,0.00058998337675696,4705.256992509621,11000.85,6317.881,0.004679688,368.511,0.005203125
245.4138474099804,0.0005868542189235371,5724.196040263656,11229.65,5486.007,0.004839844,391.583,0.005300782
243.36144520865506,0.000613544703979038,4629.991267137919,11050.2,6367.87,0.004826172,398.6328,0.005316406
219.52129923784798,0.0005309476971026192,4701.939126596336,11023.29,6324.29,0.004855469,380.047,0.005318359
251.20435210684107,0.0017891975334928109,5303.740477394561,11182.87,5880.794,0.004859375,399.9145,0.005326172
216.64504122506833,0.0020093808675792934,5423.092340994038,11236.7,5842.341,0.004431641,409.5279,0.004998047
221.27349352113876,0.0005085278593880959,5754.309402550573,11312.33,5568.041,0.004958984,385.815,0.005455079
244.5924161482051,0.0006437201750405927,4750.734323641214,10906.64,6210.852,0.004765625,393.5057,0.005267578
211.31940454187634,0.0005739888914386556,5207.5600614287205,11176.46,5987.182,0.004871094,377.4834,0.005378907
246.2976973103551,0.0005983052312451242,5248.151890895001,11148.9,5890.408,0.004841797,410.1688,0.005298828
223.1273615220016,0.0007537659299945885,4798.196223329799,11104.68,6289.041,0.004681641,377.4834,0.005197266
255.12239308168463,0.0004993265442627699,5527.088059941095,11302.07,5808.374,0.004931641,396.0692,0.005492188
250.78788597487497,0.00044371391966498337,5708.927427675195,11312.33,5642.384,0.004929688,387.0968,0.005394531
214.1756236311542,0.0005236989164300377,5334.8009168136405,11221.96,5878.231,0.004826172,391.583,0.005322266
242.17923515852564,0.0006188151760380143,4557.0891741625455,11026.49,6408.887,0.004720703,388.3785,0.005210938
236.0921519071168,0.000667491024029464,5720.7362702547225,11168.13,5516.77,0.004857422,372.3563,0.005324219
231.4357799829346,0.0006148353736830614,5355.571380363991,11159.15,5836.573,0.004898438,365.3065,0.005404297
232.7043901726572,0.0005534234784950679,4701.149456126037,10976.5,6315.317,0.004886719,385.815,0.005365235
227.61429100843654,0.0018243746945299658,4893.54070702929,10942.53,6116.0,0.004714844,382.6105,0.005240235
244.12893850721443,0.0018970416740159456,5556.46878842759,11246.96,5692.373,0.004666016,369.1519,0.005216797
243.6259463332774,0.0006868028693763162,5504.92285660322,11123.26,5687.246,0.004869141,406.9643,0.005345704
242.64193781399325,0.0005100430380637866,5679.308689263649,11211.71,5497.543,0.004916016,389.6603,0.005421875
246.25419819236538,0.001795198244169702,4986.0312139432135,11113.65,6089.083,0.0046875,377.4834,0.005226563
241.01625731961317,0.0005998879999520676,5252.869300492789,11129.03,5888.485,0.004882812,385.815,0.005357422
249.9558757580974,0.000631333080553701,4668.79325164756,11002.78,6402.478,0.004816406,380.047,0.005328125
260.1865560330785,0.0008132295278904451,5670.010681731044,11276.44,5593.677,0.004716797,390.9421,0.005267578
244.07529188273764,0.0005727690127314731,5093.437379286247,11068.15,6035.89,0.004857422,390.9421,0.005378907
228.2871140949398,0.001860068734020077,5432.433293309823,11096.99,5618.03,0.004734375,367.8701,0.005251953
217.54284856477526,0.0005643901166497012,5812.793467190784,11296.94,5483.444,0.004916016,351.8479,0.005466797
231.7223588360755,0.0005640754367170371,5332.697028702372,11204.02,5835.292,0.004855469,391.583,0.005378907
246.62549545311583,0.0006313885636716888,4908.2410214119445,11148.26,6190.344,0.0048125,363.3839,0.005316406
226.43059524565265,0.0018692507600756559,4326.346465232454,10781.03,6562.06,0.004628906,389.0194,0.005050782
233.53998340319652,0.0005466926122883073,4803.984679872148,11119.42,6244.819,0.00488086,374.279,0.005357422
240.7348265977679,0.0005043353049819599,5314.653220088162,11179.02,5851.955,0.004925781,406.9643,0.005416016
227.60017931378272,0.00044181560514234083,5043.536779552365,11178.38,6138.432,0.004931641,383.8923,0.005421875
245.14387674092586,0.0004958424073343211,5564.917873675005,11302.07,5686.605,0.004900391,385.1741,0.005378907
238.65571117972175,0.0006534161833898102,5028.72228930763,11102.11,5946.165,0.004884766,376.2017,0.005296875
240.23052640606554,0.0006159734227846511,4762.452677359338,11095.07,6296.731,0.004798828,394.7874,0.005279297
232.7008102010129,0.0006368891125496818,5166.7391494107005,11031.62,5882.076,0.00497461,390.9421,0.005419922
240.86381893999902,0.0017747554654742859,5354.137385452862,11255.93,5900.662,0.004699219,370.4337,0.005230469
249.4945014473266,0.0006186832080446657,4684.22974996612,10968.17,6217.261,0.004796875,388.3785,0.005322266
245.5421740449791,0.000553317606575063,5821.456964997999,11325.79,5508.438,0.004896485,365.9474,0.005400391
238.46001181880857,0.0018472631316205146,5390.062444518425,11261.05,5836.573,0.004683594,371.0746,0.005210938
229.66762087060113,0.0019091079007763018,5144.0590787976635,11089.94,6018.585,0.004671875,380.6879,0.005199219
247.9058047236359,0.0005903543143458113,5297.308117240493,11211.71,5900.021,0.00491211,384.5332,0.005400391
243.25932464152345,0.0005934761610906613,4660.082064821435,10930.36,6275.582,0.004841797,390.9421,0.00534375
262.6110349885222,0.0007448662335172035,5066.985705686721,11159.79,6125.614,0.004751953,397.9919,0.0051875
235.84700392042313,0.000551935448294533,5511.429000245637,11132.88,5591.754,0.004869141,395.4283,0.005332031
241.77679639627166,0.0005712103522018647,4988.626154012595,11146.34,6233.284,0.004857422,376.8426,0.005351563
233.79240578689854,0.0006680789271047093,5194.915851660146,11225.81,6049.348,0.004828125,355.0523,0.005291016
238.10305083191747,0.000476771662895844,5358.301745535198,11048.28,5708.396,0.00494336,398.6328,0.005455079
235.19785151965561,0.0007376492364386193,4039.6351690165043,10781.03,6555.65,0.004783203,379.4061,0.005265625
252.63333138470426,0.0004798547516074326,5542.408839337617,11215.55,5674.428,0.004958984,380.6879,0.005480469
221.2645195661841,0.0005691908294329623,5274.509464404674,11209.14,5933.347,0.004882812,369.7928,0.005369141
229.4972890621527,0.0005406220833108798,4639.1470312026595,10951.51,6148.686,0.004873047,385.1741,0.005326172
245.7574283443176,0.0004639993873094912,5224.709307190322,11102.11,5859.646,0.004933594,380.047,0.00540625
237.34564270928314,0.0008646391902765269,5051.114850739258,11171.97,6098.697,0.00469336,383.2514,0.00516211
237.22422654969466,0.0005667744831032786,5381.670639980811,11127.11,5741.722,0.004857422,381.3288,0.005369141
225.2782021907612,0.0008289825260378453,5460.557144082393,11263.62,5710.318,0.004658204,399.2737,0.005181641
227.31005112268608,0.0017945385051812187,5504.803853439779,11070.71,5739.158,0.004716797,415.2959,0.005226563
228.02390644590574,0.0005127697458036658,5348.34483881118,11219.4,5898.739,0.004929688,380.047,0.005408203
244.72667658167646,0.0004590250972958147,5319.152276708925,11165.56,5851.313,0.004947266,375.5608,0.005386719
256.2391855145571,0.00046009169318607184,5430.874913331072,11211.07,5769.921,0.004947266,388.3785,0.005462891
213.6507427856146,0.0006221217280622162,5666.210645061186,11254.65,5578.936,0.004853516,382.6105,0.00534375
239.9150946344279,0.00042496756268367586,5969.7034048413525,11339.24,5428.968,0.004902344,367.8701,0.005386719
239.28275947913366,0.0007079301798070537,5901.208293716562,11355.91,5452.681,0.004855469,387.0968,0.005347657
251.31340199930406,0.0006253980076248164,5638.793783638805,11301.43,5643.025,0.004839844,355.6932,0.005382813
209.19064692037344,0.0006929872403545989,4821.846270783674,10921.38,6203.162,0.004826172,366.5883,0.005291016
231.2419397195893,0.0004198786316446293,6120.860554105037,11425.76,5328.349,0.004941407,384.5332,0.005441406
243.76380473393283,0.0006874750526840268,5090.933278940538,11236.06,6073.702,0.00475,374.279,0.00525586
237.62331676281605,0.0018048905260271656,5129.100327527569,11187.35,6026.917,0.004625,398.6328,0.005089844
248.46825813492413,0.0005181650889350366,5136.929447303535,11080.96,5969.878,0.004947266,386.4559,0.005386719
252.24401499332265,0.0004796711829711228,5314.995018348861,11202.73,5891.69,0.004958984,383.2514,0.005466797
219.10398093694252,0.0006677849331577615,5213.07227099589,11201.45,5991.027,0.004779297,412.7323,0.005214844
236.0880721597852,0.0006789910866313078,5125.066022864651,11100.83,5966.674,0.004792969,372.9972,0.005253906
248.4462698394562,0.000604180744137144,5322.3188138943615,11281.56,5932.065,0.004808594,371.7154,0.005275391
239.28839442344244,0.0006057735998947048,4380.884655409684,10908.57,6577.441,0.004720703,396.0692,0.005273438
245.7953209700177,0.0008594357613625625,5619.809844572603,11299.51,5719.291,0.004671875,385.1741,0.005191407
234.25682248823156,0.00050376176046349,5167.721527634797,11183.51,5984.619,0.004927734,381.9697,0.005400391
227.13236161925926,0.0006694472911686754,4901.906219502091,10984.83,6054.475,0.00478711,397.351,0.005326172
232.45252111129588,0.0005363339946835209,5732.652686322046,11234.78,5544.328,0.004917969,364.0247,0.005433594
232.22000481288464,0.0005648411134823429,5526.7232639801005,11195.68,5714.804,0.004810547,369.7928,0.005304688
241.99384006322725,0.0007211015939773597,5411.449454794049,11262.34,5822.474,0.004806641,396.7101,0.005238282
223.1060230638911,0.0005824413938002658,5225.551287861105,11064.3,5882.717,0.00471875,394.1465,0.005212891
234.91294549096125,0.0006133396362425446,5291.473695042067,11132.88,5851.313,0.004945313,389.6603,0.005439453
235.80828147093746,0.0006666849911068577,5189.469099299772,11167.49,5978.209,0.004837891,401.8372,0.0053125
228.76799001575728,0.0007267834061906783,5685.470005210461,11298.87,5593.677,0.004853516,380.6879,0.005316406
245.54468565672852,0.0005859127071204686,5181.67932354223,11138.65,5969.878,0.004857422,381.9697,0.00534375
236.89776544230708,0.0005773528672997627,5420.610061096807,11125.19,5721.213,0.004824219,396.7101,0.005285156
222.48102278807735,0.0007423231749167313,5159.972005411028,11160.44,6013.458,0.004826172,374.279,0.005322266
254.80879681825974,0.00043605127394397586,5200.638088181956,11109.8,5847.468,0.004960938,405.6825,0.005455079
235.60499000162412,0.0006107617468780366,5494.73208266549,11247.6,5762.871,0.004916016,376.8426,0.005460938
235.7123584933685,0.0005526658309906243,5116.615944853453,11081.61,5938.475,0.004916016,394.7874,0.005396485
234.54690721196877,0.0007068326766882482,4841.480302829089,11047.0,6192.907,0.004753906,399.9145,0.005314454
252.0346268733521,0.0005727262592343653,4865.643024328083,11188.63,6244.819,0.004888672,380.6879,0.005371094
250.53341864049014,0.0018696886927096613,5716.074249960273,11288.61,5627.003,0.00471875,384.5332,0.005263672
235.47202325039592,0.0005581194109386782,5303.105578502457,11208.5,5950.652,0.004828125,393.5057,0.005386719
236.7675554319912,0.0005981636542831144,5356.152825809356,11164.92,5816.065,0.004869141,390.9421,0.005345704
257.7757751755351,0.0005222446398749405,4841.31157309126,11045.08,6206.366,0.004917969,368.511,0.005359375
225.4219607081842,0.0006718927619960307,5289.476344320413,11238.62,5929.502,0.004871094,383.2514,0.005363281
214.57330330815287,0.0006583436194295401,5692.185731746241,11163.0,5520.615,0.004841797,387.0968,0.005322266
229.98899946534874,0.0020425605856142694,4752.128252304779,10982.91,6228.156,0.004431641,376.2017,0.005046875
242.27761969936262,0.0007103987370161561,5467.921255556953,11191.84,5721.854,0.004853516,364.6656,0.005351563
223.72206868989633,0.0006048375834027337,5862.383306115034,11260.41,5421.918,0.004855469,352.4888,0.00534961
253.38088318282468,0.000699297664582936,5262.923597554482,11097.63,5834.65,0.004839844,387.7377,0.005294922
232.8472042129641,0.0018200517660043668,5661.53459365297,11261.05,5606.495,0.004712891,377.4834,0.005242188
231.85240765604692,0.0008165742800172146,4095.2491869177434,10794.49,6515.274,0.004666016,371.7154,0.005210938
233.30081667554632,0.0018446349769855193,5510.261006778147,11209.14,5676.351,0.004658204,397.9919,0.005189453
224.05118120455586,0.00061361610158612,5628.260583215733,11137.36,5509.72,0.004896485,387.7377,0.005365235
242.39203683206713,0.0004300408294340698,5239.254805237176,11123.91,5880.794,0.004931641,374.279,0.005449219
259.2605758876516,0.0005448841655993585,4996.478766536455,11048.28,6068.575,0.004900391,385.815,0.005388672
242.0784510316883,0.0006621089148455338,5127.021512759548,11097.63,5941.038,0.004824219,412.0914,0.005289063
241.36833212357095,0.0007099232757022298,4345.565640529154,10862.42,6429.395,0.004767579,381.9697,0.005292969
227.40620638471896,0.0005761158943710585,5333.095138915803,11196.33,5856.44,0.004857422,401.1963,0.005314454
236.1320240102934,0.0005413210118419013,4862.936312556475,11007.9,6192.907,0.004916016,382.6105,0.005451172
237.25351974994325,0.0007259973926127091,5258.307672347426,11217.47,5997.437,0.00478125,402.4781,0.005279297
243.46958492781116,0.0007049420815561991,5416.163966615971,11246.96,5848.109,0.004841797,374.279,0.005347657
223.0697619067583,0.0005136469187779581,5011.486909217387,11187.35,6146.763,0.004900391,371.0746,0.005373047
244.87882674535408,0.0004956360787438391,4840.365526983314,10931.64,6102.542,0.004855469,384.5332,0.005333985
223.9014688713906,0.0006039145612773902,5607.3532632244915,11116.21,5504.593,0.004857422,365.3065,0.005359375
218.05603092402117,0.00034827894934101535,5098.907587859214,11160.44,6042.298,0.004884766,370.4337,0.00534961
239.99466425597356,0.0005669228527855699,4671.387371820207,11047.0,6335.826,0.00471875,376.8426,0.005226563
234.35648150586675,0.001746872737030226,5198.278652477053,11101.47,5935.911,0.004714844,378.7652,0.005179688
248.92575468189028,0.0019432979944293597,5482.627796495881,11179.66,5693.014,0.004458984,370.4337,0.004957031
229.457177533865,0.0006349764992235672,4402.2816460599715,10891.9,6404.401,0.004882812,368.511,0.005361328
253.93885703798233,0.0004200013849846609,5261.883551379559,11216.83,6011.536,0.004962891,397.351,0.005494141
245.22487173302125,0.002008891598970404,5376.594805424367,11209.14,5803.247,0.004476563,391.583,0.005003906
233.01819107134597,0.0006537716172510485,5234.9686190021275,11161.72,5904.508,0.004828125,381.9697,0.005341797
245.1287695259623,0.0005801492256387541,4830.6474153843565,11045.72,6176.885,0.004691407,381.3288,0.00521875
239.96036462822454,0.0020606504055524434,5415.566883962473,11268.1,5861.568,0.004449219,374.279,0.004984375
250.8120129819681,0.0007194741056529072,5472.298362733154,11179.66,5710.959,0.00472461,369.1519,0.005191407
262.56575377679974,0.0008277481272002354,5044.130494336457,11143.13,6079.47,0.004652344,395.4283,0.005132813
242.7312159574732,0.0005669466147229826,4895.5245936409065,11062.38,6141.636,0.00472461,376.8426,0.005222656
220.05428783364067,0.0007184955429657946,4824.636449844819,10973.3,6116.0,0.004763672,377.4834,0.005269532
236.26470796139486,0.0006079925204741728,5231.324476727422,11231.57,5964.11,0.004875,384.5332,0.005361328
229.43575595298452,0.0006617085331006601,5692.119854951031,11156.59,5509.72,0.004869141,393.5057,0.0053125
241.76848785829404,0.00046495572555502776,5469.482625876386,11263.62,5816.065,0.004960938,386.4559,0.005435547
236.2979980228881,0.001890454688245243,4484.4863365391475,10993.8,6462.721,0.004644531,387.7377,0.005117188
225.80066321881063,0.0018230237893936913,5143.916111623823,11193.12,6066.011,0.0046875,371.0746,0.005179688
237.77438927340563,0.001843448754657344,4846.7244755404645,11079.68,6173.681,0.004582032,370.4337,0.005025391
236.25678584335765,0.0006360723061464982,6467.644885379369,11509.08,5264.901,0.004824219,355.6932,0.005322266
246.48978600310062,0.0004927201170969401,5606.731437234545,11280.28,5639.821,0.004960938,352.4888,0.005421875
237.15591663238652,0.0007455405725998606,4998.437904302824,11084.17,6073.061,0.0048125,383.2514,0.005314454
214.15163272447884,0.0007874153847745488,5710.581018754824,11323.86,5627.644,0.004775391,370.4337,0.005273438
254.96152628897678,0.0005511192126900042,5118.95313202808,11146.98,6017.304,0.004873047,405.0416,0.005333985
229.72388572457484,0.000660155118718058,5568.194544743438,11231.57,5691.091,0.0048125,408.887,0.005300782
249.7399179595979,0.0006260399018114794,5052.721355820664,11096.99,5958.342,0.004855469,388.3785,0.005365235
259.15734360081564,0.0019105508865965278,4994.952425967197,10942.53,5932.065,0.004447266,389.6603,0.005126954
245.738442600249,0.0006131550266779887,5144.9185311092815,11099.55,5931.425,0.004884766,362.1021,0.005375
261.0109282305989,0.0019425775949403338,5589.096891874688,11237.34,5621.875,0.004669922,397.9919,0.005140625
210.74560020956184,0.0007467556389859123,4971.151222042704,11084.81,6119.205,0.0048125,364.6656,0.005291016
226.57797787209392,0.0005465831872768689,4803.454173588307,11136.08,6304.422,0.004916016,377.4834,0.005390625
220.28278124340304,0.0009375476860319935,5207.981403433535,11118.14,5898.739,0.004748047,379.4061,0.005240235
234.25544284340097,0.0005356764541591785,5540.714857977814,11191.84,5657.766,0.004875,376.8426,0.005322266
256.99549406638977,0.0005629942612104156,4921.795859670786,11134.8,6175.604,0.004933594,359.5385,0.005427734
241.96082203247843,0.0005525159008932675,5423.777326340931,11223.24,5786.584,0.004898438,391.583,0.005396485
210.35435573224285,0.0007022454351999442,5512.710655605606,11071.35,5558.427,0.00484375,372.3563,0.00538086
243.25951967522167,0.0020381369118051187,5031.9259786188095,11067.51,6013.458,0.004476563,388.3785,0.005033203
241.2176928555852,0.0018284234247779106,5109.216028971382,11059.18,5966.674,0.00465625,394.1465,0.005150391
233.23886773549555,0.0006338641502926825,5398.583968314985,11166.2,5782.098,0.004777344,368.511,0.005207031
242.55169286800128,0.0006187888920080896,5403.91880677454,11251.44,5901.303,0.004871094,381.3288,0.00534961
222.09230883966572,0.0007577906084987214,4476.650959494003,10865.63,6355.693,0.004666016,378.7652,0.005111328
217.41956029149767,0.000842261998402695,5656.347452452688,11149.54,5430.891,0.004798828,387.0968,0.005306641
246.92556857682885,0.0005661464632416912,5354.318123154933,11175.82,5834.65,0.004871094,360.1794,0.00534961
250.20373427822759,0.0005329146858650781,5220.252226537794,11163.64,5899.38,0.004933594,383.8923,0.005404297
236.8262855045068,0.0007939405827940047,4993.931886119843,11071.35,6110.233,0.004679688,370.4337,0.005197266
242.05005356842588,0.0006032780715601406,5210.67488806311,11121.34,5923.093,0.004826172,394.7874,0.005289063
229.5024550925389,0.0005747788100845179,5659.026614659656,11246.96,5553.3,0.004855469,396.0692,0.005347657
235.45443168877676,0.0005439081921972151,4879.424372635993,11034.18,6153.172,0.004917969,364.0247,0.005408203
223.149995417903,0.00048612043306044296,5204.158337616975,11254.01,6024.994,0.004960938,370.4337,0.005408203
247.64315573078787,0.0007036355184032457,5478.659377043076,11177.1,5724.417,0.00484375,387.0968,0.005335938
240.04940014775977,0.0004936469828282932,5755.505103746816,11299.51,5541.764,0.004900391,386.4559,0.005427734
238.60393905458295,0.0005628465610283751,5296.805279656533,11204.66,5894.253,0.004857422,389.6603,0.005326172
226.72522034419302,0.0019525455473741486,5473.841223250487,11186.07,5686.605,0.00447461,355.6932,0.005003906
236.34896956158204,0.0005682458566641182,5433.776415870208,11041.23,5611.622,0.004855469,390.3012,0.005314454
227.49907198000474,0.0018175480393825055,5754.44224308855,11295.66,5627.003,0.004730469,356.3341,0.005341797
251.75964832962833,0.0006237548543055504,5302.691857198663,11194.4,5903.867,0.004810547,383.8923,0.005347657
248.01427556295056,0.0004912627356349192,5562.524163764401,11220.04,5698.782,0.004972656,392.2239,0.005449219
227.60844641325147,0.0007417597740939783,5145.836437147393,11190.56,6069.856,0.004796875,381.9697,0.005253906
238.66362132499538,0.0004803426540527219,5182.968346957226,11103.4,5901.303,0.004988282,389.6603,0.005451172
236.17401391608226,0.0008341172865640993,5653.903718849887,11264.26,5612.903,0.004701172,394.7874,0.005166016
247.3223071067761,0.0005902281137855411,5756.635763376192,11225.17,5499.466,0.004882812,372.3563,0.005361328
233.59685652576277,0.0018690750949663063,5306.889704438824,11064.94,5803.888,0.004640625,376.8426,0.005152344
222.71425526749923,0.000893075225798333,4785.392240614798,10997.01,6139.073,0.004632813,372.9972,0.005181641
255.1778714387605,0.000704390020425275,5378.906799620327,11206.58,5700.705,0.004738281,380.047,0.005210938
238.19233805609338,0.0004581680458332247,5041.8295451661525,11058.53,5979.491,0.004941407,389.0194,0.005396485
238.89208434712845,0.0006138118880571371,4889.235279836584,11009.19,6139.073,0.004841797,386.4559,0.005376953
254.2201220308276,0.0005038243660718581,5441.6140728688,11328.35,5877.59,0.004947266,399.2737,0.005451172
220.91433370888493,0.001822951935235777,5174.40124352119,11148.26,5976.287,0.004669922,389.0194,0.005150391
220.3049332074443,0.0005190214849470539,4528.210544497471,11043.15,6498.611,0.004900391,383.8923,0.005353516
237.30150891999804,0.0005469595963960724,5549.86487590359,11225.81,5707.114,0.004900391,386.4559,0.005392578
243.75660296089785,0.0005127743471405464,4903.873010711334,11148.26,6244.819,0.004916016,370.4337,0.005417969
210.03525501401595,0.0005363660660275889,5343.466664979857,11027.13,5740.44,0.004914063,369.1519,0.005371094
241.55962884895317,0.00036764750157600217,5207.717169332207,11225.17,5942.32,0.004931641,390.9421,0.005421875
242.87157348618072,0.0005326116422126386,5474.049275384095,11222.6,5760.948,0.004867188,378.1243,0.005375
236.44221726267565,0.0005081373394886131,5175.9333018923,11145.69,6003.204,0.004785156,388.3785,0.005273438
226.71142052366176,0.00038208447622472316,4721.108381596298,10998.29,6306.345,0.004824219,372.3563,0.005314454
234.70704751355305,0.0006106235286643816,5400.510131739038,11206.58,5793.633,0.004808594,388.3785,0.005302735
246.32513883190197,0.00194591454907429,5872.156155548498,11284.77,5443.067,0.0044375,369.1519,0.004957031
212.5345841660852,0.00185570361173986,4998.2795756957985,11187.99,6133.305,0.004658204,365.3065,0.005138672
224.55302625998308,0.0005796055762300632,5640.349653462156,11229.65,5635.975,0.004873047,374.9199,0.005361328
237.13595921379175,0.0006054232291834863,5691.473731805844,11309.12,5550.096,0.004957031,381.9697,0.005439453
220.07842877601297,0.0007180636239534796,4970.036223265581,11008.54,6082.674,0.004824219,379.4061,0.005330078
215.07355152581124,0.0005573084338874757,5834.463851951171,11196.33,5370.006,0.004896485,370.4337,0.005376953
216.85876525906207,0.0007703119421245114,5278.938867658942,11195.68,5880.154,0.004810547,373.6381,0.005259766
247.5960751239603,0.0005193403816089083,5164.68631432541,11134.16,5938.475,0.004859375,393.5057,0.005361328
236.60430004528627,0.0004954057360073049,5734.3025404052805,11182.87,5411.023,0.004914063,390.3012,0.005447266
244.06526957405023,0.0004899020794502855,5329.423695983048,11264.9,5926.938,0.004855469,372.3563,0.005402344
218.15022253474334,0.0005144084019694162,5016.785529752653,11141.85,6100.619,0.004941407,394.7874,0.0054375
239.88872564851732,0.0005252038264609298,5316.83980709642,11238.62,5955.138,0.00491211,375.5608,0.005453125
246.4641606972004,0.0007192154303631369,5508.521622391309,11280.28,5741.722,0.004841797,371.0746,0.005365235
229.65848758202094,0.0005580700776945085,5511.466669731563,11229.65,5704.55,0.004882812,380.6879,0.005373047
231.8525670595754,0.0007127100024465489,4824.793635998395,11113.01,6311.472,0.004796875,413.3732,0.005230469
247.74254644300458,0.0006018422859892861,5572.791375952135,11169.41,5621.875,0.004884766,381.9697,0.005396485
242.1802192946332,0.0005801651671574256,5105.704871880558,11171.97,6042.298,0.004826172,385.815,0.005322266
246.26236117167943,0.0019605841772501508,5125.238259975676,11093.14,5964.11,0.004613282,367.8701,0.005207031
240.20383151204953,0.000662751796121493,5689.004609947795,11268.1,5576.373,0.004837891,382.6105,0.005320313
248.84072379027342,0.0005053142650101155,5165.112240152224,11145.05,5966.674,0.004929688,392.2239,0.005402344
240.11055904366532,0.001825240334910801,5521.465527869595,11213.63,5718.65,0.00465625,388.3785,0.0051875
228.29603308222426,0.0008600641967328869,5390.559279231348,11277.08,5858.364,0.004597656,383.2514,0.005080078
239.28568676016656,0.0005484881671209988,5101.754676610029,11134.16,6039.735,0.004830078,399.2737,0.005328125
230.71591897920104,0.00042020014732876477,5459.280919853722,11082.25,5633.412,0.004929688,384.5332,0.005392578
231.42208928434462,0.0005369466836115701,5324.8368039714205,11063.02,5705.832,0.004927734,399.9145,0.005419922
221.4295189300877,0.0006947394685048859,4883.164876543975,11043.79,6163.426,0.004783203,382.6105,0.005222656
223.73144778190576,0.0004529851314772702,5787.06817193841,11314.89,5477.035,0.004990235,378.1243,0.005484375
249.10681416274338,0.0005590931132051723,5128.849083432059,10987.4,5930.143,0.004898438,388.3785,0.005388672
211.00824948431645,0.00040801406097317123,5346.160648998158,11156.59,5860.927,0.004929688,362.1021,0.005408203
243.15688386975606,0.0004724848414002522,5150.749349462523,11172.61,5986.542,0.00494336,374.279,0.005416016
240.8078491360131,0.0006277246238306678,5258.443245376416,11146.34,5881.436,0.00491211,383.2514,0.005375
243.79828262663025,0.0005889734006168096,5685.916804141185,11226.45,5542.405,0.004851563,395.4283,0.005367188
236.80031322533483,0.0006546156911600151,5149.400652477357,11091.22,5938.475,0.004837891,390.3012,0.005351563
216.42625474197288,0.0004968316468519151,5533.795133356632,11225.81,5668.02,0.004962891,372.3563,0.005480469
249.88945400874826,0.000542503630913729,5759.709443765251,11316.17,5573.168,0.004871094,382.6105,0.005351563
219.09571708039675,0.0006759292943877682,5121.722279426989,11155.95,6022.431,0.004779297,366.5883,0.005285156
230.01527197416846,0.0019092506746726122,5753.758688090931,11161.72,5434.736,0.004726563,379.4061,0.005210938
218.56494694276822,0.00058907614505763,5455.772637614596,11249.52,5816.065,0.004902344,378.1243,0.005378907
231.78901480196822,0.0006878500354227753,5232.604978688235,11131.6,5903.226,0.004779297,389.0194,0.005242188
236.95903700889164,0.0017596015728090946,5354.988825197137,11187.99,5809.015,0.00475586,421.7047,0.005283203
254.15729059924746,0.0005801569541758712,5604.321850209533,11271.95,5655.202,0.004871094,385.815,0.00534375
221.7088884365325,0.0005869515759933877,5681.9974279496755,11310.4,5653.92,0.004853516,371.0746,0.005333985
235.69542329430539,0.0017275315522027757,5167.592827319405,11038.03,5895.535,0.004701172,379.4061,0.005191407
238.97236330675284,0.000521858132689353,5055.541848164321,11160.44,6069.856,0.004960938,426.8319,0.005417969
233.22247519411812,0.0005880341464775526,4699.320042927797,11044.43,6331.339,0.004857422,363.3839,0.005298828
234.6303057712583,0.0006007799884872672,5438.317791555552,11253.36,5784.661,0.004841797,367.2292,0.005318359
245.76543762385066,0.0005909537685389479,5344.084390644553,11227.09,5856.44,0.004916016,397.351,0.005408203
226.9980036656868,0.0004933181202055854,4345.194212883172,10839.99,6473.617,0.004871094,385.1741,0.005341797
225.34614826284914,0.0004607119077887132,5348.843364358486,11093.14,5752.617,0.004990235,377.4834,0.005447266
224.41022142093615,0.0007409147480666544,5448.985823856637,11281.56,5828.242,0.00472461,362.743,0.005251953
237.56980799131384,0.0019485202052212714,5174.922802923044,11136.72,5941.679,0.004449219,385.1741,0.0050625
244.98163773788713,0.0007040760037278543,5916.493500961543,11355.91,5431.531,0.004794922,385.1741,0.005337891
225.21812822131915,0.0017109661431321886,5663.493547086225,11201.45,5554.582,0.004730469,348.0026,0.005269532
221.14671109452223,0.0006293993572944629,5137.8223940100615,11102.76,5982.696,0.004916016,378.1243,0.005419922
232.1456396730928,0.0007590255748888008,5469.956437860758,11196.97,5710.318,0.004666016,365.3065,0.005183594
224.9971625308596,0.000500923964785936,5191.298985811877,11007.9,5819.269,0.004960938,398.6328,0.005400391
217.4624686151863,0.0018315964777619361,5157.423540692615,11198.89,6053.834,0.004697266,395.4283,0.005195313
221.24438284849626,0.0005534946102817411,5442.650031931968,11278.36,5793.633,0.004871094,393.5057,0.005347657
243.90777303364226,0.0008218480772909298,5117.099627937724,11098.91,5946.806,0.004669922,400.5554,0.005197266
246.79728817774858,0.0005489918522897574,4565.413290815984,11027.13,6503.098,0.004798828,392.2239,0.005310547
256.5353475243469,0.0005936769846923028,5691.23803636228,11276.44,5566.118,0.004853516,403.7599,0.005394531
248.48437408709935,0.0005202800895488738,4880.0232369782225,11079.68,6167.271,0.004931641,390.9421,0.005423828
253.97059763604844,0.0005482164139254082,5559.430424174785,11247.6,5725.059,0.004888672,388.3785,0.005435547
250.4501969795842,0.000536616147334371,4806.825543425459,10984.19,6204.443,0.004888672,366.5883,0.005345704
234.28363159722673,0.000507710431769531,5343.760127294548,11213.63,5886.563,0.004855469,393.5057,0.005396485
254.97658870438298,0.0017852350297591377,5190.8362118902805,11213.63,6046.785,0.004658204,385.1741,0.005201172
247.96640167835,0.00047805152536575086,5125.746552459063,11104.04,5985.26,0.004958984,385.815,0.005417969
256.667882439393,0.0019435746913171205,5991.007459990293,11357.83,5387.951,0.004458984,383.2514,0.005138672
250.71341975283514,0.00062216036993861,4898.225673645248,11096.99,6176.885,0.004914063,380.6879,0.005408203
219.70396730409036,0.0006835106270463192,5724.679513865914,11269.39,5532.792,0.004851563,369.1519,0.005322266
231.11102157833048,0.00046711654880223765,5430.917651680539,11163.64,5741.081,0.004929688,372.9972,0.005464844
232.32208154216158,0.000570467615761583,5678.898571215941,11136.72,5437.94,0.004988282,369.7928,0.005433594
228.8432288956566,0.0004861109838630259,5570.9676261996965,11088.66,5554.582,0.004929688,383.2514,0.005429688
250.8502332939619,0.0007398820397176182,5009.004869039178,11130.96,6106.387,0.0048125,396.0692,0.005287109
225.66478141735374,0.0005445384041617528,5767.005454017345,11296.94,5471.908,0.004873047,376.8426,0.005363281
263.1500695679382,0.000669135488780846,5637.656551068565,11285.41,5662.251,0.004824219,419.1412,0.005353516
231.9564529241059,0.0005460428283936285,4573.782879840937,10875.24,6383.251,0.004875,378.1243,0.005378907
249.8248675565851,0.0017426001663421462,4700.041898983367,11032.26,6326.854,0.004630859,387.0968,0.005087891
238.58392252753643,0.0005499702388106195,5248.677160648151,11192.48,6003.204,0.004945313,402.4781,0.005417969
229.65277824931516,0.0006000138202490068,4569.840758495062,10952.79,6387.096,0.004705078,384.5332,0.005205079
248.40647935457227,0.0005266127047258152,5476.946459051771,11216.19,5733.39,0.004916016,385.815,0.005414063
240.9685769944226,0.00044234496677849396,5201.118310070958,11197.61,5966.033,0.004960938,390.9421,0.005466797
252.28554712101942,0.0007742244591142944,5271.801328817405,11067.51,5734.031,0.004679688,394.1465,0.005154297
238.30483379826106,0.0005839669447216488,5802.909113337597,11256.57,5372.57,0.004896485,391.583,0.005351563
209.66357134931533,0.0005773475935767034,5337.95983845451,11243.11,5885.921,0.004871094,365.3065,0.005400391
238.61212381240554,0.0007720793941185493,5655.849029610668,11212.35,5560.351,0.004703125,391.583,0.005166016
237.47983023934603,0.0005715926915678708,4996.786085212228,11115.57,6111.515,0.004839844,401.1963,0.0053125
216.7400263834078,0.001774093056951629,4964.354661413702,11112.37,6115.36,0.004644531,378.1243,0.005166016
262.14798868973963,0.000508846951762704,5363.786238153882,11252.08,5891.049,0.004830078,363.3839,0.005332031
247.23634765882593,0.0004748875503729914,5206.7943695175445,11139.29,5939.116,0.004855469,392.2239,0.005345704
228.2005462126335,0.0006369156896256109,5299.944680870554,11165.56,5872.463,0.004857422,379.4061,0.005347657
223.82997798883858,0.0019874738658116867,5340.82719485129,11169.41,5837.855,0.004457031,365.3065,0.004996094
237.20433578337722,0.0005233213876652894,5101.007078368919,11171.33,6073.061,0.004949219,389.6603,0.005433594
256.2636752943048,0.0006813234036757464,5541.049778029381,11229.65,5695.578,0.004845703,388.3785,0.005402344
220.3692763596048,0.0007373952614496624,4961.22749969002,11037.38,6121.769,0.004794922,365.9474,0.005302735
232.77353920289724,0.0005850869212073368,6052.810462963577,11312.97,5341.167,0.004945313,388.3785,0.005460938
243.9902633830156,0.0006052334436196874,5896.226320431167,11237.34,5353.343,0.004958984,394.1465,0.005482422
222.2393205261562,0.0004348152545347849,5540.787477725166,11113.01,5582.141,0.00494336,375.5608,0.005382813
236.80621024731818,0.0005907184297723272,5280.906958596176,11280.92,5897.458,0.004900391,381.3288,0.005361328
236.92742752220346,0.0006025398989550235,5255.078908216683,11242.47,5970.519,0.004898438,394.7874,0.005345704
228.93003969257975,0.0005523023442292593,5206.4304992112475,11108.52,5911.557,0.004958984,380.047,0.00546875
215.63813631722772,0.0008656695192503906,5468.477250817861,11077.12,5617.389,0.00465625,357.6159,0.005185547
237.26020239330023,0.0004732596592153689,5196.267872565468,11028.41,5789.147,0.00494336,388.3785,0.005449219
240.25603320767627,0.0004910911503270045,5135.164860488086,11082.25,5951.292,0.004830078,390.9421,0.005294922
219.51380032336675,0.00049478296946648,5214.974688849092,11100.19,5892.331,0.004814453,369.7928,0.005222656
222.82139899110044,0.000601962370226767,5640.3887993116205,11191.84,5589.831,0.004925781,378.1243,0.0054375
218.66383568094665,0.0006707764901808343,5190.726361022471,11260.41,6053.193,0.004857422,372.9972,0.005333985
225.68487103018376,0.0005616302174132013,5649.090352124875,11116.21,5499.466,0.004888672,365.3065,0.005345704
231.47396043553206,0.0006373535976416816,5061.515050641886,11109.16,6062.166,0.004800782,389.6603,0.005314454
228.5098390963296,0.0005870158563996243,5391.141159110292,11195.68,5804.529,0.00484375,384.5332,0.0053125
239.54317359719153,0.0005123882466861032,5954.837747411636,11343.73,5430.25,0.004945313,386.4559,0.00546875
246.1074125600791,0.0006944700580881748,5764.087623386073,11267.46,5566.759,0.004855469,379.4061,0.005314454
226.01582608833627,0.0005939377944413214,5481.84544679842,11175.82,5719.291,0.004914063,368.511,0.005396485
247.39099692791808,0.0005038397920855771,5024.036141621486,11130.96,6087.161,0.004871094,389.6603,0.005328125
234.6081438561284,0.0006900069377628647,4988.822442651182,11146.34,6146.763,0.004763672,377.4834,0.005251953
221.00079150540319,0.0006944272394867002,5458.288788806904,11185.43,5704.55,0.004806641,360.1794,0.005296875
240.95479390138303,0.0004980039625940619,5095.084953349626,11183.51,6099.337,0.004888672,365.3065,0.005373047
229.85558941288613,0.0006518279930897678,5434.423471443996,11258.49,5781.457,0.004828125,370.4337,0.005289063
238.9809789071354,0.000670114475713765,5645.712175700962,11283.49,5674.428,0.004853516,372.3563,0.005351563
243.78988379540044,0.0018837264089254198,5381.938150475527,11186.71,5866.695,0.004462891,380.047,0.005121094
242.55942397090067,0.0004906508267154815,5096.436870288663,11096.35,6019.867,0.004931641,378.1243,0.005431641
252.063371336573,0.0005429026796692411,4525.958946836947,10992.52,6508.865,0.004798828,372.3563,0.005273438
243.76419029417025,0.0006534211435564634,4696.604368042482,11049.56,6346.08,0.00478125,376.8426,0.005298828
221.48893862012264,0.00044537552581087154,5188.654816896705,11037.38,5908.994,0.004914063,387.7377,0.005359375
235.70684006673443,0.0008526555141293882,4563.329622583508,10928.43,6326.854,0.004628906,390.9421,0.005154297
236.54893751374613,0.0018091900242260153,5173.200892627871,11142.49,5976.287,0.004650391,374.279,0.0051875
251.56341622985116,0.0005556968752146749,5416.488519683164,11227.73,5814.783,0.004931641,396.0692,0.005419922
238.99515831251264,0.000569672187349996,5644.525685541309,11315.53,5635.334,0.004826172,385.1741,0.00534961
226.86605417403777,0.0005101631671319351,5602.145477302238,11273.87,5684.683,0.00494336,354.4114,0.005392578
249.95377460452576,0.0017780858394038054,5669.380607892017,11211.07,5486.648,0.004789063,392.2239,0.005332031
245.28305351898086,0.0004902720568077127,5468.7317416826945,11215.55,5766.716,0.004929688,420.423,0.005388672
254.65852445934212,0.0004964509677468368,5457.912228898716,11145.05,5783.379,0.004927734,374.9199,0.005433594
246.79604847310287,0.00047424478809018683,5503.592361249759,11295.66,5764.153,0.004855469,369.1519,0.005410157
225.40570370294512,0.0005548012303721056,5105.087874583468,11155.95,6048.066,0.004958984,369.1519,0.005421875
235.62803738386472,0.0005781253543963455,5889.152516171082,11210.42,5327.067,0.004898438,378.7652,0.005388672
234.9538599330154,0.0005057567542010356,5115.436011928805,11104.68,5981.414,0.00494336,382.6105,0.005419922
257.0814820218953,0.0005002607205117229,5081.456322648909,11210.42,6108.31,0.004960938,390.9421,0.005431641
224.4563380779394,0.0008746368946371051,5777.258247928682,11341.17,5609.058,0.004789063,372.9972,0.005287109
219.81535315657374,0.000551750400134204,5238.22405676997,11166.84,5900.662,0.004919922,356.975,0.005423828
220.18068610498545,0.0006758700884745895,5367.582407060265,11254.01,5873.745,0.004765625,365.3065,0.005314454
239.82849964615986,0.0005831319651817401,5513.451765330197,11254.65,5768.639,0.004898438,383.8923,0.005373047
250.08012589941202,0.0005940441316991205,5503.777165151773,11177.74,5751.976,0.004857422,385.815,0.005351563
233.56683578557437,0.0006241571979760189,5483.664086200675,11227.09,5780.175,0.004810547,371.0746,0.005371094
225.91293785883465,0.0004009275286409434,5731.717712679161,11244.39,5534.715,0.004927734,360.1794,0.005417969
261.0969995403249,0.000586724081164844,5077.390948675258,11181.58,6121.127,0.004859375,386.4559,0.00534375
230.10935072682162,0.0005102857525427319,4593.486940957896,11050.84,6472.976,0.004917969,375.5608,0.005408203
224.18928233325198,0.0006742443414412348,5435.648713781359,11293.74,5834.65,0.004810547,386.4559,0.005242188
246.67628665733716,0.0005234733456798165,5429.965990094855,11237.98,5799.402,0.004925781,381.3288,0.005439453
240.04586787832287,0.0006333349121212877,4468.691696442471,10930.36,6445.417,0.004679688,386.4559,0.005166016
242.16738951699057,0.0019092962189090927,5396.548930725867,11251.44,5807.092,0.004683594,367.2292,0.005199219
224.87924961300362,0.00048253032645975165,5783.952042670576,11302.07,5573.168,0.00491211,392.2239,0.005419922
226.37538774028022,0.00048617194260825494,5384.747004007562,11214.91,5822.474,0.004916016,393.5057,0.005439453
248.34930110462867,0.0006917595655867887,4762.890232414698,10976.5,6135.868,0.004634766,382.6105,0.005099609
245.74781529382398,0.0007351470232203863,5184.511302301437,11091.22,5892.331,0.004796875,410.1688,0.005234375
225.90434053916232,0.0005240551401142993,5409.066692313954,11186.07,5771.843,0.004958984,376.8426,0.005398438
224.04068045913746,0.0017312475110313863,5718.449883313032,11200.81,5519.974,0.004826172,353.1297,0.005257813
211.46713665960604,0.0005851156119915538,4413.440375166961,10897.67,6496.047,0.004810547,372.9972,0.0053125
256.05131771865257,0.0006098253745520497,5233.15131620585,11190.56,5880.794,0.004908203,365.9474,0.005414063
204.3484914285626,0.0006378126060188465,5368.603044943846,11127.75,5748.771,0.0048125,372.9972,0.005316406
240.08206001979943,0.0004128974455066451,5886.066321222998,11337.32,5455.245,0.004941407,380.6879,0.005476563
228.49987639388465,0.0005332603831962354,5118.457991616566,11123.26,6145.481,0.004785156,381.9697,0.005267578
247.29578221140653,0.0006961648288232428,5396.310799941483,11157.23,5799.402,0.004824219,383.8923,0.005300782
215.1374437211646,0.0006844414678335618,4816.9778284999,10996.37,6211.493,0.004634766,369.7928,0.00509375
227.44281712338272,0.0005399545651089047,4648.234412588288,10910.49,6275.582,0.004916016,387.0968,0.005421875
223.61375641222224,0.001804679575837881,5268.27725711612,11174.54,5876.309,0.004669922,382.6105,0.005148438
229.2785108724028,0.0006015385404631688,4970.875420711067,11066.22,6067.293,0.004857422,377.4834,0.005328125
214.1613036826861,0.0003687660750851732,5310.801784645523,11107.88,5841.06,0.004929688,380.047,0.005419922
230.94967162647876,0.0006775266194002865,5260.488161825911,11167.49,5904.508,0.004824219,392.8648,0.005332031
218.63070982428712,0.0006145176820955101,4951.625419869262,11039.95,6084.597,0.004884766,388.3785,0.005351563
222.15813308800264,0.0004967225982710088,4569.264796620466,10859.22,6355.052,0.004882812,385.815,0.005359375
247.43593944246714,0.0006909738408966454,5544.977993831025,11264.9,5703.909,0.004857422,412.7323,0.005382813
228.91240327673304,0.0005661138625860165,5141.4569576105805,11020.72,5941.679,0.00490625,374.279,0.005359375
244.83674092945915,0.0005587455169659877,5464.247256717671,11250.8,5753.898,0.004898438,392.8648,0.005445313
248.78507687846263,0.0018974630177238162,5909.272343551289,11264.9,5321.299,0.004533203,369.7928,0.005046875
237.0279643097836,0.0006503977777267053,4827.770213773404,11013.03,6180.089,0.00475,403.7599,0.005242188
247.0995306557254,0.0005732937504873279,5675.309834117903,11254.65,5565.478,0.004841797,385.1741,0.005320313
231.1612893269611,0.0006553437605083963,5005.292388682148,11001.5,5970.519,0.0048125,384.5332,0.00522461
244.8639628277503,0.0004817069414340407,5251.422002567661,10988.68,5751.335,0.004884766,380.6879,0.005378907
235.56343768123062,0.0006258445713098722,5375.811664920564,11144.41,5768.639,0.004941407,362.743,0.005455079
228.8286765153265,0.0007435334649376105,5047.939357559548,11013.67,5930.143,0.004765625,370.4337,0.005330078
251.88363743724688,0.0005147857750022369,4903.349475799656,11059.82,6183.294,0.004900391,369.1519,0.005371094
232.65564049006514,0.0007695751674818126,5398.87251922482,11163.64,5782.098,0.00472461,386.4559,0.005240235
228.39702151074533,0.0005814067996447692,5376.064743083667,11121.98,5744.926,0.004927734,380.6879,0.005400391
234.11099228847795,0.0004529004705852968,5786.325100683682,11280.28,5540.482,0.004976563,403.119,0.005480469
233.75181977976874,0.0005315237706348519,5334.497217645452,11236.06,5878.872,0.004914063,380.047,0.005433594
236.45185182685574,0.000604792900747693,5518.249222552136,11218.76,5709.036,0.004949219,379.4061,0.005417969
238.69156265445883,0.000588026837061935,4684.361242574855,11023.93,6327.494,0.004810547,346.7208,0.00528125
222.84412291938511,0.0007239339198578046,5296.584214737334,11092.5,5772.484,0.004837891,370.4337,0.005345704
238.17656607069588,0.0008830574341399093,6099.057501759126,11432.81,5286.05,0.004775391,392.2239,0.005226563
249.8272953523927,0.0007554602418351976,5612.612687132574,11265.54,5662.893,0.004683594,377.4834,0.005248047
242.7768048275376,0.0006165700049275171,5853.416662624613,11343.73,5482.162,0.004914063,378.1243,0.005488282
230.23946894415445,0.0005277262587352466,5341.991998713286,11169.41,5809.015,0.004916016,381.3288,0.005378907
239.27274641041203,0.0006431540703396615,4453.113458066322,10964.32,6472.976,0.004765625,380.047,0.005328125
238.6358849161592,0.0007256464987840258,5054.634619140711,11154.67,6047.426,0.004824219,390.3012,0.005304688
225.11110455241536,0.0005789225766133464,5524.184725846365,11189.28,5681.478,0.004917969,381.3288,0.005371094
241.48421825825852,0.0006711351192763386,4632.036760876351,10955.35,6314.036,0.004830078,393.5057,0.005271485
237.9844578827827,0.0005333601679701367,5118.168490270475,11174.54,6070.498,0.004898438,373.6381,0.005392578
240.15002549589298,0.0006174244814637222,5582.058516628784,11114.93,5493.057,0.004826172,387.0968,0.005283203
258.0717529755291,0.00042400734234217203,6219.494828736102,11320.02,5314.249,0.004957031,396.0692,0.0054375
229.63902463950777,0.000555636255719264,6111.6461474944235,11407.82,5337.321,0.004916016,387.7377,0.005423828
227.8375941779506,0.0006595586413550918,5262.412494007994,11107.88,5879.513,0.004841797,370.4337,0.005314454
225.02581875012186,0.0005466104062334658,4851.3046872007535,11094.42,6267.892,0.004917969,374.279,0.00541211
221.67139511287598,0.0008186109831955585,4838.495223502521,11029.05,6265.969,0.004613282,355.6932,0.005166016
240.14612349285593,0.0005534986031544827,5157.535155972867,11219.4,6139.073,0.004914063,383.8923,0.005392578
237.82432307630876,0.0007803966958257495,4827.144910719305,11013.03,6183.935,0.004679688,387.0968,0.00515625
247.94539763943772,0.0006537276479764322,5778.0625961753485,11320.02,5569.323,0.004869141,394.1465,0.005402344
222.7410429261361,0.0005414320322249283,4828.174488556628,11005.98,6201.239,0.004826172,388.3785,0.005308594
220.24096075997102,0.001893314628071266,5147.186760729353,11102.76,5978.209,0.004701172,371.0746,0.005195313
238.83010180399128,0.0005817997224135426,5263.9816573183625,10988.68,5781.457,0.004873047,378.7652,0.005347657
235.84638586430566,0.0005081337607020594,5494.846855619046,11265.54,5857.723,0.004914063,378.1243,0.005404297
228.1018708308152,0.0005308851876391183,5795.974335303859,11204.66,5377.697,0.004916016,374.279,0.00540625
224.1670097143753,0.0007132125896995,5323.058551213038,11076.48,5707.114,0.004841797,367.8701,0.005291016
258.73195950411105,0.0008526707174721649,5085.577370285675,11144.41,6039.735,0.004621094,393.5057,0.005134766
241.98939681403434,0.0005621762098924241,5551.860984394535,11179.02,5651.356,0.004902344,392.8648,0.00540625
228.30847801993832,0.00174513386053236,4932.401812989457,11121.98,6226.233,0.004666016,373.6381,0.005167969
243.2468465555425,0.0006752482535536439,5263.807242568982,11128.39,5801.965,0.004826172,376.2017,0.005308594
224.05867928956707,0.0006939023572991324,4679.687398414665,11051.48,6382.61,0.004794922,384.5332,0.005269532
248.55072277131964,0.0018933221625036557,5169.66507888309,11102.76,5904.508,0.004685547,383.2514,0.005197266
248.57363653509924,0.0005731303480560235,4988.139560185175,11091.86,6110.874,0.004898438,417.8594,0.005386719
227.75694945073784,0.0006052145576501911,5416.861615712994,11187.99,5763.512,0.004957031,373.6381,0.005453125
243.39236702461352,0.0005884193814855365,5347.297416990654,11221.96,5859.004,0.00484375,396.0692,0.005316406
246.0270305411495,0.0007961191583127529,5064.270568539488,11077.12,6014.74,0.004667969,387.7377,0.005128907
227.16753944022167,0.0005965794762298434,5732.616984007209,11309.12,5641.103,0.004925781,372.3563,0.005410157
234.92320347159915,0.0005007122511676123,6045.592759807136,11409.74,5337.962,0.004910157,378.1243,0.005414063
233.00097636315348,0.0006951819901037299,4723.660304614787,11005.34,6319.163,0.004632813,414.655,0.005167969
209.32827660275777,0.0008281343291257502,5203.980438383137,11057.89,5770.562,0.004710938,366.5883,0.005177734
214.91287989875073,0.0008905816060840097,5036.7367737945315,10947.66,6012.177,0.004699219,372.3563,0.005216797
220.16339511686917,0.0006454794407004659,5755.13787654981,11300.79,5544.328,0.004871094,369.7928,0.005316406
229.75200372581637,0.0005695697422954708,5072.475298551663,11038.03,5958.342,0.004857422,381.9697,0.005298828
244.339255918932,0.0019544851681347047,5621.235947762127,11300.15,5691.091,0.004712891,398.6328,0.005214844
230.3078260865041,0.0005138019688296721,5533.084763765197,11246.32,5716.086,0.004929688,371.0746,0.005417969
241.86962914591345,0.0007702253219352758,5234.716287550862,11204.02,5941.679,0.00469336,390.3012,0.005201172
235.8819400894665,0.00047444756851783445,5341.867820973225,11048.28,5733.39,0.004884766,363.3839,0.005353516
228.87166906986775,0.0005798145728870222,4957.2478687031835,11007.9,6023.712,0.004861328,374.9199,0.005326172
253.85150199352935,0.0005627240051203642,5050.865847092051,11091.86,6024.354,0.004857422,394.1465,0.005353516
222.85949449621566,0.0006194599136946889,5141.308919165908,11122.62,5968.597,0.004947266,368.511,0.005455079
217.6141942311627,0.0007571765071959044,5422.909382261333,11059.82,5659.688,0.004679688,385.1741,0.005183594
224.415726720448,0.0006073794397616621,5475.2364814143275,11198.89,5750.694,0.004896485,372.9972,0.005328125
209.6517494872718,0.0005552105926092377,4870.029319234174,11002.14,6119.205,0.00491211,367.2292,0.005431641
255.4197682973417,0.0006221109183198759,5463.180790067746,11303.99,5830.805,0.004857422,384.5332,0.005351563
242.3811002624434,0.0005877673970042035,4845.9147391295965,11057.25,6185.217,0.004748047,388.3785,0.005314454
226.78262935364035,0.0006658233524384125,5081.397057594815,11170.05,6067.293,0.004779297,384.5332,0.005273438
242.37413676147025,0.0017930792556175037,5242.4368372849085,11128.39,5928.861,0.004638672,369.7928,0.005175781
231.67425333281022,0.0006294240581615994,4944.209804122513,11045.72,6070.498,0.004914063,376.2017,0.005375
247.7258252303572,0.00047511022842868287,4490.062506704433,10939.97,6467.208,0.004869141,395.4283,0.005330078
248.25000992496044,0.0005896705316106368,5307.676495264248,11176.46,5863.491,0.004923828,413.3732,0.0054375
220.75793884619307,0.0005652055823286919,4888.298863498022,10979.06,6135.868,0.004839844,384.5332,0.00534961
237.9530674074604,0.0005840173349238167,4589.60038562909,10922.67,6354.411,0.004734375,381.3288,0.005210938
221.21845165395476,0.0005669682981335343,5967.116610567227,11252.08,5469.985,0.004857422,382.6105,0.005386719
212.15384880142716,0.0006183870884038823,4774.948074848772,11028.41,6235.206,0.004751953,367.8701,0.00519336
230.87518502639128,0.00183463670719768,5106.812581654525,11228.37,6014.1,0.004660157,379.4061,0.005183594
254.30584313809788,0.0006014932278378147,5119.381644650754,11190.56,6115.36,0.004837891,379.4061,0.005316406
221.48425317127553,0.0019253529667796578,5709.998409284444,11266.18,5595.599,0.004517579,369.7928,0.005199219
218.98127964714254,0.0007115121849919571,5689.924725615119,11287.33,5594.958,0.004855469,381.9697,0.00538086
246.66517485811673,0.0004254552711774296,5377.995047390949,11168.77,5775.688,0.004929688,376.2017,0.005396485
227.49497695128025,0.0005894353712448698,5416.484026917789,11235.42,5789.788,0.004837891,381.3288,0.005318359
236.9715516546157,0.0006507519386564929,5694.458826283361,11146.98,5480.88,0.004828125,390.3012,0.0053125
250.2735679771057,0.0004746059480780535,4108.765415857262,10852.81,6630.634,0.004900391,393.5057,0.005361328
247.6198265182088,0.0005084808426288947,5670.332390721887,11267.46,5586.626,0.004914063,386.4559,0.00540625
239.80651274060384,0.000627938845843703,4870.830118101362,11023.29,6166.631,0.004796875,366.5883,0.005267578
212.32381775164376,0.0007011201916173495,5351.26151392235,11052.77,5714.163,0.004828125,379.4061,0.005316406
228.29407628205254,0.0005936179178207243,6087.920487985404,11378.98,5342.448,0.004867188,390.3012,0.005382813
236.35889543666664,0.0009234953861292739,5711.302895489932,11296.3,5601.367,0.004775391,390.3012,0.005333985
239.73509586664056,0.0005966394640672483,5583.917758978472,11187.99,5550.096,0.00484375,384.5332,0.005345704
226.4694337460856,0.0004753270670979161,5114.28593336,11190.56,6058.32,0.004853516,372.9972,0.005314454
227.28977377158918,0.0005588348060436357,5662.377003728368,11268.1,5613.544,0.004808594,385.815,0.005335938
219.66210362893338,0.0008276390896146059,5199.655123624164,11064.3,5912.198,0.004681641,355.0523,0.005175781
226.09344919744802,0.0006348051477809772,5431.29693640599,11284.77,5795.557,0.004806641,399.2737,0.005275391
242.22149135159725,0.0005911113299015249,5501.050104066089,11195.68,5674.428,0.004957031,387.7377,0.005445313
249.04043091549678,0.0017941515401536281,4624.3878742267625,10958.56,6321.726,0.004628906,375.5608,0.005082032
242.9572376807792,0.0005863876603159916,5028.931958467747,11151.46,5969.237,0.004898438,392.8648,0.005357422
248.85862862087387,0.0005739258410838992,5939.307106875641,11293.74,5319.376,0.004900391,387.7377,0.005392578
233.5303905478008,0.0005828293820751225,5180.285805456532,11114.29,5939.756,0.004867188,393.5057,0.005359375
219.65724025123495,0.0007279928802219786,5232.5647599851545,11070.71,5879.513,0.004824219,352.4888,0.005308594
221.73970818800868,0.0005915568620742115,5240.582161674692,11145.69,5890.408,0.004914063,381.9697,0.005355469
247.4732640927445,0.0005358917417153389,4408.251200988467,10790.0,6415.295,0.004886719,390.3012,0.005388672
230.2894736930997,0.0005190940074517118,5293.590225219339,11194.4,5881.436,0.004902344,362.743,0.00538086
242.87978682351374,0.0005984110427633856,4880.966630908299,10991.88,6128.818,0.004796875,376.8426,0.005310547
222.96155898822627,0.0006298463838966296,4296.212918344651,10827.81,6666.524,0.004736328,365.9474,0.00528125
249.87069828020287,0.0005402431068003692,5911.34681776879,11322.58,5423.2,0.004976563,393.5057,0.005466797
250.56993494163518,0.0007614118782695855,5266.790511483697,11148.9,5923.093,0.004828125,372.9972,0.005332031
218.10845285218747,0.0006142728848083127,5336.350892799585,11030.33,5702.627,0.004841797,366.5883,0.005363281
253.9265654784711,0.0006532014320125562,5896.923749519517,11381.54,5455.245,0.004839844,392.2239,0.005347657
230.62792164660854,0.0019504482592870612,5479.980966615678,11209.14,5718.65,0.004607422,419.1412,0.005175781
232.58447431106308,0.0005854006020170727,5071.712640714851,10979.06,5980.773,0.004931641,400.5554,0.005416016
226.58685732811256,0.0017059618261267592,4814.174535489682,11035.46,6176.885,0.004636719,396.7101,0.005128907
239.28130061666118,0.0006661116940933594,5183.468928393039,11079.68,5933.347,0.004765625,377.4834,0.005306641
230.55156127979308,0.00038248246515300174,5628.927480604311,11238.62,5626.362,0.004957031,381.9697,0.005480469
243.15547225585428,0.0006959389053068998,5695.931695458811,11253.36,5573.168,0.004839844,381.9697,0.005304688
211.8339563678141,0.0006982168036665062,4924.203603670958,11131.6,6264.046,0.00478125,355.6932,0.005285156
254.917852854509,0.0007354102688774709,4982.415357886968,11084.81,6051.912,0.004695313,389.6603,0.005160157
247.96635422855863,0.00043638420106712075,5873.727683487162,11276.44,5412.305,0.004958984,381.9697,0.005441406
233.71711073866672,0.0005118947231699429,5286.601420015997,11208.5,5882.717,0.004929688,374.279,0.005458985
220.1798489344152,0.0005261284726554082,5426.088697847362,11203.37,5810.938,0.00491211,383.8923,0.005410157
239.20995834319035,0.000529387881993985,5417.502165828747,11270.03,5855.8,0.004947266,389.0194,0.005523438
232.97464879001555,0.0005164296920022067,4978.978049311968,11120.06,6160.863,0.004929688,404.4008,0.005386719
246.85637424264846,0.0005989618071851894,5775.9509111499565,11293.74,5477.035,0.004914063,367.2292,0.005427734
225.6165737831694,0.0005494313738075981,5605.013103556555,11273.87,5668.02,0.004871094,375.5608,0.005347657
253.62134164738112,0.0008930001825253487,5740.324840156503,11355.91,5598.804,0.004703125,397.9919,0.005300782
239.61120491978227,0.0005995643022329609,5086.236844238543,11102.76,5999.359,0.004837891,381.9697,0.0053125
227.94477984281178,0.0006578090807635861,5638.747153588797,11225.17,5575.091,0.004869141,384.5332,0.005408203
252.6833765931142,0.0008201127890329111,5440.897761352834,11245.67,5763.512,0.00469336,374.9199,0.005181641
248.88763833903928,0.0007798613262598293,5685.920319467817,11275.8,5566.118,0.004869141,394.1465,0.005435547
245.77359501752997,0.0005677052553117233,5491.512986695668,11224.52,5744.285,0.004916016,384.5332,0.005394531
234.69160740241983,0.0006410070575073649,5183.409750510964,11108.52,5972.442,0.004857422,393.5057,0.005378907
231.45308857156252,0.0006507289718460168,6154.254462064061,11467.42,5325.145,0.004826172,367.8701,0.005291016
230.5611720051845,0.000557122194666995,4863.267253703097,11071.99,6157.018,0.004705078,376.2017,0.0051875
226.78631197180408,0.0006332108529103978,5544.220336458584,11207.86,5651.997,0.004841797,384.5332,0.005335938
234.7202595059307,0.0005855722095210907,5290.212038808627,11245.67,5937.834,0.004916016,375.5608,0.005449219
244.02329525730735,0.0006420285155658924,5563.671581631389,11290.54,5739.799,0.004841797,390.3012,0.005351563
236.26870364767288,0.0005858713062271135,5069.4781974586385,11148.26,6083.956,0.0048125,389.6603,0.005275391
246.69611883473388,0.0006746767736436447,5618.178777037784,11316.81,5691.732,0.004857422,404.4008,0.005332031
227.55265810365518,0.000680068034150757,4786.238312263072,10991.24,6184.576,0.00484375,380.6879,0.005328125
222.29845110275903,0.000902825680672709,5777.469934310319,11184.15,5459.73,0.004826172,372.9972,0.00534961
220.6953619425173,0.0007197774635800504,5170.041778305008,11186.71,6049.348,0.004783203,375.5608,0.005306641
228.8227264117138,0.0006555767476332385,5648.493078055915,11225.17,5594.958,0.004894531,384.5332,0.005423828
218.45373769658113,0.0006188579085398508,5265.7450902166565,11260.41,6008.331,0.00488086,378.1243,0.00534961
225.42913743766613,0.0006791297474890741,5742.119564473494,11113.65,5423.2,0.00475,364.0247,0.005457032
234.093580008508,0.0018738183550814308,4389.759007379585,10802.82,6420.423,0.004626954,383.8923,0.005078125
230.92609585903273,0.000587102651578896,5681.016439228183,11242.47,5568.041,0.004916016,358.2568,0.005392578
220.3627847227372,0.0008305794079995134,4988.0762836942995,11124.55,6134.586,0.004652344,359.5385,0.005185547
236.77087706198284,0.0005666572414230011,5684.472607455872,11311.04,5627.644,0.004855469,420.423,0.005351563
247.1219995790554,0.0006526100006755255,4946.8590323219705,11059.82,6113.437,0.004798828,392.2239,0.005292969
232.9351574903489,0.0006702501496073977,5586.437224694043,11115.57,5552.019,0.004839844,370.4337,0.005347657
256.26933908511853,0.0005815835247002859,5196.295907099834,11154.67,5999.359,0.004898438,397.9919,0.005373047
245.57006726647873,0.0006133498587741605,5178.042104187762,11118.78,5946.806,0.004822266,381.3288,0.005291016
246.14150627943044,0.0005339981535212031,6014.516992727318,11434.74,5439.863,0.004931641,387.0968,0.005455079
242.60910265578448,0.0007093679387753501,4734.795582410486,11059.18,6332.621,0.004638672,388.3785,0.005167969
238.18892275240557,0.000659243511463238,4886.828020218462,11152.75,6194.83,0.004630859,386.4559,0.005195313
227.27332680244808,0.0007092511395664297,4914.432878339299,10943.82,6050.63,0.0048125,390.9421,0.005275391
233.64933568472955,0.0003523656299611278,6021.246435733053,11289.25,5320.658,0.004931641,414.0141,0.005535156
236.64771256826734,0.00039091739857299726,5102.078410346531,11094.42,5996.154,0.004931641,390.9421,0.005423828
206.64650104921182,0.0018180585264258576,5675.795294506288,11291.82,5652.638,0.004714844,369.1519,0.005253906
234.51357109732479,0.0006551732207480219,5645.883121426864,11244.39,5630.848,0.004839844,399.9145,0.00534961
241.75824243929102,0.0007445770645702454,5284.010646267368,11185.43,5903.867,0.00475,401.1963,0.005253906
223.0220145464256,0.0006744920361833741,5571.863264073269,11168.13,5594.317,0.004839844,383.2514,0.005316406
244.44998297773282,0.00048176309791120146,5650.885388968358,11175.82,5516.77,0.004927734,389.0194,0.005435547
221.06973006196606,0.0006461944758626652,4957.415432032825,11097.63,6175.604,0.004884766,361.4612,0.005326172
241.678417943799,0.0004966325822930183,5089.774587006603,11139.93,6038.453,0.004957031,385.815,0.005453125
208.08275182585402,0.0006590937868025124,5777.105981907878,11341.17,5535.997,0.004806641,370.4337,0.005289063
251.67912591493524,0.0005726387179751553,5285.884544337053,11269.39,5951.292,0.00484375,387.0968,0.005337891
217.90550551205868,0.0006307647149174474,5181.375212851191,11080.96,5908.994,0.00491211,379.4061,0.005392578
237.32277208660258,0.0019305551845853765,5071.103798067812,11160.44,6087.161,0.004626954,370.4337,0.005140625
224.1546331251635,0.0005784355123466377,5612.577178167316,11281.56,5772.484,0.004853516,385.815,0.00534961
227.73174727252706,0.0005443670997338533,5287.4794657623015,11172.61,5869.258,0.004900391,374.279,0.005359375
235.04812800434053,0.0006046041878057107,5459.611720495972,11204.02,5748.771,0.004914063,382.6105,0.005371094
250.11817258812587,0.0007196887921284614,5886.277545929341,11349.5,5478.957,0.004828125,380.047,0.005322266
236.69482160723703,0.0007406472044992374,5024.100026782236,11143.13,6128.818,0.004873047,390.3012,0.005314454
219.87997882153576,0.0019060822685747182,5112.378039305705,11093.78,6008.972,0.004625,383.8923,0.005103516
240.730901798202,0.000584727718013058,4605.316530371509,10897.67,6332.621,0.004736328,396.0692,0.005296875
212.0580584510274,0.0005464828232906509,4709.8408420971755,10927.79,6236.488,0.004855469,380.6879,0.005294922
206.3620735143148,0.0018272888064504772,4530.903923384936,10937.41,6414.014,0.004621094,390.9421,0.005125
240.94365782826443,0.0006728694109055075,5081.966043186888,11196.33,6135.868,0.004841797,383.2514,0.005300782
233.08896662789215,0.0006396086903367183,4332.007024277733,10817.56,6497.329,0.004794922,392.8648,0.005304688
218.04659761781926,0.0018666133583542788,5195.337183734595,11188.63,5997.437,0.004640625,380.6879,0.005205079
227.80658230435375,0.0005058662122183801,5657.189796536904,11345.65,5807.092,0.004945313,387.0968,0.005392578
249.34399638335228,0.0006140597285421537,5107.827905760374,11212.35,6125.614,0.004839844,362.1021,0.005402344
228.1340629158972,0.0005544942709329926,5596.741077365254,11114.93,5532.151,0.004962891,409.5279,0.005423828
217.43383855814315,0.001846776952415737,5138.711318104851,11020.72,5958.983,0.004626954,376.8426,0.005138672
234.7244366774802,0.0003986298661035766,5311.2266416521525,11202.73,5900.021,0.004900391,376.8426,0.005357422
215.1285776247162,0.0006955072877181411,4955.158626242989,11093.14,6168.553,0.004708984,372.3563,0.005240235
220.27030608223203,0.000609985512376198,4956.090840368477,11027.77,6058.32,0.00469336,365.3065,0.005183594
248.33919324109894,0.000653732090565243,5412.639187718126,11220.04,5799.402,0.004855469,367.2292,0.005332031
254.984036264394,0.00047075709262559007,5593.57328698955,11267.46,5695.578,0.00494336,373.6381,0.005453125
226.98299937561137,0.0007461633803216396,5697.125354402591,11157.87,5442.427,0.004708984,396.7101,0.005191407
248.71713486761416,0.0007134194357565964,5063.237507530749,11084.17,6007.05,0.004800782,370.4337,0.005269532
225.8308572638532,0.0005114443391147706,5083.417632098312,11161.72,6067.934,0.004871094,369.7928,0.005330078
206.4910239248034,0.0006547257763964422,5765.5810809468685,11291.82,5544.328,0.004851563,389.6603,0.00534961
231.97179875616052,0.0006288090399825681,5436.026151489319,11234.14,5796.197,0.004814453,372.9972,0.005308594
230.39447763154848,0.0005138874959544276,5441.94257212286,11125.83,5665.456,0.004947266,367.2292,0.005470703
242.84468712016883,0.0006792889695689499,5556.678525037849,11334.12,5724.417,0.004841797,383.8923,0.005316406
239.8981249682242,0.00048826852346485125,5563.166948193335,11272.59,5743.644,0.004990235,365.3065,0.005498047
230.94426294067486,0.0006733616407610862,5671.4000144763895,11318.09,5630.848,0.004804688,367.2292,0.005277344
255.528351671946,0.0007666466962938842,4938.233475646306,11124.55,6189.062,0.004666016,383.2514,0.005210938
240.75515217433832,0.0006302173562356974,4940.643461263706,11128.39,6177.526,0.004839844,394.1465,0.005314454
234.97156627523145,0.0017985802640656005,4846.8536776424735,11119.42,6256.996,0.004630859,376.2017,0.00509375
256.34689884764447,0.0006909672748078664,4993.222531338714,11100.83,6119.846,0.004792969,405.0416,0.005253906
240.58717942579003,0.0007478233985652714,5263.595218155066,11226.45,5964.11,0.004769532,410.1688,0.005269532
222.03222522186948,0.0005813433488771227,4339.500750865891,10902.8,6463.362,0.004707031,376.2017,0.005222656
213.5529169903205,0.0006954731610286086,5171.766150700693,11202.09,6017.304,0.004802735,388.3785,0.005322266
235.5596439603377,0.0005905077724185059,5613.32755785095,11262.34,5657.125,0.004851563,374.9199,0.005333985
225.96280268335227,0.0005990416256915439,5106.719118356293,11086.73,5985.26,0.004824219,374.9199,0.005302735
227.03120997326843,0.0004924149618520178,5016.498668765419,11126.47,6106.387,0.004962891,406.9643,0.005453125
247.92881561127928,0.000634828645960452,5410.152981525253,11234.14,5787.225,0.0048125,374.9199,0.00525586
228.4985023776838,0.000833259645386963,5085.138379062025,11088.66,5994.232,0.004671875,378.7652,0.005173828
240.40232967115392,0.0006002890734030925,5820.733163164214,11329.63,5552.66,0.00488086,392.2239,0.005480469
237.5539537579434,0.0005065717726713836,5367.521055418428,11208.5,5873.104,0.004976563,358.2568,0.005423828
244.50485824388534,0.0007336355161537915,5021.424118562055,11062.38,6055.757,0.004765625,389.6603,0.005259766
219.53881835774934,0.0005863983280691621,5661.353920820104,11304.63,5660.97,0.004851563,399.2737,0.005351563
251.51475936902733,0.0006317127572479417,6094.535985445513,11479.6,5236.702,0.004888672,383.8923,0.00534375
248.87113337534151,0.0006591434488282269,5143.523106730871,11080.96,5941.038,0.00484375,405.0416,0.00528125
251.54765612817735,0.0006323345399805142,4632.901132778278,11002.78,6419.141,0.004705078,370.4337,0.0051875
239.14531362546649,0.0003371865287957983,5468.558799506245,11191.84,5710.959,0.004945313,361.4612,0.005435547
207.77298838187076,0.0005632843857104393,5344.055866503648,11031.62,5725.699,0.004871094,378.7652,0.005328125
244.21955977494486,0.0007018780165554481,5623.053131301372,11196.33,5567.4,0.0048125,399.2737,0.005265625
228.28221215965448,0.0006600089032760556,5889.964849971519,11319.38,5345.012,0.004798828,372.9972,0.005306641
242.03833601459442,0.00068076413284293,5251.500152683129,11269.39,5944.883,0.004826172,395.4283,0.005304688
229.16197084034198,0.0005823242411483305,5114.61053412674,11115.57,6019.227,0.004882812,385.815,0.005357422
248.14312477877942,0.0005113398312607455,4875.15848231741,11036.1,6142.918,0.004917969,363.3839,0.005431641
230.86493830580696,0.0005355617418699582,5723.873262287194,11196.97,5528.306,0.004957031,372.9972,0.005435547
235.33548695733674,0.0007555262120023835,5557.137301161014,11211.07,5692.373,0.004691407,382.6105,0.005177734
244.8230076280798,0.0005985443549540234,5021.243851276378,11130.96,6107.669,0.004898438,398.6328,0.005341797
220.89380435940296,0.0019091651931194052,5479.208955942793,11287.33,5816.706,0.004578125,362.743,0.005152344
232.09739990662703,0.0007075251801303927,5396.800830505552,11123.91,5741.722,0.004826172,369.7928,0.005304688
217.89843082609818,0.0004910777195446473,4870.3590804016685,11057.25,6197.394,0.004884766,372.3563,0.005357422
220.50044610169314,0.0017377115632437141,4686.932380393433,10982.27,6187.14,0.00466211,388.3785,0.005164063
218.7669167702445,0.00039687202368980385,4869.29336514145,11020.08,6094.21,0.004958984,349.9252,0.005392578
255.58755035604594,0.00044556897158703134,5874.050846170339,11394.36,5515.488,0.004927734,388.3785,0.005404297
221.6140343788684,0.0018525822864406162,5129.318429811366,11103.4,5962.828,0.004626954,358.8976,0.005132813
241.20811786174494,0.0006378019218762789,5681.9408593454355,11223.88,5545.61,0.004884766,375.5608,0.005359375
245.1836252454569,0.0005993138269337208,4391.553538828688,10792.57,6447.34,0.004910157,378.7652,0.005414063
221.08451403373834,0.0004723441063629384,5583.203917221886,11243.11,5616.749,0.004914063,397.351,0.005423828
221.76790446196705,0.0018837482056046823,5491.908957536602,11216.19,5719.291,0.004671875,372.9972,0.005169922
253.37842537277294,0.0004618673714150539,5924.837713132738,11264.9,5371.288,0.004988282,370.4337,0.005460938
219.18634431793728,0.0008076210028015019,5078.626050701057,11181.58,6074.983,0.004664063,367.8701,0.005146485
249.9024784335603,0.0006345390086103631,5207.898812677394,11152.1,5942.32,0.0048125,389.0194,0.005365235
230.606880772707,0.0018797738708056118,5799.744803282846,11259.13,5371.288,0.004667969,399.2737,0.005201172
236.67235334517798,0.0005992180993122953,5514.276582152263,11237.34,5721.854,0.004853516,379.4061,0.005361328
240.79867537145938,0.0005127959538455177,6221.455558369065,11473.83,5218.757,0.00497461,410.1688,0.005501953
230.68488955012032,0.0008054191637002711,5671.374827683345,11265.54,5612.903,0.004746094,378.7652,0.005320313
223.64774993369076,0.0006037827576154389,4780.202325914329,11079.68,6298.654,0.00472461,371.7154,0.005318359
243.25803422335937,0.0005744378681521356,5780.475191820429,11323.86,5550.096,0.004882812,409.5279,0.005363281
240.398092356448,0.0004567264998701682,4503.060426230391,10931.0,6462.081,0.004884766,385.815,0.005390625
247.29155480250432,0.0006371435816046449,4939.071717747764,11094.42,6123.051,0.00478125,401.1963,0.005257813
229.47729790991025,0.0005189983953777944,5186.593942329448,11148.9,5958.342,0.004945313,372.9972,0.005417969
223.13193448011262,0.0007959241744133768,5079.345971107535,11086.09,6012.817,0.004654297,355.6932,0.00521875
238.15596238218464,0.0005982859177622269,5411.173442137077,11270.03,5814.783,0.004869141,372.9972,0.005394531
242.52064016293218,0.0006218391108421251,5131.008240507001,11192.48,6049.348,0.004826172,387.0968,0.005318359
238.45895387637938,0.0007431613773640107,5280.468787199687,11169.41,5876.309,0.004751953,376.8426,0.005285156
241.50991282284133,0.0007612807577668029,5751.857925944627,11325.14,5549.455,0.004960938,381.9697,0.005455079
226.61974966803757,0.0006224945621530502,4716.939804323969,11084.81,6390.301,0.004826172,404.4008,0.005335938
221.22202822537758,0.0006887607893591883,5757.995018473294,11266.18,5506.516,0.004837891,369.1519,0.005345704
238.3323934071287,0.0006159706293469572,5053.8633856770575,11146.34,6062.807,0.004884766,380.047,0.005390625
237.80991022827095,0.0006570728621965674,6037.4832025570195,11335.4,5344.371,0.004826172,370.4337,0.005320313
240.51416818561972,0.0007206465787431675,5182.245299831092,11121.98,5985.9,0.004806641,410.1688,0.005259766
222.04088920422961,0.0017245020250992416,4578.440091203227,10903.44,6269.173,0.004605469,374.9199,0.005083985
241.75237755301242,0.000574250708370385,4532.280709549042,10934.84,6354.411,0.004720703,387.7377,0.005273438
235.21418256694722,0.0018653961620739036,5463.5426324025075,11107.24,5646.229,0.004673828,399.2737,0.005189453
250.53377075268753,0.0006685583654373779,5404.9004083525815,11209.78,5793.633,0.0048125,376.2017,0.005248047
241.33919280367624,0.0005038635718129229,4835.582219266503,11030.98,6233.284,0.004798828,390.3012,0.005335938
234.69912885804894,0.0006227286409653263,5233.101655079724,11057.25,5794.275,0.004814453,389.0194,0.005287109
250.68464771365353,0.0005788521639630706,4846.095049792296,11075.84,6212.775,0.004720703,379.4061,0.005208984
224.86846087416393,0.0006799810810402894,5438.149294211245,11173.25,5732.108,0.004794922,373.6381,0.00528125
251.46645475671409,0.0017944408197063028,5059.581770120024,10966.89,5919.248,0.004667969,385.1741,0.005150391
228.19152937298134,0.0006019673727914703,5483.790301402554,11299.51,5750.053,0.004873047,390.9421,0.005345704
234.11367595851559,0.0005524811870791862,5843.779981836049,11244.39,5377.056,0.00488086,371.7154,0.005361328
223.3239004487868,0.0005015967237703046,4937.196011230839,11066.22,6121.769,0.004945313,355.6932,0.005402344
250.5301985406445,0.00046649775482668435,5799.718267396135,11305.28,5461.012,0.004931641,389.0194,0.005537109
223.77319407908223,0.0006538946165294722,4755.82292482045,11047.64,6319.163,0.004646485,378.1243,0.00513086
219.07101022978887,0.0005991108590414698,5701.281617776797,11229.65,5538.56,0.004882812,381.9697,0.005392578
225.73150289567772,0.0007945068543072197,5773.109531506629,11319.38,5495.62,0.004716797,383.2514,0.005275391
236.98376477560123,0.0006459231496192837,4992.737779971874,11200.81,6121.769,0.004841797,385.815,0.005361328
254.0674102786933,0.0006075263408702896,5110.895003884625,11075.84,5994.232,0.004914063,365.9474,0.005371094
246.84566206562909,0.0006094461779915382,5727.731538060003,11289.9,5480.239,0.004839844,387.7377,0.005333985
217.3380224261621,0.0005919688805937097,4728.567409730746,10978.42,6301.858,0.004751953,391.583,0.005234375
243.37280968273927,0.0019336511781635898,5003.3736360348275,11048.92,6004.486,0.00453711,383.8923,0.004949219
215.84346681620488,0.0005896510235754021,6316.136954939117,11497.54,5224.524,0.004867188,378.7652,0.005447266
237.61493027102892,0.0005315399088162799,5102.031546967358,11068.15,5987.182,0.004914063,375.5608,0.005433594
246.8423696456964,0.0018358502700579575,5024.543771514603,11134.16,6096.133,0.004644531,360.1794,0.005150391
243.98403804199685,0.0007301305468976335,4989.278433142649,11105.32,6107.669,0.004767579,385.815,0.005273438
245.55868574979124,0.0007138231128482517,5515.184575204201,11233.5,5751.976,0.004839844,391.583,0.005298828
247.17509593653907,0.00042793262432428553,5576.347985959082,11216.19,5655.202,0.004925781,367.8701,0.005416016
225.13845296125254,0.0008046275638897989,5437.23370307815,11164.28,5763.512,0.004621094,374.9199,0.005140625
236.94444642731182,0.0019987855694268935,4255.391464645582,10827.17,6535.783,0.004414062,381.9697,0.005044922
243.20927944741763,0.0006503956548641502,5574.831715580289,11225.81,5695.578,0.004871094,392.2239,0.005357422
259.2291441731062,0.0007623517586699362,5541.51819228607,11229.01,5674.428,0.004796875,385.1741,0.005257813
232.25815199527614,0.0019864547641912276,5107.84597678103,11093.78,5958.983,0.004640625,400.5554,0.00515625
224.16871196087078,0.0007445396359907416,5821.158559446404,11287.33,5458.449,0.00472461,380.6879,0.005214844
231.84902379957813,0.0005219296638579759,5615.886847091938,11184.79,5572.527,0.004929688,375.5608,0.005455079
234.87241876679983,0.000512736734347718,5064.170027844466,11104.68,6029.481,0.004947266,379.4061,0.005431641
224.1402032594171,0.0018330170139432972,5435.033265118517,11198.25,5773.125,0.004732422,378.1243,0.005257813
237.63970148032192,0.0006827166673408259,5756.342826946343,11366.8,5714.163,0.004824219,358.2568,0.005310547
238.56908387437613,0.0007118731902931171,5424.676114313408,11139.29,5665.456,0.004828125,399.9145,0.005335938
231.43966665257585,0.0005850888851950683,5365.501548260988,11255.29,5893.612,0.004871094,381.3288,0.00534961
251.91173107716904,0.0007224691999895023,5110.124895627167,11186.71,6090.365,0.004798828,371.7154,0.00534375
254.72465616412995,0.0007965743227603212,5508.976019964932,11170.05,5679.555,0.004681641,362.1021,0.005289063
248.64906471380849,0.001963419454365697,5202.53386927404,11246.96,6046.785,0.004398438,391.583,0.00500586
245.1039834784816,0.0007029864349242469,4237.851618258134,10907.93,6369.792,0.004732422,406.9643,0.005226563
237.3250976829434,0.0004533563369484728,5470.684076780318,11257.85,5792.352,0.004990235,401.8372,0.005462891
245.61073843331832,0.0007096831061681306,5116.63457064095,11134.8,6017.304,0.004830078,401.1963,0.005275391
242.17902862012176,0.0004207527737552974,5356.199656492433,11243.11,5851.955,0.004927734,384.5332,0.005417969
253.5740298046058,0.0005608832152142863,5018.456575069562,11155.95,6139.073,0.004857422,376.2017,0.005314454
241.86321453930364,0.0006719933387344892,5239.309391244674,11134.16,5903.226,0.004796875,390.3012,0.005304688
225.6786257334209,0.0005088722155943191,5447.542640152083,11048.28,5642.384,0.004917969,376.8426,0.005431641
229.09386658036817,0.0006462213734108777,5732.083736744838,11180.94,5480.239,0.004869141,403.119,0.005330078
250.60599930427895,0.0005004672072414781,5229.876163529648,11181.58,5953.856,0.004882812,396.0692,0.005375
241.5345006505603,0.0006610551156839295,4922.1478775182295,11044.43,6126.896,0.004800782,380.047,0.005316406
222.72596059547737,0.0004447379001611184,5248.539067997522,11136.72,5900.021,0.004884766,366.5883,0.005404297
223.2347355864438,0.0005380319135481596,5061.128158748277,11058.53,5998.077,0.004785156,380.047,0.005296875
233.74774312697045,0.0005151829690093178,5172.407159045743,11099.55,5913.48,0.004929688,397.9919,0.005429688
235.02645106001071,0.0005459360290660448,5336.616595744123,11207.22,5912.839,0.004931641,367.2292,0.005404297
220.7407587773337,0.0006193324491314218,5313.303199790374,11162.36,5811.579,0.004900391,383.8923,0.005375
248.22673918522568,0.0005822352856479405,5468.978236166032,11248.24,5784.021,0.004857422,369.1519,0.005384766
230.7319872790713,0.0006320400140766921,4272.705684530212,10996.37,6683.187,0.004828125,390.9421,0.005304688
236.14055107313834,0.0018956174205296186,5392.608811846967,11029.69,5673.788,0.004701172,381.9697,0.005195313
244.37339236005295,0.0005606979927100014,5467.542431449314,11224.52,5769.921,0.004841797,392.2239,0.005300782
246.01792666264186,0.0006634842618685913,5453.1325731602665,11146.34,5689.169,0.004826172,390.9421,0.005291016
249.08343928414394,0.000634134245119871,4873.490664789942,11102.76,6194.83,0.004900391,399.9145,0.005371094
235.8884962441371,0.0006021651486066953,5783.8483589354655,11270.03,5491.775,0.004871094,387.7377,0.005320313
222.62130407601433,0.0018915634181775622,5795.5072638790625,11135.44,5484.084,0.004742188,407.6052,0.005228516
247.9314748394072,0.0007638724477768673,4743.0117930251145,11055.97,6391.583,0.004681641,385.1741,0.005183594
223.53363252578234,0.0005621531577454554,5334.893698593142,11062.38,5685.324,0.004898438,403.7599,0.005359375
239.20801260151563,0.0005359958174955444,4490.640248147615,10798.97,6449.903,0.004845703,371.0746,0.005333985
250.0249135326732,0.0006081278586066031,5242.141186131484,11183.51,5940.397,0.00484375,380.047,0.005345704
232.09001473440173,0.0019473268852284087,6095.480246233119,11402.69,5366.802,0.004685547,369.7928,0.005150391
218.83924651890342,0.0018031955300367504,4353.699679665216,10972.66,6571.032,0.004644531,364.0247,0.005167969
241.22128802580488,0.0006525441514870602,4812.830354825715,10984.19,6167.271,0.00469336,375.5608,0.005179688
245.96212566386413,0.0018226135133140213,5513.9245422129125,11254.65,5760.948,0.004652344,387.7377,0.005212891
232.42098828614192,0.001803074512710415,5035.051947489412,11088.66,6025.635,0.004660157,372.9972,0.005181641
237.22257930066453,0.0019195046801193626,5618.589592797652,11297.59,5659.688,0.00450586,391.583,0.005199219
255.49037414752553,0.0005336295764604819,5646.287544215882,11208.5,5577.014,0.004927734,399.9145,0.00544336
228.6878254471552,0.0006888109473232231,4909.997853371472,10985.47,6021.149,0.004765625,367.8701,0.005228516
220.74967615224335,0.0005341295201817143,5275.764218480482,11146.34,5877.59,0.004917969,366.5883,0.005410157
237.55053783170996,0.002039845020267868,5201.885400013392,11088.66,5897.458,0.004667969,399.2737,0.005201172
227.50422112828636,0.00190216549885703,5614.341158275453,11211.07,5614.826,0.004490234,381.3288,0.004970703
226.9464840986762,0.0006898308913059762,4306.381633331848,10932.28,6592.822,0.004736328,381.9697,0.005242188
218.28336451140424,0.0005083124205187216,4491.077756993129,11032.26,6437.727,0.004855469,354.4114,0.005298828
221.28794874370308,0.0005080805277466871,4502.821179790347,10942.53,6519.761,0.004958984,385.1741,0.005423828
244.9437408222141,0.0007218923990695,5190.055112540646,11140.57,5942.32,0.004794922,396.7101,0.005230469
217.5660830995322,0.0018442566848892652,5120.314233637207,11020.08,5838.496,0.004644531,357.6159,0.005183594
251.88352305984935,0.0004797803177133625,4677.354946736833,11123.91,6405.683,0.004933594,388.3785,0.005455079
232.20553244992703,0.0007199529295520789,5073.5870773994,11077.12,5942.32,0.004779297,401.8372,0.00522461
225.27937521035224,0.0005248466950054525,5023.369941893667,11004.06,5942.961,0.004929688,381.9697,0.005472656
253.1004896501849,0.0005905459156260636,5258.402118844798,11026.49,5739.158,0.004927734,397.9919,0.005386719
242.98856910886934,0.0005735366448034816,5441.862014674704,11289.25,5830.805,0.004855469,378.7652,0.005333985
225.96809140708623,0.0020183143612636104,5538.502898670362,11205.94,5682.76,0.004445313,368.511,0.005
238.59960161880915,0.0006936908256709225,5408.397572478946,11228.37,5823.114,0.004810547,362.743,0.005269532
217.79005469863665,0.0006827642252586281,5187.760199780862,11230.29,6044.862,0.004810547,366.5883,0.0053125
247.329548587955,0.0006270986691017811,6144.4384288864885,11412.3,5229.651,0.004945313,389.0194,0.005535156
208.39368358324822,0.0005915102884008564,5236.752857339751,11022.0,5795.557,0.004927734,378.7652,0.005375
242.07519609640102,0.0006027341952173596,5280.508004655921,11280.28,5873.104,0.004869141,374.279,0.005435547
239.0997858208226,0.0007692625352625252,5177.876854576072,11093.14,5897.458,0.00478125,381.9697,0.005335938
248.2722135844335,0.0006794640924584306,5026.332868358895,11002.14,5966.674,0.004796875,381.3288,0.005332031
251.18835460686532,0.0005235754833327101,5464.211842851788,11212.99,5745.567,0.004945313,372.3563,0.00540625
241.00775405405753,0.000810902251863591,5460.059981341701,11203.37,5743.003,0.004833985,383.2514,0.005365235
241.4768893017659,0.0007574265297753489,4690.493392146337,11066.87,6431.318,0.004652344,390.9421,0.005167969
254.7696638489995,0.00034609388317348834,5415.807596238189,11245.67,5815.424,0.004927734,390.3012,0.005435547
221.38611405421344,0.0004593521157012373,4838.576599899887,11040.59,6183.294,0.004914063,383.2514,0.005421875
242.52889766670884,0.0007055523670485364,5251.274684188151,11165.56,5894.894,0.004810547,371.7154,0.005267578
241.0037586772501,0.0005973012425804871,5099.719033200633,11095.07,5975.646,0.004841797,375.5608,0.005300782
227.04180441853674,0.0018213494902155716,4950.599165830185,11127.11,6197.394,0.004642578,399.9145,0.005152344
251.48311833153764,0.0006628174326238215,5096.953265116604,11102.11,6008.972,0.004796875,375.5608,0.005267578
234.35872283607918,0.0006053386574265755,5327.718202695273,11063.02,5755.821,0.004853516,389.6603,0.005332031
213.9959753966301,0.0005904055723546425,5831.652189748207,11314.25,5467.421,0.004941407,407.6052,0.005455079
248.42957982781326,0.0006515619141063494,5646.991456920861,11267.46,5626.362,0.004871094,393.5057,0.005359375
227.56915307752777,0.0005878339650965043,5474.949312161792,11212.99,5742.362,0.004927734,371.7154,0.005464844
235.88718630097432,0.0005646935153882871,5032.179107134199,11216.83,6160.863,0.004945313,382.6105,0.005464844
237.6457033215706,0.0007430273855362154,5212.131436228452,11231.57,6003.204,0.004828125,383.8923,0.005332031
228.09294827707603,0.0004793483313898241,5287.571259525569,11165.56,5891.049,0.004933594,381.9697,0.00544336
232.36653916801836,0.0019354688901114124,4549.357259480861,10997.65,6503.098,0.004580078,398.6328,0.004996094
253.44917282317223,0.000586351664812806,5358.053567134346,11155.31,5796.197,0.004884766,389.0194,0.005378907
242.18265976170775,0.000607124288161492,5084.917825023078,11155.95,6055.757,0.004839844,376.8426,0.005367188
244.08500561523246,0.0005449528748583108,5195.180043925094,11146.34,5962.187,0.004914063,384.5332,0.0054375
259.4939827172617,0.0018713665715392716,4806.23576195188,11044.43,6273.659,0.004613282,377.4834,0.005054688
252.1219021805201,0.0005740839495595012,5565.746815404832,11323.86,5709.677,0.004857422,368.511,0.005396485
229.57404990372223,0.00048304471063549724,5291.994982158847,11165.56,5862.85,0.004902344,381.9697,0.00540625
246.60284434258696,0.0006418968426123287,5936.776630356192,11352.06,5405.896,0.004824219,400.5554,0.005294922
243.0480346779903,0.0006873881218270326,5974.3663668784275,11345.65,5359.111,0.004882812,375.5608,0.005363281
215.71931791792247,0.0018285120079750547,5531.79824107802,11102.11,5493.057,0.004701172,375.5608,0.005185547
248.44696045464818,0.0006876600485398853,5725.230667300954,11293.1,5585.986,0.004828125,370.4337,0.005318359
239.92420551700363,0.00046591638439496424,5717.636495558454,11273.23,5595.599,0.004976563,412.0914,0.005486328
235.62316913692482,0.0005971757088507177,6008.272028620725,11384.11,5378.338,0.004882812,387.7377,0.005398438
226.185773740919,0.0007222142262973631,4305.297117270116,10938.69,6459.517,0.004810547,376.2017,0.00522461
235.15974669427925,0.0005231844720564029,5379.649676475334,11143.13,5729.544,0.004927734,372.3563,0.005449219
239.38382210677173,0.0005859236286566568,5217.431202837085,11177.1,5974.364,0.004783203,374.9199,0.005302735
232.5243799056903,0.0006814313195460044,5217.984755530398,10991.24,5797.479,0.004792969,363.3839,0.005302735
250.19106307737073,0.0006296470697465753,5223.519369139997,11136.72,5957.701,0.004900391,372.9972,0.005408203
246.72130424437321,0.0006944395793524682,4499.596095613304,10974.58,6410.81,0.004830078,367.8701,0.005314454
253.07956268883652,0.0007717489143480212,5080.135362993843,11129.03,6023.712,0.004652344,398.6328,0.0051875
239.6621693223319,0.0007247707620819408,5031.823541572951,11052.77,6042.298,0.004765625,390.3012,0.005326172
225.23760869203176,0.0006089638911136685,5827.833245571946,11213.63,5345.012,0.00494336,390.3012,0.005388672
253.54404846174043,0.0017642164729017229,5156.806797186024,11198.25,6024.354,0.004716797,385.1741,0.00521875
240.91202478215848,0.0004984973134755852,5549.103973879362,11236.7,5655.202,0.004902344,410.8096,0.005390625
225.6958277466641,0.0018455749576181658,4801.799374231817,10932.28,6184.576,0.004658204,384.5332,0.005183594
244.25274839123784,0.0005042802903539349,4200.507459697394,10720.79,6496.688,0.004707031,383.8923,0.005179688
233.1945960914193,0.0005339722419447337,5688.981946596242,11193.12,5446.913,0.00494336,369.1519,0.00540625
252.07369291292275,0.0008470403271438145,5210.912877494234,11013.03,5807.733,0.004664063,379.4061,0.005101563
243.49747430741613,0.0005034020849310158,5167.831793530067,11198.25,6062.807,0.004927734,374.279,0.005470703
252.58297047035475,0.0005735540316877289,4952.677460205051,11080.96,6112.796,0.004841797,387.0968,0.005333985
227.68911192268325,0.0006156233120203442,4637.442724781901,10920.1,6149.327,0.00469336,399.2737,0.005205079
251.81182611044574,0.000559140118621767,5036.528129081941,11206.58,6133.945,0.004917969,355.6932,0.005441406
225.29963221450157,0.001810966396004065,5425.342987445536,11236.7,5850.673,0.004701172,362.743,0.005181641
247.55828285225965,0.0007732049989923854,5711.676200818033,11256.57,5534.715,0.004958984,392.8648,0.005482422
231.95379386199383,0.0007747777495108545,5671.246340679966,11216.83,5563.555,0.004740234,385.815,0.005246094
241.9199241886696,0.0004659582266813689,5608.787190203595,11205.94,5516.129,0.004914063,381.3288,0.005371094
236.56601040696563,0.0004769699922111965,5585.244539099052,11158.51,5530.229,0.004960938,393.5057,0.005417969
252.97407654204272,0.0006868226581509788,5097.513875143936,11144.41,6069.856,0.004841797,387.0968,0.005328125
243.10158273403223,0.0005618165084672032,6009.9334618102985,11398.85,5402.05,0.004855469,414.0141,0.005427734
252.2452948755313,0.0006382138561696788,5046.144095932729,11098.27,6035.89,0.004794922,380.047,0.005330078
241.68738378813427,0.0009958155459608706,6038.288556506241,11398.85,5396.923,0.004726563,387.7377,0.005261719
233.0718176817491,0.0004705058865870773,5199.539560419412,11135.44,5909.635,0.004960938,390.9421,0.005480469
240.8981132200023,0.0006412660041702218,5540.672703604244,11195.68,5623.158,0.004929688,382.6105,0.005416016
239.57688162865924,0.0005318672400397798,5740.967617881982,11325.14,5544.328,0.004917969,381.9697,0.005375
240.24574060777243,0.0005918263597234837,6009.452760441914,11280.28,5317.454,0.004902344,390.9421,0.005390625
226.96343370958715,0.0006777762820122082,5576.102786932886,11294.38,5686.605,0.004871094,409.5279,0.005396485
219.5087392616854,0.0005740448047480865,5106.8672444691165,11123.26,6007.69,0.004898438,377.4834,0.005390625
239.9197970167083,0.0006519508691860436,5115.268595296421,11100.83,5969.878,0.004808594,407.6052,0.005292969
232.23815472939805,0.0005943674534876645,4695.006990911871,11010.47,6372.997,0.004712891,400.5554,0.005177734
240.78068203803258,0.0006244591876430625,5975.99759536159,11345.01,5357.188,0.004855469,382.6105,0.005335938
218.7567031230706,0.0005998809628024988,5595.610184398557,11183.51,5540.482,0.004837891,368.511,0.005335938
248.526325636998,0.0006149234456546034,5691.7755570066265,11241.83,5534.715,0.004898438,392.2239,0.005472656
237.12843214319415,0.00053844804900222,4732.824229253171,11067.51,6316.599,0.004828125,385.815,0.0053125
221.1147420103444,0.0006177855908309242,5095.328388617616,11014.31,5946.806,0.004814453,350.5661,0.005265625
238.61480918316485,0.0006361735049857251,5411.555470690649,11210.42,5784.661,0.004791016,385.1741,0.005300782
259.43377782658035,0.0006953015591673788,5164.584916598593,11179.66,6010.254,0.004796875,397.9919,0.005238282
226.6388895386023,0.0006470050730681105,5836.452715629012,11275.15,5418.714,0.004814453,356.3341,0.005291016
224.7046389730598,0.0007809594409030745,5010.809391041999,11121.98,6108.31,0.004697266,388.3785,0.005185547
243.32762756056874,0.00058208009408535,4291.975323091475,10802.82,6683.187,0.004841797,380.6879,0.005330078
249.4170949782452,0.0007424162366584757,5107.951088523477,11115.57,6024.994,0.0048125,367.8701,0.005310547
245.21811063318606,0.0005937602951560719,6024.209269465449,11423.2,5323.862,0.004925781,369.1519,0.005421875
241.12157228502804,0.0006277808436267845,4933.850203047157,11175.82,6213.416,0.004914063,381.9697,0.005390625
217.3395357596986,0.0005617761063227094,5379.041948799299,11183.51,5758.385,0.004857422,351.8479,0.005339844
221.9029360996919,0.0006358178407740642,5556.234661990911,11118.78,5516.129,0.00494336,381.9697,0.005488282
239.3548383237703,0.0005517284424739116,5935.788676513819,11339.24,5390.515,0.004914063,379.4061,0.00544336
225.47963947311445,0.0005866769818563035,4682.942157676542,10998.93,6315.317,0.004720703,376.2017,0.005216797
218.45102631996122,0.0004740957404166149,5378.889860832657,11198.89,5806.451,0.004898438,375.5608,0.005361328
237.15696575317693,0.0005755919714746962,5832.534135572303,11196.33,5328.99,0.004826172,385.815,0.005287109
238.86284839549072,0.0005095398570748888,5867.0636795203,11275.15,5412.305,0.004945313,383.2514,0.005449219
221.65058049513897,0.00041523914968969594,5377.067761596196,11242.47,5842.341,0.004882812,371.7154,0.005394531
234.77714809382604,0.0006782316203644657,4816.285851625586,11102.76,6256.996,0.004783203,373.6381,0.005318359
215.00627397981535,0.0018688100106105223,5167.729887616853,11155.95,6014.1,0.004613282,377.4834,0.005068359
253.892287040935,0.0004995422709003296,5533.24857957814,11323.86,5739.158,0.004933594,410.8096,0.00546875
218.35607200419597,0.0009717358432707296,4900.612330608082,11054.69,6137.791,0.004648438,387.0968,0.005181641
239.788853269877,0.0008701508309554001,5536.513040648959,11302.07,5730.826,0.004714844,371.0746,0.00522461
248.05670981314532,0.0005323094219207861,5598.971410721786,11211.71,5663.533,0.004914063,376.2017,0.00540625
219.79267616097079,0.0007053963232991954,5279.516659431281,11292.46,5968.597,0.004839844,376.8426,0.00538086
227.58897959588276,0.0006863161582357634,4712.447951749266,11032.26,6320.444,0.004636719,385.1741,0.005111328
227.933364868389,0.0007088600712108935,5372.928179425681,11132.24,5744.926,0.004826172,383.2514,0.005314454
240.17589676021623,0.0017216484139490266,5518.10572886839,11228.37,5663.533,0.00475586,385.815,0.005306641
252.2291449802477,0.0007605914626340467,4927.194013817955,11051.48,6140.354,0.004669922,369.1519,0.005152344
221.2827709165062,0.00044793829504111127,5338.83856452231,11155.95,5821.833,0.004914063,392.8648,0.005392578
242.90300814114093,0.0005850615042501338,5419.159363322156,11246.96,5857.723,0.004853516,393.5057,0.005314454
237.56201905640063,0.0005829943057394383,5849.410654420162,11300.79,5431.531,0.00494336,381.9697,0.005421875
236.63851611049859,0.0005403068354069844,5178.21680639247,11193.12,6001.923,0.004914063,388.3785,0.005423828
245.80836863487394,0.0006921327986044488,5423.3736080757435,11246.96,5816.065,0.004958984,420.423,0.005453125
258.0394210455966,0.0007484696449333902,5041.800614980427,11208.5,6160.863,0.004585938,368.511,0.005111328
233.18016715235595,0.0008166836530559968,5010.835342506437,11047.64,6048.066,0.004697266,383.2514,0.005203125
236.163846033751,0.0017647364265562326,5363.741993511263,11250.8,5882.076,0.00466211,380.6879,0.005128907
245.48507006056508,0.0006828638494631411,5279.732520898818,11159.79,5863.491,0.004794922,402.4781,0.005300782
233.1730683696489,0.0006610443087491816,4372.9595918308005,10733.6,6549.242,0.004603516,390.9421,0.005007813
250.20994537981053,0.0006365994399783582,5551.696000113403,11254.65,5683.4,0.004814453,390.9421,0.005294922
240.22960631802937,0.0007282873309842698,5660.374501948363,11287.33,5626.362,0.004855469,385.815,0.005378907
241.13315090021968,0.0006901448207694592,5604.9908366031905,11245.67,5663.533,0.004824219,385.815,0.005326172
224.15915680741952,0.0006914876118780397,5332.1057717409885,11205.94,5867.336,0.004810547,403.119,0.005300782
224.1293170354908,0.0006914745716530815,5265.450884212928,11045.72,5807.092,0.00484375,386.4559,0.00534375
238.24307526372382,0.0006370544664697284,5341.501753651443,11164.92,5837.214,0.004839844,387.0968,0.005318359
223.0504479601894,0.0004917018743055207,5856.2818709275225,11398.21,5523.819,0.004958984,384.5332,0.005535156
224.82776171316465,0.0005409185616106329,5433.004429365413,11278.36,5861.568,0.004929688,367.2292,0.005404297
229.04488175782095,0.0005982816097956305,4295.77270886132,10666.95,6530.656,0.004753906,383.2514,0.005273438
208.4179022761995,0.0007499257607243765,5985.717595599087,11322.58,5366.161,0.004796875,383.8923,0.005289063
229.45067664855148,0.0005747992469022276,6150.260373446487,11405.9,5365.52,0.004945313,372.9972,0.005490235
243.23129211743554,0.0007317439139514933,5319.363570995266,11235.42,5882.717,0.00472461,369.1519,0.005240235
226.33446978149033,0.0005494774698725983,5106.956881453349,11146.98,6081.393,0.004841797,383.2514,0.005314454
243.0799122894717,0.0005838056751441607,4506.864430428535,11033.54,6498.611,0.00471875,392.2239,0.005183594
243.24754724237786,0.0005133883934930042,4611.7353914838,11002.78,6342.875,0.004839844,378.1243,0.005314454
232.97912936109284,0.0006696060445951548,5552.811606366005,11155.95,5545.61,0.004826172,388.3785,0.005333985
236.63543328178272,0.000535783473715925,5213.778400254082,11114.93,5894.894,0.00494336,379.4061,0.005416016
239.56116379323478,0.0006885398820267182,4374.498117455169,10938.05,6496.047,0.004769532,385.815,0.005195313
247.4940779599589,0.0006833547835822308,5550.77948490429,11297.59,5751.335,0.004826172,359.5385,0.005347657
231.17597168617462,0.0005905690629804123,4272.885613027082,10768.85,6341.594,0.004691407,386.4559,0.005248047
244.78899635185834,0.0005406878071377007,5644.328649731835,11229.01,5610.34,0.004929688,383.8923,0.005375
231.72386320778153,0.0005910628907714268,4954.536602043195,11121.98,6140.996,0.004814453,394.1465,0.005314454
228.3521777650464,0.0006185969270406841,4529.7011843324235,10820.12,6329.417,0.004900391,367.8701,0.005373047
226.42235560088443,0.0003335942647778615,5422.755022856122,11283.49,5848.109,0.004929688,387.0968,0.005449219
241.5494510535227,0.0005040858004651465,5717.846292128164,11136.72,5475.753,0.004929688,403.119,0.005472656
225.31558957266753,0.0006353657960473532,5692.709203353666,11159.79,5506.516,0.004941407,387.7377,0.005433594
227.82685238213173,0.00048048330866387444,5549.981140130065,11302.07,5760.948,0.004929688,367.8701,0.005384766
245.31017863119794,0.0008262172722702084,5014.002907813363,11128.39,6092.288,0.00466211,383.2514,0.005121094
256.1552626412382,0.0006935290423640202,5388.092292548459,11192.48,5842.341,0.004824219,380.6879,0.005316406
241.59736310255118,0.0007399215333286453,5341.995565913695,11246.96,5907.071,0.00469336,395.4283,0.005230469
235.88564185544968,0.0004775069192300839,5479.423555012877,11184.15,5735.954,0.004855469,388.3785,0.0053125
247.46347275760544,0.0006895894536778996,5381.333970298917,11203.37,5892.331,0.004855469,390.3012,0.005316406
220.3553079074108,0.0005200873127761999,5071.998100278296,11164.28,6119.205,0.004931641,383.8923,0.005435547
244.20953609015666,0.0006308436265261544,4343.812868741439,10859.86,6530.656,0.004794922,385.815,0.005277344
250.10225881109912,0.0019054964969189181,5266.780794010119,11207.86,5940.397,0.004683594,397.351,0.005197266
230.89116432779818,0.0006139730675114095,5744.92786620639,11352.06,5607.776,0.004886719,369.1519,0.005486328
251.78546975092465,0.0020411490720586086,5596.7854438913155,11197.61,5577.014,0.00447461,379.4061,0.005203125
241.9279791213528,0.0006015476997437135,3927.0072260478432,10719.5,6665.883,0.004720703,390.9421,0.005216797
241.5102794779176,0.0006653233788146497,5742.731025374082,11165.56,5461.012,0.004673828,388.3785,0.005185547
228.86547718330274,0.0006809952778762314,4343.902409053356,10904.72,6469.771,0.00478125,371.7154,0.005228516
239.97318300337753,0.0006233582129089331,5289.6995722826705,11206.58,5894.894,0.004898438,372.3563,0.005392578
250.22630339481137,0.0007675774158074014,5498.04748265693,11279.64,5746.849,0.004746094,390.9421,0.005273438
218.24060721486475,0.0005253038871258616,4426.939136903604,10938.69,6458.876,0.004855469,384.5332,0.005347657
231.8798418368993,0.00054009619044481,5712.965544944003,11348.22,5669.301,0.004916016,371.0746,0.005488282
222.33156635749046,0.0004063179909889528,5131.582347390325,11174.54,6039.735,0.004960938,382.6105,0.005458985
235.98260070698078,0.0005057250694355874,5159.276556330834,11167.49,6035.249,0.004916016,387.7377,0.005361328
248.85330786639963,0.0006108723336830407,5631.642066540574,11318.09,5699.423,0.004902344,367.2292,0.005419922
242.5799760000759,0.0009347001138322146,5348.484832573742,11223.88,5856.44,0.004658204,381.3288,0.005189453
233.64289930806194,0.0006829572252958166,5102.406633992968,11138.65,6039.094,0.004841797,388.3785,0.005296875
226.92266086836025,0.0005313448230876583,5263.197978553428,11170.05,5921.171,0.004958984,399.9145,0.005449219
249.13913371857853,0.0006155490280550458,5447.642422290725,11230.29,5756.462,0.004900391,410.1688,0.005373047
216.53368469003146,0.0006700987999913291,4926.560785757232,10947.66,5981.414,0.004861328,374.279,0.005316406
245.63713473423624,0.0005162267527894785,5639.440784040528,11243.75,5619.312,0.004941407,385.1741,0.005453125
247.09117250965693,0.0008380434486994202,5533.8223993802385,11154.67,5615.467,0.004650391,389.6603,0.005183594
222.79284162958484,0.0005862971333612301,5201.536420766761,11190.56,5959.624,0.004886719,376.8426,0.005376953
242.6916828175911,0.0005644527836923268,5327.141698771747,11169.41,5832.728,0.004957031,394.7874,0.005455079
237.90481796066686,0.0005898462344621216,5770.800460110672,11259.77,5466.14,0.00491211,392.2239,0.005390625
248.3960067566213,0.0007046500126473209,5095.229135137102,11193.12,6022.431,0.0048125,397.351,0.005289063
221.02857915833513,0.0005118025501410721,5533.482065783611,11282.21,5783.379,0.004853516,397.351,0.00538086
239.94147531708114,0.0005676942735604765,5485.627818591485,11253.36,5748.771,0.004828125,395.4283,0.005388672
234.8041841176766,0.0005679529102610532,5447.645515996703,11268.1,5877.59,0.004941407,370.4337,0.005451172
230.35696771945027,0.0007161055447127854,5556.5206149378255,11242.47,5716.727,0.004837891,365.9474,0.005347657
215.64474958611848,0.0005333663214356384,4638.929203829877,10881.01,6296.731,0.004904297,385.815,0.005392578
239.74927789250904,0.0005779881887498199,5573.3162643125725,11177.74,5606.495,0.004914063,386.4559,0.005441406
248.97490169321276,0.000634812921713091,5096.382760380211,11196.33,6124.973,0.0048125,387.0968,0.005316406
245.6247750989081,0.0004668571184173417,5844.6825888616195,11255.29,5380.26,0.004955078,388.3785,0.005457032
235.1340248166265,0.0006489762236810756,5298.297766391464,11136.72,5831.446,0.004794922,397.351,0.005326172
239.5975294827038,0.0005757601268869162,4669.137193110293,10964.96,6307.626,0.004871094,389.6603,0.005345704
243.94446973990642,0.0005908655730598598,4876.864164006242,11110.45,6244.819,0.004900391,371.7154,0.005357422
230.13578337508474,0.0003823289558761595,4677.685675089664,11043.15,6331.339,0.004945313,375.5608,0.005408203
228.87695160169832,0.0005452192056393896,5089.382185675843,11231.57,6133.945,0.004916016,372.9972,0.005390625
215.88448673065167,0.0007391416662772316,5493.44747457682,11279.0,5777.611,0.004841797,378.1243,0.005333985
247.667597880763,0.0007223356664612642,5061.275246281454,11045.72,5982.055,0.004808594,381.9697,0.005269532
250.04566717624175,0.0005476488319385898,4807.995120050502,11127.11,6301.218,0.00475586,381.9697,0.005296875
220.24252310824002,0.0006617881413627013,5182.443401430052,11230.93,6083.956,0.004798828,378.7652,0.005332031
230.12805888585112,0.0005947749157033603,5221.148361857898,11109.16,5891.049,0.004869141,372.3563,0.005332031
254.20444883464955,0.00057170487423122,5550.06813464649,11283.49,5768.639,0.004886719,390.9421,0.005335938
241.12713496622789,0.0005942656261587806,4799.970494431047,11094.42,6269.173,0.00472461,385.815,0.005285156
241.31218982441285,0.0007636588855463456,5527.754411444879,11202.73,5709.036,0.004828125,344.1572,0.005285156
240.71986358520073,0.0006457189642575782,5289.599411938354,11162.36,5869.258,0.004841797,358.8976,0.005345704
239.04676765281485,0.0008369773903288212,5110.7539816821,11132.88,6009.613,0.004667969,398.6328,0.005181641
248.78560646643658,0.0005577223279789905,5887.61715387334,11330.27,5421.918,0.00494336,387.7377,0.005455079
243.73701970432649,0.0007084071110736919,5237.6076693882615,11098.27,5864.772,0.004814453,392.8648,0.005287109
229.77674499304842,0.0006367302395520032,6134.63414157651,11412.3,5340.525,0.004824219,379.4061,0.005320313
253.56760986173572,0.0006742294649423437,5833.205901157589,11404.61,5503.952,0.004826172,405.0416,0.005570313
216.57765526524736,0.0005236368227484295,5117.221797654732,11109.16,6018.585,0.004933594,366.5883,0.0054375
237.40582151808482,0.0006130524787632513,5061.843844154649,10979.06,5939.756,0.004826172,383.2514,0.005263672
232.75583039878958,0.0005354022302411342,5344.838638717864,10978.42,5664.174,0.004904297,370.4337,0.005431641
228.68490095188622,0.0005118859724599244,5314.857493283024,11188.63,5894.253,0.004900391,397.351,0.005404297
242.6047696550369,0.0006466826871069259,5305.803025304334,11204.02,5842.341,0.004796875,390.9421,0.005292969
237.50067932531843,0.0003827794027728836,5722.922954015079,11266.18,5502.67,0.004958984,373.6381,0.005490235
232.09897818731739,0.0005636872726897417,4676.2780997300315,10798.97,6271.737,0.004738281,392.8648,0.0053125
239.2307420948001,0.0006777454564259995,4461.472414616773,11001.5,6634.479,0.00478125,370.4337,0.005289063
242.67628658023173,0.0018133511690038464,5019.432788146177,11029.05,5946.806,0.004683594,392.8648,0.005191407
251.01007647496803,0.0005277973268499474,6040.250043698483,11409.74,5326.426,0.004976563,392.2239,0.005451172
248.12042534373808,0.0006222912873048163,4959.447354118159,11023.29,6024.354,0.004869141,420.423,0.005339844
252.5706991010417,0.0007227935808213358,5654.807229816141,11269.39,5618.671,0.004800782,385.815,0.005263672
224.50927419931256,0.000550259933440529,5696.007257344195,11325.79,5643.025,0.004929688,376.2017,0.0054375
239.75668429630014,0.0007855518138969142,5854.6145318785375,11266.18,5430.891,0.004744141,389.6603,0.005269532
259.33857264273234,0.0005808097709655699,5144.036252981752,11206.58,6026.917,0.004826172,440.2905,0.005304688
236.08985770553636,0.0006637967888893293,5157.312561801577,11092.5,5903.867,0.004828125,391.583,0.005265625
240.11385512292892,0.000371442015488771,5527.481853988845,11218.76,5732.108,0.004882812,380.6879,0.005359375
223.7300706371094,0.0005888526306835062,5427.922174416109,11100.83,5635.334,0.00491211,371.7154,0.005376953
247.28977734545307,0.0005356210837285881,5238.483145762976,11155.31,5950.652,0.004900391,394.7874,0.005400391
246.09893737968497,0.0005493755083411367,5553.12168363142,11262.34,5732.108,0.004900391,395.4283,0.005402344
238.59910256531435,0.0004895251194081589,6217.5907061023545,11468.06,5252.083,0.004929688,376.8426,0.005386719
224.52437680233302,0.00048394937984170714,5649.45325430361,11233.5,5575.091,0.004931641,384.5332,0.005455079
249.0763628618918,0.0006236744678778062,5246.631820043913,11129.67,5887.203,0.004853516,387.0968,0.0053125
212.566948444571,0.0006625325566405583,5029.964844174848,10957.27,5932.065,0.004808594,361.4612,0.005318359
247.14247550510308,0.0005193414986813007,5824.350511070505,11200.17,5484.084,0.004916016,389.0194,0.005455079
251.7763330338405,0.0006821327148226968,5449.66735759636,11154.67,5687.246,0.004826172,385.1741,0.005332031
227.89296026287988,0.0006057033340269678,4890.469352875601,11083.53,6254.433,0.004841797,380.6879,0.005296875
217.71890451572762,0.0006396158750939986,4936.286367988849,11134.8,6176.244,0.00466211,389.0194,0.005160157
230.67445523373397,0.000730926494501783,5345.143963946719,11212.99,5871.181,0.00478125,378.7652,0.005314454
224.86524805417255,0.0005381617192835349,5599.474449588577,11355.91,5738.517,0.004945313,377.4834,0.00544336
230.27743994097452,0.0005847998543737354,5491.615676111139,11193.12,5686.605,0.004927734,374.9199,0.005386719
218.22111641796369,0.0004887158560656498,5139.766428193292,11121.98,5989.105,0.004960938,376.2017,0.005482422
251.08703576619368,0.00047456726732633805,5469.849745165915,11285.41,5838.496,0.004945313,379.4061,0.005441406
242.68300223681402,0.0018437966177217704,5465.621096247586,11200.17,5763.512,0.004640625,374.9199,0.005203125
249.66356483613217,0.0005421350410393342,5677.366952050562,11234.14,5532.151,0.004826172,380.6879,0.005333985
227.38014004995162,0.0005612947918980616,5798.796006980226,11325.79,5477.035,0.004855469,399.9145,0.00538086
231.32923084378527,0.0009033574469154665,5039.514534547779,11023.29,5934.629,0.004632813,385.1741,0.005179688
232.45648733934706,0.0005291001063227052,5690.616158431925,11319.38,5605.853,0.004898438,368.511,0.005396485
259.2520097383578,0.0006710117903958207,5241.969226582514,11184.79,5936.552,0.004796875,389.6603,0.005265625
222.53102626581833,0.0006025632938328357,5466.030673169063,11209.78,5760.307,0.004890625,372.9972,0.005384766
232.39632619926954,0.0005515445899774164,5119.023237129045,11084.17,5958.983,0.004900391,397.351,0.00534375
240.81731344889096,0.0005217546392874675,4920.339199243436,11078.4,6172.399,0.004839844,382.6105,0.005294922
239.90081827522977,0.0006429084135448104,4152.099821724968,10806.67,6685.751,0.004767579,386.4559,0.005244141
222.03889824710595,0.00044598422867142735,5191.207617264602,11272.59,6044.862,0.00494336,371.7154,0.005384766
244.89726195557603,0.0006174344169158949,5457.63349454794,11198.25,5748.771,0.004855469,379.4061,0.00534961
240.25655353218892,0.0006021526916329858,4565.540908108339,11024.57,6522.965,0.004835938,369.7928,0.005273438
240.55735267494737,0.00042221525454894066,5627.069868421898,11241.83,5625.08,0.00497461,393.5057,0.005453125
247.8907340351297,0.0006186981979923612,5417.938077121819,11227.73,5822.474,0.004869141,395.4283,0.005400391
244.81503920469277,0.000535039456700835,5549.262855677344,11166.2,5527.665,0.004914063,383.8923,0.005410157
221.0098480401779,0.0006865958536376936,4415.003055248074,11001.5,6628.071,0.004621094,380.047,0.005152344
247.59780329610453,0.0005584075215135159,6053.1519304659,11414.23,5427.686,0.004925781,388.3785,0.005375
245.1857668684861,0.0007499721615587965,5245.113698353863,11060.46,5899.38,0.004794922,367.8701,0.005273438
241.57907006111662,0.00045595540138422595,5237.485788375469,11006.62,5752.617,0.004841797,388.3785,0.005345704
224.67589862892552,0.0005454596301635127,5403.7747036875035,11284.77,5854.518,0.004873047,369.1519,0.00534961
235.3985437595338,0.0005326266471481261,4548.109423966848,10992.52,6508.865,0.004919922,384.5332,0.005404297
217.30177048061546,0.0005010132534175268,5269.696345399368,11080.32,5770.562,0.004945313,395.4283,0.005425781
247.08919032998347,0.0005920309399629719,4455.17578821349,10856.01,6271.737,0.004720703,374.279,0.005185547
203.83581414727828,0.00041437447274368883,4525.612779735624,10900.24,6386.456,0.004927734,389.0194,0.00540625
256.76170926678265,0.0007476619842127339,5200.864993923186,11176.46,5931.425,0.004699219,378.7652,0.005244141
236.4871664821792,0.0007475988187055327,4740.970509754826,11022.0,6197.394,0.004765625,387.0968,0.005300782
236.3551950506113,0.0005194548458481352,5896.162903913908,11200.81,5388.592,0.004814453,379.4061,0.005298828
237.5769349039304,0.0005845971914963814,5424.12259435659,11175.82,5696.218,0.004900391,385.815,0.005472656
225.89440323843638,0.0004859619000566243,5305.974394345913,11211.07,5916.043,0.004945313,365.3065,0.005410157
245.80189612777343,0.0006486087003827573,5907.923046079897,11320.02,5400.128,0.004871094,367.2292,0.005363281
207.56586965588605,0.0006047032018607681,5602.346952984633,11234.78,5651.997,0.004841797,390.9421,0.005369141
248.02991307189777,0.0006708307037662321,5500.06660870818,11209.14,5760.307,0.004824219,422.9865,0.005306641
250.62502190086337,0.0017296176696096417,5531.62980165602,11156.59,5634.693,0.004650391,364.6656,0.005197266
238.0711080854921,0.0007777602606908187,5282.8127031096665,11242.47,5955.138,0.004697266,361.4612,0.005216797
233.35860855691425,0.0007028511623572199,5534.742087983042,11246.32,5705.832,0.004810547,391.583,0.005267578
247.40273377879754,0.0005153149840659855,5637.104003072257,11353.98,5611.622,0.004914063,390.3012,0.005431641
257.5714798451741,0.0006686486404501207,4534.889443382176,11043.15,6460.799,0.004623047,389.6603,0.005126954
212.2994056045199,0.0007864391699141588,5066.285861170817,11119.42,6102.542,0.004697266,360.1794,0.005210938
246.21077851067454,0.0005657527841814197,4862.269490388402,11054.69,6167.271,0.004898438,377.4834,0.005355469
240.0846182303757,0.0008151507027765141,4636.977729285285,10959.2,6302.5,0.004632813,379.4061,0.005164063
244.4382369884113,0.0008219184488137854,4606.408136429086,11054.05,6460.158,0.004611328,375.5608,0.005181641
233.45832784439307,0.0006309714477194261,4947.040575899978,10947.66,6016.022,0.00471875,365.3065,0.005232422
222.1481997475148,0.00061029287309237,5265.689356898932,11203.37,5916.043,0.004808594,385.1741,0.005269532
251.06698692678705,0.0005363640098955374,5000.867487399588,10983.55,5943.602,0.004900391,380.6879,0.005357422
224.0553841162665,0.0006704364283996584,4802.559535262642,11084.81,6274.941,0.004796875,367.8701,0.005240235
239.03685913722143,0.0018582538315902789,5750.570985433968,11296.3,5533.433,0.004611328,388.3785,0.005123047
239.7105798818691,0.0006223319800536946,5733.012925643426,11275.15,5566.759,0.004871094,388.3785,0.005400391
237.49584187896954,0.00044950357769051383,5548.813112928237,11191.84,5645.588,0.004960938,381.9697,0.0054375
241.4197771651041,0.0005790730988947413,5004.357792638566,11061.74,6050.63,0.004720703,406.3234,0.005183594
267.1348061588328,0.0005943811012097668,5697.667618981612,11116.21,5438.582,0.004902344,395.4283,0.005373047
241.31153934901138,0.0005440772694000899,5256.420669299915,11222.6,5958.983,0.004900391,389.6603,0.00540625
207.5842955288015,0.0007678181967176722,5380.857749475699,11120.06,5749.413,0.004796875,379.4061,0.005333985
235.97822362970243,0.0007041875887708658,4877.4077993002375,11138.0,6244.819,0.004767579,401.1963,0.005236329
221.82860523284955,0.0007221190429096385,5162.725617984876,11065.58,5892.331,0.004792969,401.1963,0.005253906
250.90541251766408,0.0005491043784620989,4530.89935551008,10974.58,6480.025,0.004914063,396.0692,0.005355469
223.8616209941846,0.0007926888376500414,5795.123685873123,11372.57,5540.482,0.004767579,390.9421,0.005330078
241.798310107101,0.000628590091658823,4687.1855880984685,11112.37,6376.202,0.004679688,386.4559,0.005199219
222.70708011934,0.0006666381117564138,5393.680172852197,11118.78,5741.722,0.004853516,381.3288,0.005300782
235.38602825553664,0.000649762626093624,4168.098450599326,10761.16,6555.65,0.004857422,393.5057,0.005332031
233.89016379277007,0.0005573411937122326,5257.855473221588,11014.31,5773.766,0.004919922,392.2239,0.005421875
238.88050518555985,0.000739218312176654,4739.9908221412425,11032.9,6307.626,0.004763672,391.583,0.005269532
224.49348392029952,0.0008546237198733326,5280.727046942362,11071.99,5849.391,0.004691407,384.5332,0.005146485
250.70334931145146,0.0006610797702753356,5519.660952849845,11210.42,5646.229,0.00484375,387.0968,0.005335938
224.0464200644471,0.0019257730078681035,5186.657473089374,10986.11,5781.457,0.004609375,362.743,0.00509375
229.491683170111,0.0019164846640127996,5824.3017731677455,11230.93,5332.835,0.004623047,393.5057,0.0051875
244.65488539467407,0.0005902104073637236,5084.719310167516,11048.92,5998.077,0.004882812,392.8648,0.005375
218.029690188479,0.0006210480255570307,5177.010175224163,11197.61,6057.68,0.004841797,369.7928,0.005300782
236.31247375729018,0.0006461095416353976,5413.1352620677435,11257.21,5899.38,0.004890625,383.2514,0.00534961
248.73627703257316,0.0005506976682103849,4835.76695777195,11068.79,6168.553,0.004945313,388.3785,0.005453125
233.77199088924704,0.0018726439862274712,4645.318754224391,11011.11,6361.461,0.004617188,404.4008,0.005101563
230.74625026979126,0.0006079415155887921,4643.413482624959,10998.93,6242.256,0.00469336,381.9697,0.005220703
218.72287793234872,0.0005575845421814059,5813.247316944997,11337.32,5549.455,0.004900391,390.9421,0.005408203
242.24639522162914,0.0020172234277197614,5218.473191400857,11124.55,5889.767,0.004429688,383.8923,0.005167969
240.76531718604116,0.0007095022018590004,5385.478300526787,11261.05,5829.523,0.004853516,381.9697,0.005388672
237.09849281317372,0.000684918019444622,5162.950924517847,11109.16,5903.867,0.00478125,383.8923,0.005195313
239.46470953694768,0.0005857278180654484,5912.470153220715,11330.27,5414.868,0.004900391,383.2514,0.00538086
241.2466140368184,0.000629628904773564,5455.729069531588,11177.74,5728.904,0.004882812,367.8701,0.005359375
225.3048305242001,0.0018832446346665884,5473.908206132,11201.45,5736.595,0.004716797,378.7652,0.005197266
247.6174897819558,0.0007000808605102296,5926.321420279332,11353.98,5427.045,0.004826172,389.6603,0.005308594
244.8325195207001,0.0006588287999534699,5638.752370261744,11316.81,5673.146,0.004814453,372.9972,0.005279297
254.67300435492615,0.0005771479141374698,5862.866656609314,11393.08,5552.019,0.004898438,400.5554,0.00538086
240.9627598471757,0.0007099190146078068,4874.575594631471,11062.38,6195.471,0.004798828,392.2239,0.005300782
213.10980521855961,0.0007292053567304848,5428.76429969513,11149.54,5765.435,0.00469336,356.975,0.00525
248.10926624974024,0.001799882316475697,5239.885876828156,11155.31,5937.834,0.004664063,392.2239,0.005169922
219.45206055067905,0.0006136957124166767,4562.955625128749,11041.87,6417.859,0.004705078,405.0416,0.005164063
220.52427534934066,0.0006463054781254949,5530.581924648361,11220.68,5678.915,0.004841797,394.7874,0.005308594
213.20210828590376,0.0005972456986375503,4778.076551287612,10989.32,6249.306,0.004720703,360.1794,0.005298828
227.89976008888087,0.00044586893042183754,4678.399369066274,11023.29,6401.196,0.004931641,400.5554,0.005402344
245.35151226747027,0.0005532013167837976,5198.558881739967,11073.92,5800.684,0.004916016,362.1021,0.005429688
218.86892290905223,0.000649012154129119,5585.935719314783,11220.68,5635.975,0.004841797,388.3785,0.00534961
230.7721081020276,0.00048440007978695353,5827.777029347462,11366.8,5527.024,0.004929688,368.511,0.005548828
235.4363219056565,0.0006886585852566918,4551.5384137637775,10868.19,6116.0,0.004765625,383.8923,0.005238282
212.2395786837619,0.0006618004030180754,5676.1316647469,11246.96,5607.135,0.004873047,387.0968,0.00538086
235.34184323022737,0.0006540274138030198,4733.229272029591,11048.28,6222.388,0.004761719,389.0194,0.005214844
232.71970031363813,0.0018823121913962575,5213.154424264438,11136.72,5916.043,0.004683594,374.279,0.0051875
247.80236305523795,0.0006573132918043697,5334.8097221770795,11190.56,5846.187,0.004841797,399.9145,0.005298828
244.4981833922521,0.0004898776838022397,4994.020261546705,11120.7,6099.337,0.00494336,390.9421,0.005392578
254.20962110619783,0.0006176295292149795,5071.449852219394,11139.29,6090.365,0.004916016,393.5057,0.005390625
223.39145673920578,0.0018231483973887622,5568.043079578254,11103.4,5563.555,0.004699219,375.5608,0.005207031
220.67530088969255,0.0006332517059342219,5878.521507161078,11220.68,5430.891,0.004900391,388.3785,0.005376953
239.38504654084042,0.0005678732877284965,5603.307893896729,11280.28,5712.241,0.004869141,381.9697,0.005476563
216.87874600062278,0.0008386027413073925,5535.857436505182,11177.74,5669.301,0.004669922,365.3065,0.005150391
226.66816938828126,0.0005531151583483084,4813.204708503352,11038.67,6233.284,0.004886719,397.9919,0.005322266
241.53161221674264,0.0019076737789111857,5333.532718825106,11234.78,5901.944,0.004457031,395.4283,0.004955078
248.20281198138227,0.00180631950126376,4990.7611434535465,11096.35,6085.238,0.004613282,389.6603,0.005083985
242.9931405715994,0.0006835935583680086,5365.947382034176,11142.49,5748.771,0.004794922,372.9972,0.005298828
217.95282965823856,0.0006165346007640869,5018.4864866541275,11099.55,6054.475,0.004830078,379.4061,0.005332031
209.36668600321997,0.0006160433957637972,4746.663190996713,11056.61,6306.345,0.004722657,377.4834,0.005181641
215.6800643027391,0.0005604266909491165,5868.053447435629,11298.87,5452.681,0.004900391,368.511,0.00538086
230.37912984602713,0.0005471711007368331,5596.071413651638,11262.98,5647.511,0.004884766,384.5332,0.005378907
236.22761141180845,0.001912073495417456,5251.3344605979,11239.91,6000.641,0.00447461,386.4559,0.005025391
237.40094779301936,0.0004875605362398102,5534.266129313791,11199.53,5651.997,0.004933594,383.8923,0.005451172
236.66641393407048,0.0003926234746532105,5020.061871056817,10984.83,5958.983,0.004931641,383.8923,0.005392578
220.2070035302188,0.0017824539649543615,5818.968878560661,11245.67,5395.642,0.004748047,388.3785,0.005314454
249.37616886298122,0.0006509047392537738,5371.406864972628,11174.54,5839.777,0.004841797,376.2017,0.005347657
251.36365273351956,0.0005744932657554844,4855.1332220000795,10929.71,6116.0,0.004902344,378.1243,0.005388672
219.9269511439221,0.0003517474777218265,6015.073128644773,11309.76,5334.117,0.004929688,364.6656,0.005503906
221.6225986924679,0.0005540923971949351,5471.752377195063,11184.79,5753.898,0.004890625,362.743,0.005388672
251.8342676742262,0.0005665914337619807,5280.096160481254,11165.56,5848.109,0.004914063,406.3234,0.00541211
231.06780817251396,0.0004918962099424852,4894.565482331952,10958.56,6049.348,0.004898438,390.3012,0.005382813
251.3749932257889,0.0003979575761086431,5410.440816925381,11328.35,5800.042,0.004929688,376.2017,0.0054375
252.4304396784179,0.0006618899393990785,5272.178834372052,11292.46,5958.342,0.0048125,392.2239,0.005287109
216.1896614190026,0.000689346185209748,5108.6506338129675,11170.05,6124.973,0.004828125,374.9199,0.005283203
243.88313254470768,0.0006387032227332256,5451.050029343176,11157.87,5559.709,0.004828125,380.6879,0.005304688
252.21033313313768,0.0006257392219080872,5522.896029938068,11177.74,5678.915,0.004927734,387.0968,0.005400391
246.91436508234773,0.0006076558732829019,5557.762194366936,11259.13,5676.351,0.004941407,388.3785,0.005417969
241.8131078954649,0.0007358944287982742,4418.283852800016,10820.76,6404.401,0.004679688,378.7652,0.005240235
229.63041039530495,0.0006743926943154505,4948.237439600836,11064.3,6115.36,0.004798828,380.047,0.005275391
227.69891547090617,0.0006038639731341422,5312.5404104719955,11164.92,5864.772,0.004869141,386.4559,0.005384766
223.6131140173997,0.0018135950211681422,5759.676232046612,11309.76,5526.383,0.004701172,379.4061,0.005228516
242.16030902493176,0.0005572042226781117,5064.1075453178855,10964.32,6016.663,0.004857422,382.6105,0.005363281
249.0690920885426,0.0008159981839831802,5451.156375272105,11254.01,5784.021,0.004716797,380.6879,0.005191407
232.49126303610353,0.002000522802619268,5944.982900254419,11352.06,5414.868,0.004464844,381.3288,0.005048828
221.9088759855305,0.0006469828055233601,4962.1693392442285,10968.17,5932.065,0.004826172,386.4559,0.005320313
254.5719094109385,0.0006377488764786666,5059.992597918911,11081.61,6008.972,0.004814453,371.0746,0.00525
245.57332035917744,0.0006654827562826877,5895.283236982792,11255.29,5442.427,0.004841797,374.9199,0.005330078
233.3093196494145,0.000753513470475784,5425.187910040646,11156.59,5696.218,0.004699219,381.3288,0.005199219
231.5400898108664,0.0006395602147320093,5371.4740607609965,11071.99,5728.904,0.004841797,383.8923,0.005347657
253.00715480860828,0.0006971399495369732,4374.934419435319,10947.66,6571.032,0.004808594,399.9145,0.005359375
232.11318216596013,0.0008128953569019209,6199.004291532523,11570.6,5245.674,0.004859375,380.6879,0.005386719
243.29564214361628,0.0007867993445021066,4971.96339873896,11103.4,6116.0,0.0046875,394.7874,0.00516211
241.84743158907196,0.0005971627860198819,5189.342667595372,11033.54,5942.32,0.004916016,392.8648,0.005353516
211.97351305024986,0.00055546232179264,5243.911521320366,11196.33,5944.883,0.004916016,368.511,0.005414063
242.9916345705103,0.000624172587000898,5199.399810620447,11197.61,6053.834,0.004900391,396.0692,0.005357422
221.7005106843836,0.000607870164485288,5805.156286676074,11205.3,5381.542,0.004869141,390.3012,0.005320313
236.2628779615331,0.000638014305712379,5670.056125278613,11212.35,5518.692,0.004830078,358.2568,0.005335938
228.57659469382213,0.0006533521147668006,5070.991707020408,11124.55,6044.862,0.00484375,383.2514,0.00534961
208.86219647562893,0.0006032524144263177,5497.432276021835,11273.87,5759.025,0.004810547,368.511,0.005339844
232.04502661341354,0.0005587686279336846,5811.968785719592,11210.42,5366.161,0.004886719,400.5554,0.005341797
234.2607465903793,0.00083417840121917,5449.04648110928,11196.97,5748.771,0.004728516,385.815,0.005320313
238.27443756809583,0.0008809264875375545,5338.067244175561,10992.52,5691.732,0.004689453,376.2017,0.005164063
236.96088385162176,0.0004149332357582737,5727.095045216681,11267.46,5539.842,0.004988282,374.9199,0.005494141
229.41004306750517,0.0004929447762498532,5930.833556217101,11426.4,5456.526,0.004958984,356.975,0.005457032
228.74387142143382,0.0006411763528142306,5466.36433778109,11240.55,5814.142,0.004882812,381.9697,0.005365235
244.03690967535138,0.000650907826569512,5162.249971854005,11187.35,6042.298,0.004841797,383.8923,0.005316406
206.50696800140784,0.0006464689650088686,5049.989588882683,10984.83,5919.889,0.004814453,365.9474,0.00534375
229.84528971028948,0.0006299236920922943,4702.010556188426,10891.26,6236.488,0.004767579,396.0692,0.00525
250.6369956786975,0.0004214943010901925,5406.752205424419,11153.39,5721.213,0.004900391,379.4061,0.005365235
225.70395197120052,0.0006073979461121991,4781.1783846774515,10970.73,6116.0,0.004751953,369.1519,0.005275391
244.54882412890444,0.001901984203009867,5683.831166831259,11244.39,5594.958,0.004697266,366.5883,0.005199219
237.63622804698073,0.0005791740926813665,5347.267140064882,11235.42,5875.027,0.004941407,380.6879,0.005455079
208.56489589679882,0.0007243883945048232,5495.120167031237,11191.84,5651.997,0.004839844,383.8923,0.005300782
235.64775410642503,0.0007881811512921295,5656.478915240465,11209.14,5505.875,0.004720703,378.7652,0.005208984
236.9991053716246,0.0006721159753983643,5427.7377630000565,11183.51,5770.562,0.004853516,381.9697,0.00534375
251.30098969627625,0.0006123177397593521,5216.970485346224,11172.61,5973.724,0.004869141,403.7599,0.005339844
238.58211284688488,0.0009198071576435156,4695.802872289188,10919.46,6354.411,0.004621094,412.0914,0.005072266
235.28049562499504,0.0005212109966276909,4626.976602802449,10998.93,6330.699,0.00490625,392.2239,0.005357422
226.92363490317496,0.0019228918776591937,5412.63018147759,11207.22,5809.015,0.004701172,379.4061,0.005208984
232.0650115567202,0.0006212153347944545,5098.56910133919,11093.78,5983.337,0.004898438,378.1243,0.005375
242.7423064098661,0.0005227620376643109,4850.019574188033,11020.72,6159.581,0.004900391,393.5057,0.005373047
239.78662034950818,0.0005154560377851444,4542.7904773154105,10923.31,6410.81,0.004882812,387.0968,0.005386719
221.15860689806195,0.0006640414203334394,5340.456235982961,11223.24,5854.518,0.004806641,384.5332,0.005275391
230.31300058101047,0.0017622164173256097,5427.971026917206,11201.45,5763.512,0.00465625,378.1243,0.005113281
244.03790808053733,0.000679475332876747,5522.615989084554,11227.73,5763.512,0.004826172,397.351,0.005332031
248.52002554319773,0.0006152130924417622,5637.578439178546,11232.86,5594.958,0.004945313,390.3012,0.005433594
243.5894727888023,0.0005894741641716035,5031.899740234647,11148.26,6074.343,0.004931641,385.1741,0.005423828
237.1010200842842,0.0006729666141417616,5516.820263700081,11202.73,5667.378,0.004888672,382.6105,0.005365235
236.52632526272987,0.0006889309131797929,5239.486583971795,11192.48,6002.563,0.004841797,376.2017,0.005332031
237.37690583077418,0.0006783228077008348,5342.3591128785365,11245.03,5908.994,0.004826172,379.4061,0.005367188
245.48079817820891,0.0005234821159224158,4554.421312823547,11020.72,6541.551,0.004853516,384.5332,0.005328125
242.38528136500148,0.0005650141982844771,5602.775186686169,11277.08,5628.925,0.004896485,383.2514,0.005439453
214.00712214597903,0.0018611163729463107,5180.106962784622,11085.45,5897.458,0.004683594,372.3563,0.005166016
223.69598134569517,0.0018292425874874177,5284.032029854678,11127.11,5839.777,0.00465625,378.1243,0.005183594
211.78250479060753,0.0006407689256553729,5103.245354531086,11147.62,6028.84,0.004851563,362.743,0.005332031
235.4465189640348,0.000609463393712275,5820.3815850711935,11330.27,5552.66,0.004884766,388.3785,0.005392578
242.0085707877143,0.0006251631400913307,4295.881249363306,10859.86,6615.894,0.004824219,379.4061,0.00528125
244.83154062604115,0.0005899751344305966,6047.952207860474,11480.24,5386.028,0.004826172,396.0692,0.005257813
235.35700531872905,0.00043713328986023816,5371.312501608317,11208.5,5853.877,0.004898438,374.279,0.005330078
235.6866823737733,0.0006508468109671923,5378.271780615178,11132.24,5766.076,0.004810547,381.9697,0.005318359
212.61933982604805,0.0005151267037686661,5677.220911919687,11178.38,5479.598,0.004927734,376.2017,0.005388672
241.60266687936402,0.001829916508376964,4780.514882598684,10911.77,6141.636,0.004650391,383.2514,0.005119141
235.40367494874135,0.0019562926631660257,4788.23779558181,11075.84,6310.19,0.004460938,371.7154,0.004972656
224.77382707094847,0.0006093825356941561,6006.299939858464,11328.35,5303.995,0.004867188,371.7154,0.005384766
231.27800528772613,0.0005384197310362931,4995.741021062241,10894.47,5970.519,0.004884766,380.6879,0.005388672
248.9265746951102,0.0007868886809083356,5519.428766573885,11205.94,5757.744,0.004751953,388.3785,0.005308594
243.79888626468681,0.0005409876305411577,5521.443952702238,11232.86,5744.926,0.004900391,383.2514,0.005416016
251.7567799280673,0.0003729061926993769,5760.424453302597,11295.66,5541.124,0.004927734,405.6825,0.005464844
218.99524131794308,0.0007433772468034238,5518.054944950952,11175.82,5678.273,0.004871094,364.6656,0.005333985
215.17076333572172,0.000546068561454068,4793.105052364917,11013.67,6230.72,0.004869141,369.7928,0.005330078
244.0522331659761,0.0018370679942379341,6212.024871382812,11396.28,5285.409,0.004746094,390.3012,0.005242188
232.5222601288015,0.0008982849449636905,5480.6656466659015,11196.97,5695.578,0.004701172,373.6381,0.005179688
251.32208905111113,0.0005845150494794197,4479.6899086225585,10969.45,6495.407,0.004708984,355.6932,0.00528125
238.47666125981766,0.00042708844195871317,5733.166206577792,11250.8,5508.438,0.004945313,402.4781,0.005417969
252.90569837329858,0.0004395797419214511,5017.101391162156,11017.52,6052.553,0.004898438,397.9919,0.005378907
243.03995182538577,0.0017835807547069503,5660.548102617289,11245.03,5546.251,0.004685547,385.815,0.005232422
243.95597564277674,0.0005994779037084136,5816.892296011361,11279.0,5480.88,0.004929688,380.047,0.0054375
246.95638003517539,0.0004539551450778908,5336.655265771114,11109.8,5696.859,0.004970703,385.1741,0.005494141
225.42008050915723,0.0007441289169137558,5334.156253643258,11169.41,5844.264,0.004826172,374.279,0.005289063
242.31098628751428,0.0006648451793619262,6198.637513627252,11425.76,5286.05,0.004826172,376.2017,0.005337891
230.65861328296725,0.0008741986419898462,5141.832904625255,11027.77,5830.805,0.004699219,371.7154,0.005214844
247.10048872846303,0.000664483933319797,4965.190065463146,11130.96,6193.548,0.004794922,388.3785,0.005322266
232.74779354239914,0.000565566188431128,5390.8698027843575,11109.8,5798.761,0.004783203,384.5332,0.005332031
249.5433340743121,0.0006463015500760603,5013.936900278652,11120.06,6122.409,0.00488086,383.2514,0.005378907
259.4828884993268,0.0019103807219760854,5645.579737635161,11211.71,5527.024,0.00447461,401.8372,0.005050782
234.88933517948627,0.0005680384916164805,4944.755775104267,11050.2,6115.36,0.004884766,388.3785,0.005375
238.40598285614848,0.0005399154802631628,4271.163494476874,10806.67,6640.889,0.004736328,391.583,0.005222656
238.3961272617906,0.0006143319085557782,5772.615314472746,11332.83,5530.229,0.004853516,392.2239,0.005353516
218.04486279071133,0.0005115075362370442,4676.469804841319,10905.36,6230.079,0.004882812,394.1465,0.005355469
256.5721119728932,0.0020271606228228346,6011.143300269435,11334.12,5343.73,0.004458984,380.6879,0.004970703
228.67033958482466,0.0006178220814528454,4883.262240373586,10990.6,6103.183,0.0048125,396.0692,0.00528125
247.79348568973782,0.0006383963835806656,5920.18587812605,11381.54,5448.835,0.004800782,396.0692,0.005326172
215.5242547055919,0.0009359502439544893,5298.816922924457,11173.89,5868.618,0.004708984,375.5608,0.005257813
224.43684259269403,0.0006165036877137991,5119.012782614117,10979.06,5880.154,0.004736328,366.5883,0.005191407
225.8244043640239,0.0006340318402484148,4628.9005738810865,10995.09,6387.096,0.004677735,369.7928,0.005181641
256.3675803114422,0.0006165442365549894,5687.284719722808,11311.69,5627.644,0.004783203,375.5608,0.005316406
231.18368330858843,0.0007193759203592435,4968.577016247206,11029.69,6033.967,0.004826172,371.0746,0.00528125
235.54737257950362,0.0005307911620327046,5551.031408573419,11272.59,5743.003,0.004925781,381.9697,0.005423828
250.43539337183157,0.0006607538945314072,5293.311006857079,11132.88,5844.905,0.004828125,385.815,0.005320313
210.54587575339386,0.0018396604444825297,5482.132925184906,11293.74,5789.147,0.004642578,383.8923,0.005140625
238.58065342118906,0.0006612384063462153,4947.111072552132,10984.19,6158.299,0.004792969,378.7652,0.005269532
251.71638197785242,0.0004209550275742986,5864.643841424689,11220.68,5453.322,0.004900391,384.5332,0.005417969
237.28698275054768,0.0005876186703912111,5155.109251251422,11004.06,5871.822,0.004826172,398.6328,0.005283203
223.04877324734295,0.0003904111943474352,5652.0327065098845,11218.76,5571.245,0.004900391,376.2017,0.005357422
256.87070814127003,0.0007005090886736693,4990.935270003738,11089.3,6139.073,0.00484375,390.9421,0.005320313
237.6194769782008,0.0007163717734913959,4725.194177395528,11000.85,6283.273,0.004648438,390.3012,0.0051875
230.7919465321945,0.0006735243161085584,5503.753160706717,11200.17,5709.036,0.0048125,369.7928,0.005285156
248.50630648273363,0.00047389915623396246,5754.488052212861,11239.26,5391.156,0.004914063,389.6603,0.005431641
243.96421375890012,0.0005461852031849018,5370.901927945945,11177.1,5774.407,0.004916016,369.1519,0.005394531
251.3769182419299,0.0006157829225709695,5436.567571218466,11190.56,5770.562,0.004841797,409.5279,0.005347657
246.01202394505754,0.0005333473454234267,5506.097270192646,11220.04,5661.611,0.004871094,390.9421,0.00538086
212.40998927075142,0.0005483095108449189,4949.2955058067055,11139.93,6176.244,0.004916016,360.1794,0.005382813
242.40126877734187,0.000592890505997655,5151.469629723589,11132.24,5976.287,0.004916016,374.279,0.005433594
251.84994419514365,0.0005891294086406754,5411.135541782717,11255.29,5848.109,0.004898438,394.1465,0.005373047
225.15393812353577,0.0019152470484437468,5361.515829153508,11096.35,5743.003,0.004642578,379.4061,0.005121094
211.79881525656242,0.0006097044959245815,4262.050323964975,10806.67,6683.187,0.00472461,366.5883,0.005210938
239.70400753102177,0.00043683259496883896,5094.591113761275,11091.22,5946.806,0.004898438,415.2959,0.005355469
231.40697222987478,0.0019914122715611964,5126.733380955932,11185.43,6101.901,0.004433594,404.4008,0.004996094
251.62194299155743,0.0007164635937937796,5278.5698284633545,11138.65,5894.894,0.004722657,365.9474,0.005248047
249.24250451441964,0.0006574480819426396,4985.280220453534,11193.12,6184.576,0.004884766,394.1465,0.005376953
240.74574066305647,0.0005572895230257474,4474.833412039555,10891.9,6398.632,0.004873047,402.4781,0.00534961
214.1041478472356,0.000706034791417702,5311.332601008018,11187.99,5889.126,0.004779297,372.9972,0.005318359
241.9539644109329,0.0005970913272783296,5392.472131083274,11205.94,5842.341,0.004837891,371.7154,0.005318359
239.52543530533606,0.0005946774763357012,5119.967577938912,11172.61,6074.983,0.004884766,401.1963,0.005361328
224.52835799301027,0.000519625051170592,5358.691906282244,11039.31,5653.92,0.004949219,399.9145,0.005423828
252.9804877670968,0.0007074390117968712,5398.4029143294165,11205.3,5700.705,0.0048125,395.4283,0.005259766
220.92556993662328,0.0006033181089319749,5034.408607072187,11070.07,6005.768,0.004857422,397.351,0.005333985
238.78890711508126,0.0006166778559508996,5306.392724830908,11150.18,5855.8,0.004841797,379.4061,0.005300782
234.62578095284388,0.0006660687922068498,5783.803098428471,11312.97,5512.925,0.004824219,406.3234,0.005306641
247.43382319822308,0.0005323977372384514,5651.032491487377,11270.03,5605.212,0.004898438,371.0746,0.005373047
254.3494246864254,0.000585027800534779,4923.954944472492,11104.04,6203.162,0.00471875,393.5057,0.005183594
235.53294880239278,0.000573460874409357,4637.82546157755,10989.96,6334.544,0.004720703,383.2514,0.00525
234.97802775665335,0.0006551878381083639,5747.483015958815,11296.94,5512.925,0.004839844,379.4061,0.005351563
239.36693394710005,0.0005241937251882402,4718.409868117474,10974.58,6331.339,0.004869141,377.4834,0.005324219
241.63835028088812,0.00048106326654543264,5286.369768349935,11136.72,5875.667,0.004947266,416.5776,0.005390625
229.00877089605532,0.0005330576042593691,5664.783462476358,11222.6,5575.732,0.004945313,370.4337,0.005425781
240.25131572541096,0.00041321575504416394,5480.1168165557065,11205.94,5717.368,0.00497461,394.7874,0.005462891
218.41327032792293,0.0005346855730483901,5686.962545278229,11216.19,5560.991,0.004958984,393.5057,0.005482422
216.85023349203723,0.0008872360904882548,4486.031793678883,11032.26,6460.799,0.004648438,392.2239,0.005164063
236.86879495888266,0.000789713487613982,5802.169143659296,11260.41,5522.538,0.004712891,378.1243,0.005199219
248.46171270008247,0.001884299117272328,5305.349716448621,11233.5,5875.667,0.004681641,378.7652,0.005208984
235.44933934007398,0.0005226079949566919,5320.596291926543,11220.04,5930.143,0.004914063,398.6328,0.00540625
248.055439833476,0.0006114287618546348,5532.507978650521,11230.29,5712.241,0.004898438,361.4612,0.005423828
247.64075922282535,0.0017599191236930898,5339.7109601398415,11227.73,5907.712,0.004708984,395.4283,0.005232422
217.43192242787597,0.0007953227697280926,4733.746454057646,10934.84,6296.731,0.004669922,396.7101,0.00519336
241.49688160337845,0.0005724210222747717,4826.904715853664,11059.82,6287.759,0.004917969,380.6879,0.005472656
257.07830569538925,0.0006697190287902478,5472.257062811945,11196.33,5710.318,0.004824219,389.0194,0.005322266
233.772333773808,0.0007500342982217221,4920.0529371046905,11076.48,6146.123,0.004664063,371.0746,0.005123047
245.2899418108759,0.0006785672915198709,5546.408096234561,11255.93,5743.644,0.004960938,374.279,0.005447266
254.62841407887424,0.00043980654613663586,5425.792331313373,11170.69,5771.203,0.004927734,380.047,0.005376953
236.96691972136279,0.0005235278816464236,4971.275144831746,11102.76,6184.576,0.004886719,389.0194,0.00534375
249.1862074825538,0.0007319891869585462,4387.870459533401,10941.89,6549.242,0.004664063,375.5608,0.005150391
246.52509890859093,0.0007136922953446642,5617.323281058232,11265.54,5639.821,0.004810547,395.4283,0.005367188
242.04659580915236,0.0006921971697864906,5796.629498466423,11184.79,5414.868,0.004841797,395.4283,0.005326172
220.67642325794404,0.001757297490378167,5447.8323959664995,11116.21,5629.566,0.004789063,375.5608,0.005294922
240.5814560136437,0.000574448986131533,5090.138197534157,11092.5,6037.812,0.004857422,383.8923,0.005361328
229.35959727060524,0.0005718214609621627,5042.5734607395925,11046.36,6026.276,0.004900391,356.3341,0.005404297
224.61578929872823,0.0005841812406888786,5146.279808981267,11187.99,6055.757,0.004898438,372.3563,0.005363281
234.9955242628551,0.000585499701206188,5346.581028013552,11198.25,5820.551,0.004927734,381.9697,0.005386719
247.78325645982522,0.00045071099858755173,5607.546562667661,11268.75,5696.859,0.004990235,385.815,0.005419922
242.42611337156998,0.0006499072814187344,5552.198373298013,11283.49,5744.285,0.004826172,403.119,0.005298828
252.37189116313175,0.0005322376552929247,5452.646033642801,11159.15,5707.754,0.004900391,380.6879,0.005375
250.99691393634794,0.0005628108254908734,4510.63478005099,10865.63,6453.749,0.004914063,392.2239,0.005382813
254.09757567875096,0.0005466470895013565,4490.403178083627,10799.62,6355.052,0.004914063,389.6603,0.005421875
230.02047035931733,0.0005976379778594687,5520.155921360417,11355.27,5805.169,0.004857422,374.9199,0.005400391
231.70185709901602,0.0005609635334010275,5618.928291516911,11139.29,5512.283,0.004824219,387.7377,0.005298828
235.0612821229807,0.0006867863446861884,5974.885304774933,11380.9,5457.808,0.004859375,426.191,0.005353516
214.99078316225038,0.0004460480962793654,5513.465552430404,11241.19,5705.191,0.004947266,371.0746,0.00546875
238.70831048316793,0.0018764802817372108,5345.639618762189,11175.18,5807.092,0.004671875,376.8426,0.005169922
243.26017371673183,0.0007261485876741813,5053.430394998106,11078.4,6005.768,0.004808594,378.7652,0.005296875
247.58617999378936,0.000549196503106692,5734.101064312054,11276.44,5464.857,0.00491211,382.6105,0.005466797
220.98851045125107,0.0007077413417460348,5188.502424462791,11180.3,5995.514,0.004783203,383.2514,0.005277344
247.13621107445462,0.0006348320890130033,5029.362954616289,11098.27,6058.32,0.004826172,376.8426,0.005300782
243.3157654874533,0.000544207733873443,5466.875517856667,11253.36,5751.976,0.004914063,403.7599,0.005376953
227.53797233834584,0.0005019953745161085,5739.6519671471,11135.44,5455.885,0.004902344,381.3288,0.005373047
224.6870359518037,0.0006605287659586217,5644.5605998560095,11325.14,5648.152,0.004841797,369.7928,0.005363281
210.5854963590147,0.001883388632318742,5089.783240941924,11020.08,5992.309,0.004625,384.5332,0.005107422
217.83909467578383,0.0006962851176613798,5307.836333449685,11157.23,5860.927,0.004841797,375.5608,0.005302735
228.23028832131052,0.0007547200120852931,5617.832678724329,11166.84,5530.229,0.004767579,380.6879,0.005238282
247.1522622208608,0.0005513100465198163,4104.386491086679,10928.43,6577.441,0.004824219,374.9199,0.005332031
212.05468235703518,0.0005749814172331752,5699.493198850461,11301.43,5593.677,0.00484375,360.8203,0.005318359
231.4896621124986,0.0005859838038450861,6031.797073863634,11412.3,5379.62,0.004871094,389.6603,0.005353516
243.60391306972343,0.0005517133264292014,5675.749319620128,11220.04,5497.543,0.00494336,399.2737,0.005470703
245.5432789544893,0.0006506461480165728,5861.606275008273,11275.15,5427.045,0.004837891,387.0968,0.005351563
236.85569418163396,0.0005116677159688597,5302.1345839170135,11164.28,5835.292,0.004929688,359.5385,0.005460938
213.439099385128,0.0005485049621002325,4794.686318376533,11095.07,6289.041,0.004810547,371.0746,0.005324219
211.27969493637863,0.000683429321519688,5327.771258669079,11266.18,5923.734,0.0048125,359.5385,0.005271485
238.9951290029989,0.0005750439709303537,4466.294328375662,10865.63,6450.544,0.004736328,378.7652,0.005267578
240.88819777726482,0.0006281942065356889,5253.373484730446,11165.56,5876.949,0.004900391,390.3012,0.005404297
227.58633003516582,0.0006204319288236108,5873.848084351102,11199.53,5368.724,0.004923828,383.8923,0.005378907
237.86499481022977,0.0006759170282724679,5780.38773250603,11196.97,5380.26,0.004828125,382.6105,0.005316406
222.6006139501214,0.000497745252430713,5060.039439072966,11151.46,6109.592,0.004853516,376.8426,0.005332031
250.25429903203948,0.0007316878612015146,5242.577817640879,11102.11,5862.209,0.0048125,393.5057,0.005318359
244.3125303745464,0.0007061621616058247,5551.981796067568,11238.62,5671.865,0.004810547,385.1741,0.005269532
230.47958130497605,0.0007257168406620182,5393.033522208425,11226.45,5850.673,0.004794922,390.9421,0.005318359
256.8488035242884,0.0005880361284814743,5692.89931650792,11250.16,5513.565,0.004869141,401.8372,0.005363281
247.83596913560152,0.0007302310263222591,5832.392374094296,11257.21,5387.31,0.004808594,376.8426,0.005339844
216.91468272674712,0.0005338833719952122,5408.018726438068,11205.94,5809.656,0.004947266,365.9474,0.005419922
240.93196310511235,0.0017416545745922926,5731.966143278095,11341.17,5582.141,0.004685547,369.1519,0.00519336
231.9182927227542,0.0007692377702613502,4697.213320304919,10890.62,6246.742,0.004666016,380.6879,0.005134766
228.31900807865122,0.0006720296643394372,5809.5072042111815,11338.6,5535.997,0.004853516,374.279,0.005322266
232.42229211758,0.0018266440029541587,5918.391832645689,11303.99,5457.808,0.004667969,384.5332,0.005183594
252.44426067931232,0.0005025356737137808,5548.0383825191075,11293.74,5803.247,0.004958984,380.6879,0.005396485
224.84137602492729,0.0007708601560459385,5751.652625050987,11311.04,5566.759,0.004666016,414.0141,0.005146485
235.8095642812496,0.0005617797415458129,5603.809311004009,11257.85,5657.125,0.004808594,362.743,0.005271485
247.586941658312,0.0005919506900195652,5198.096680288225,11177.74,5976.928,0.004855469,383.2514,0.005330078
231.65177750652126,0.0005306617167568382,4750.000879157705,11039.95,6287.759,0.004898438,385.815,0.005367188
247.4220493707077,0.0017682673977140444,5238.049139033217,11180.3,5946.165,0.004685547,385.1741,0.005199219
222.8890574333307,0.001948844559823706,4969.469475517904,11095.71,6128.178,0.004640625,372.3563,0.005185547
238.8254145185753,0.000637582412340304,5101.396997252709,11105.96,6005.768,0.004810547,403.7599,0.005294922
236.32748784445224,0.0005965523856414455,5005.124974814243,11115.57,6122.409,0.004839844,375.5608,0.005308594
237.2739372503001,0.0007140606779208842,5292.8154047744065,11241.83,5926.938,0.004796875,380.047,0.00534375
226.44587479909106,0.0006429924410718868,6100.268684759955,11393.08,5236.702,0.004841797,362.1021,0.005369141
226.99484761150708,0.001778354160594464,5372.453877096284,11237.34,5846.828,0.004705078,386.4559,0.005185547
233.0003552391304,0.0005074107194264949,4699.4814925387645,11041.87,6385.174,0.004853516,383.8923,0.005363281
217.17598918356717,0.0006616014219899035,5261.0225998074775,11069.43,5870.54,0.0048125,388.3785,0.0053125
250.22448685939833,0.0007766568808172112,5779.769822260878,11284.13,5494.338,0.004714844,409.5279,0.005210938
233.24422123067342,0.0006534355039040814,5027.2778281225765,11057.89,5983.337,0.004634766,390.3012,0.005136719
235.13197182141326,0.00037119792947484147,5044.638382991471,11059.82,6005.768,0.004884766,377.4834,0.005376953
245.22239804860976,0.0006643535430261978,5412.0308961305545,11195.04,5788.506,0.004814453,388.3785,0.005287109
251.50914230028104,0.002002220447840208,4339.613990071038,10910.49,6533.86,0.00456836,374.279,0.004998047
236.28596111171055,0.0004732531971005587,5690.983389348979,11272.59,5577.654,0.004957031,385.815,0.005455079
231.7160710888567,0.0006292908410911521,5576.23686039631,11136.08,5655.843,0.004871094,399.9145,0.005378907
242.26638947101014,0.0005804727721956339,4564.60765395475,10968.81,6377.483,0.004916016,380.047,0.005355469
236.91480924267316,0.000594792827888487,4585.868429122148,10981.63,6409.528,0.004886719,397.351,0.005396485
236.14295720917679,0.0005545555797816576,5320.8490349095255,11193.12,5899.38,0.004945313,381.9697,0.005451172
235.70452302755814,0.0005977440345907985,4934.57636601819,11085.45,6191.625,0.00475,362.1021,0.005246094
245.22772592978237,0.0004619323053614647,4835.1782243231955,11176.46,6274.3,0.004839844,373.6381,0.005326172
243.49740747204356,0.0006082193676315917,4909.506264183312,11079.68,6158.94,0.004871094,385.815,0.005345704
247.2446490954036,0.0007523226112329719,5695.9826545929,11175.82,5453.963,0.004796875,386.4559,0.005275391
217.60167530676256,0.0005886356575908561,5035.557726674371,11043.15,5992.309,0.004902344,381.3288,0.005410157
243.26081277915426,0.0006196485000829699,5232.615352879007,11132.88,5931.425,0.004869141,375.5608,0.005328125
236.2939814503122,0.0018982520138869688,4781.909025280902,10960.48,6153.813,0.004675781,387.7377,0.005105469
244.30364349252974,0.0005477846357547845,5617.015031358243,11241.83,5605.853,0.004931641,383.8923,0.005455079
240.7427379917941,0.0005338026530950062,4410.211571543849,11020.08,6472.976,0.004902344,394.7874,0.005341797
251.1435941021294,0.0006704220438254325,5198.3004674575495,11118.14,5901.944,0.004839844,383.8923,0.005296875
231.04124773941908,0.0005162496730416835,5636.656902525345,11198.25,5569.963,0.004941407,366.5883,0.005417969
231.66660812048812,0.0005501521715541558,4950.1799525592005,11095.71,6113.437,0.004861328,380.6879,0.005361328
245.5761050746331,0.0005109835396011867,5396.758814576903,11215.55,5842.982,0.00497461,375.5608,0.005462891
237.49529194618307,0.0006315171409188671,5561.012536078024,11227.09,5637.898,0.004826172,396.0692,0.005304688
225.98402685407183,0.0005490592521497597,5651.689886735084,11232.21,5578.936,0.004931641,358.2568,0.005431641
223.31515340609195,0.0006798299598623492,5578.569776283208,11089.3,5547.533,0.004798828,367.2292,0.005269532
241.70203515096048,0.0007836916127966504,5519.486281907855,11332.19,5812.86,0.004697266,387.0968,0.005214844
241.9318524014857,0.0005940937301922825,4591.513660093282,10969.45,6440.931,0.004753906,374.279,0.005214844
236.09964230585007,0.0006451320762461028,5338.925125716225,11264.26,5966.674,0.004828125,380.047,0.005332031
257.6565865124749,0.0008380464416080455,4698.245686748405,10940.61,6270.455,0.004650391,378.7652,0.005085938
242.53398180062612,0.0018906066910253968,5287.829703525764,11218.76,5903.226,0.004611328,390.9421,0.005080078
227.16146627995153,0.0003487192346181856,4873.8953774679885,11109.16,6214.057,0.004886719,415.2959,0.005410157
252.13601866613,0.0005865389660343878,4912.780011260243,11115.57,6162.145,0.004828125,396.0692,0.005285156
244.20171948233858,0.0006604255689925537,5321.972208045437,11172.61,5844.264,0.00484375,370.4337,0.005347657
234.41628600855753,0.0007100884375853181,5600.518987547651,11293.74,5714.163,0.004804688,389.0194,0.005275391
236.72571058016644,0.0005783026356972324,5117.547885045284,11100.83,5964.751,0.004902344,366.5883,0.005359375
217.29650165268615,0.0006615032809876222,5494.105941530165,11088.66,5623.798,0.004783203,380.6879,0.005292969
221.8107975566224,0.0017528643184887233,5377.9329648320345,11174.54,5765.435,0.004828125,385.815,0.005283203
233.08358935285654,0.0019072379989300517,5563.698979287415,11306.56,5707.114,0.004638672,417.8594,0.005142578
240.66143824946167,0.0006208260298306139,5561.210709982965,11268.75,5691.732,0.00484375,385.815,0.005300782
236.81551023749518,0.0019614269451243872,4985.460970242791,11086.09,6135.227,0.004564453,391.583,0.005052735
243.70592176877068,0.0005976161546713603,5342.934530630634,11097.63,5758.385,0.004839844,388.3785,0.005330078
227.34178277329747,0.000851379263345765,4843.540271862171,11039.95,6175.604,0.004648438,357.6159,0.005167969
253.63356336700429,0.0006253003096648477,4778.679120481586,11075.84,6316.599,0.004800782,420.423,0.005330078
243.88520829626023,0.0007159340683473174,5398.338205433304,11248.24,5830.805,0.004796875,388.3785,0.005306641
223.80769030357092,0.0005992365806647137,5075.914195819486,11077.76,6013.458,0.004927734,394.7874,0.005421875
242.16944292226293,0.0007042052209143479,5497.534562262947,11303.35,5851.955,0.004837891,361.4612,0.005337891
245.40825466715788,0.0007026701314639253,5283.023342443427,11292.46,5955.138,0.004855469,389.6603,0.005396485
242.2544252006379,0.0017892927893470535,5165.395632855494,11248.88,6017.304,0.004650391,396.0692,0.005197266
213.6812460583382,0.0006119302448885584,5544.675555013164,11277.08,5727.622,0.004871094,385.1741,0.00534961
240.04157203496086,0.00047429608597810156,4665.939067288064,11030.33,6353.129,0.004824219,389.6603,0.00522461
231.25579150416604,0.0008107753774781174,4383.0942370179055,10794.49,6404.401,0.004638672,394.7874,0.005072266
241.05187648019933,0.000734941782755825,4992.399658735504,11095.71,6126.255,0.004695313,370.4337,0.005185547
229.98239144113177,0.0004392822231505976,4694.394234567962,11055.97,6353.77,0.004914063,387.7377,0.005371094
229.0470435204047,0.0005381909592501782,5649.3985751369855,11116.21,5530.229,0.004949219,378.7652,0.005429688
219.49484215553426,0.0019126751646970925,5021.993113752375,11002.78,5979.491,0.004625,361.4612,0.005152344
238.2264398028051,0.001765304769806051,5728.973122040452,11248.24,5534.715,0.004732422,390.3012,0.005271485
232.729002016596,0.0006125502808225598,4135.472924746565,10765.65,6661.397,0.004884766,387.0968,0.005392578
246.96355953541067,0.0006704689371394182,5794.761498744169,11332.19,5563.555,0.004824219,369.1519,0.005355469
220.21392096904952,0.0006245941052910413,4981.1114719349,10962.4,6073.061,0.004841797,361.4612,0.005341797
261.3377547421174,0.000558937373346262,6182.235607838225,11454.6,5343.089,0.004859375,403.119,0.005431641
251.86751846633766,0.0005778180454939647,5867.734296047322,11354.63,5455.245,0.004929688,388.3785,0.0055
249.6489337949758,0.0006389222481030296,5110.784478978842,11119.42,6019.227,0.004798828,376.2017,0.005242188
231.66984822506947,0.0006544193429395479,5779.681842331916,11268.75,5385.387,0.0048125,392.2239,0.005289063
256.5382008501213,0.000650136359874258,5138.728115154261,11179.66,6028.84,0.004679688,423.6274,0.005212891
213.24077788701283,0.0005314738586407392,4884.269567252711,11070.07,6165.349,0.004888672,379.4061,0.005431641
236.28035734003467,0.0006884536361689104,4978.69814430123,11055.33,6058.961,0.004824219,376.2017,0.005330078
231.20613420044648,0.0005954983762276211,5544.330231667135,11289.25,5782.098,0.004853516,382.6105,0.005353516
245.5785150870451,0.0006002350734268918,5640.441772230231,11257.85,5655.202,0.004882812,380.047,0.005345704
242.9064406574502,0.001939192099457832,5217.839553662793,11224.52,6007.69,0.004640625,392.8648,0.005099609
219.10238089795195,0.000571763879172934,5990.828277870973,11206.58,5377.697,0.004841797,360.8203,0.005335938
246.18777681823676,0.0007942374295564333,4893.296170733824,11078.4,6165.99,0.004654297,395.4283,0.00515625
229.52240426476487,0.0017526992568301452,5118.863808022455,11156.59,6007.05,0.004654297,380.6879,0.0051875
236.38091749661535,0.00047813798834671925,5858.561665911961,11298.23,5448.194,0.004958984,392.8648,0.005472656
221.29444567746123,0.0007020774274566915,5203.176933694341,11164.28,5942.32,0.004650391,371.7154,0.005185547
239.6662626993875,0.00042290291263273735,5765.229087499336,11360.39,5488.571,0.004900391,384.5332,0.005408203
233.74465867694755,0.00051173465472362,5726.25467479323,11234.14,5509.079,0.004972656,412.0914,0.005416016
226.7797779391802,0.0009759350987428761,4899.474952044551,11017.52,6091.647,0.004667969,378.7652,0.005105469
229.8297509234905,0.0006698720009006671,4979.014343232706,10968.17,5943.602,0.004667969,392.2239,0.005208984
223.82152006022176,0.0006760455455873704,5584.651982697887,11186.07,5619.953,0.004841797,372.9972,0.005326172
239.5385174457921,0.0004936204875995687,4445.378087225196,10918.18,6478.744,0.004886719,377.4834,0.005396485
254.1044986694475,0.000650379420132421,5246.5219896425215,11221.96,6003.204,0.004794922,379.4061,0.005298828
230.552595323939,0.0008328020607306349,5638.656305054926,11286.05,5641.103,0.004695313,375.5608,0.005275391
241.1736140065129,0.0018454679479784307,5039.046304531946,11124.55,6098.697,0.004681641,375.5608,0.005197266
230.69954345112708,0.0007607520678903711,5439.066025216799,11238.62,5801.965,0.004960938,380.047,0.005451172
245.1479871689376,0.0006190823383903401,5090.5408870154715,11120.06,6007.69,0.004837891,380.047,0.005289063
236.18591654069346,0.0006391796211552954,5382.4211512932225,11320.02,5807.092,0.004837891,375.5608,0.005371094
243.62619643149648,0.0007575754554154065,5751.554388005322,11300.15,5466.14,0.004828125,390.9421,0.005335938
213.03594579824247,0.0007152327296752928,5293.607265782543,11195.68,5926.938,0.004779297,371.0746,0.005345704
226.9495396365975,0.0006075393003005352,5126.887785486387,11119.42,6021.149,0.004839844,380.6879,0.005316406
218.74148664608725,0.0006685189225150433,5198.502471843143,11150.18,5978.209,0.004794922,405.0416,0.005296875
247.22417355626817,0.0005711879279685285,4791.558538774622,11082.89,6299.295,0.004902344,400.5554,0.005341797
237.40967856596143,0.000581681091947959,5398.98335730276,11197.61,5787.225,0.004855469,385.815,0.005363281
237.01920186506965,0.0004768897977746897,5373.0465887118635,11205.94,5812.86,0.004884766,362.743,0.005396485
254.84230960572123,0.0006578516608415041,5200.957533536379,11208.5,5980.132,0.004783203,395.4283,0.005277344
257.705262825148,0.000725168092659303,5260.948167632606,11143.77,5881.436,0.004853516,378.7652,0.005365235
215.36137089355702,0.00038931678591292785,5533.431329192293,11287.33,5769.921,0.00494336,388.3785,0.005392578
226.00089200028003,0.0004339893547786429,5773.809126945042,11278.36,5469.985,0.004957031,357.6159,0.005423828
237.8240924245719,0.0006087721340299157,4882.185715225646,11146.34,6196.112,0.004871094,373.6381,0.005332031
247.86958363555462,0.0005893969404213624,5619.339894803435,11303.35,5714.163,0.00494336,419.1412,0.0054375
236.08425274042227,0.0007208507570677195,4966.107105076247,11049.56,6087.161,0.004806641,379.4061,0.005314454
237.3643195220353,0.0005757665040660896,5726.584318476287,11215.55,5461.653,0.004900391,374.9199,0.005375
228.81086151892583,0.0008205214776397508,5135.583610031977,11079.04,5994.232,0.004677735,370.4337,0.005164063
245.45586154468532,0.0010017348427975871,4697.379670676477,10938.05,6240.333,0.004605469,377.4834,0.005107422
232.91060797954628,0.0017482080130905996,5224.5006546558,11116.85,5814.783,0.004658204,374.279,0.00515625
253.00987083960973,0.0006630227921606213,4848.613495347244,11088.66,6258.919,0.004767579,374.279,0.005271485
234.9316952218584,0.0004377947491485037,5638.589308155008,11203.37,5557.146,0.004960938,395.4283,0.005416016
241.60313095343318,0.0005257090252934796,5331.859589404973,11167.49,5809.015,0.004947266,373.6381,0.005410157
220.2829227629096,0.0006113955605306044,5661.7921122656435,11212.35,5562.273,0.004927734,369.7928,0.005464844
242.12791186499084,0.0006657167427382033,4356.762414494113,10780.39,6606.28,0.004740234,376.8426,0.005306641
223.94162299028443,0.0004655269188824581,5804.767456715245,11243.11,5382.824,0.004898438,405.0416,0.005445313
213.95215043717985,0.0005761452491970382,5759.812745645479,11132.24,5405.896,0.004916016,364.0247,0.005433594
246.48357664311803,0.0008303288751524388,5207.836483509802,11179.66,5970.519,0.004679688,380.047,0.00522461
251.094202543503,0.0006674387412517787,5708.5138353149305,11320.66,5517.411,0.004853516,417.2185,0.005367188
245.4838333742389,0.0005097861684453968,4147.219385065438,10888.06,6656.911,0.004931641,368.511,0.005388672
226.18883624122063,0.0019041443997897145,5695.56114780505,11226.45,5517.411,0.00453711,385.815,0.005058594
224.1751835702021,0.0006547500225112682,5209.265773372728,11102.11,5894.253,0.00484375,384.5332,0.005314454
215.7150419185471,0.0006413382157247189,4554.317287724531,10887.42,6269.173,0.004792969,367.8701,0.005285156
246.89728834049157,0.0006165072419522453,4918.2812447585275,11059.18,6128.178,0.004869141,368.511,0.005390625
250.19749040959405,0.000687142407791819,4627.934492828667,10795.13,6116.0,0.004830078,390.3012,0.005332031
221.37302781025392,0.00180308225992485,5035.516449216223,11084.17,6060.244,0.004669922,392.8648,0.005183594
219.4444384212725,0.0019121333239225157,4945.150294519899,10966.89,6010.895,0.004626954,364.0247,0.005132813
226.05074715538,0.0005123596433130321,5305.018161202212,11064.3,5726.981,0.004947266,366.5883,0.005417969
224.68144761859736,0.0017375248853499336,5046.980203464248,11019.44,5975.646,0.004666016,375.5608,0.005177734
234.19638266121282,0.001771564086970233,4775.913010518052,11003.42,6144.841,0.004628906,393.5057,0.005089844
251.38693300105385,0.0007187356321542347,5280.055944189088,11149.54,5855.8,0.004826172,390.3012,0.005332031
229.6710779657909,0.0005137866051295653,5404.582928757023,11262.34,5869.899,0.004960938,358.8976,0.005453125
224.45416464742974,0.0008186810995278185,5714.264104856972,11156.59,5458.449,0.004716797,363.3839,0.005277344
245.19449095631654,0.0005675267733355414,5174.601836388071,11105.96,5953.856,0.004873047,389.6603,0.005376953
234.35257133651075,0.000543507598475711,5102.6053241119325,11068.79,5955.138,0.004886719,396.7101,0.005357422
239.00795677532778,0.001778218615124122,5050.833806956304,11027.13,6005.768,0.00466211,390.3012,0.005171875
247.95185555012128,0.0017015152765582366,5646.474934869026,11257.21,5575.091,0.004714844,383.2514,0.005244141
215.9881725101045,0.0018100946545680095,4457.548187999647,10885.49,6449.903,0.004642578,370.4337,0.005138672
238.82672827353068,0.0006388953002330699,5346.9746447246625,11179.02,5814.783,0.004845703,390.3012,0.005333985
220.09984869873998,0.0006079531546861118,5605.003126992245,11150.18,5523.179,0.004927734,365.3065,0.005421875
231.14154077794333,0.000634366356674028,5255.262050249932,11198.25,5996.154,0.004796875,364.0247,0.005267578
232.63912021934163,0.000574623770219553,5421.706384598519,11237.34,5814.142,0.004886719,364.0247,0.005361328
235.23454668256812,0.0005713513386130396,5733.631030046769,11150.18,5418.073,0.004871094,405.0416,0.005341797
244.20873002703,0.00042428908557352646,5132.0410962245,11158.51,6041.017,0.004884766,387.7377,0.005314454
219.97689886022764,0.0006373710942544623,5621.169644002967,11218.76,5625.08,0.004900391,383.8923,0.00540625
224.34091155218297,0.0008120044029484648,6049.952170499096,11393.08,5389.233,0.004666016,375.5608,0.00519336
228.52011364195604,0.0006764718553126495,5556.956025458052,11132.24,5603.931,0.004871094,397.351,0.005330078
229.2620028867641,0.0005645959756169557,4926.893924392993,11078.4,6177.526,0.004720703,385.815,0.005199219
234.59567188731296,0.001953758496807013,5940.7985862009,11345.01,5405.896,0.004503906,381.9697,0.004990235
239.93417107817515,0.0007162097619712949,5352.7229773906465,11150.82,5839.777,0.00478125,385.815,0.005238282
233.75915752666006,0.0007171915239210403,5306.3566826246715,11095.71,5826.96,0.004828125,371.0746,0.005287109
223.50540785041662,0.000582353082997577,5236.813488583513,11186.71,5910.275,0.004857422,362.743,0.005365235
213.8450827717169,0.0006132008338227335,5139.227730314926,11210.42,6056.398,0.004898438,376.8426,0.00540625
240.39607752314294,0.0006491392695787244,5595.552157348691,11294.38,5717.368,0.004884766,367.8701,0.005351563
228.41537549422338,0.0005344608054250674,5164.879876045998,11099.55,5908.994,0.0048125,381.3288,0.005310547
238.51117404245093,0.0006483254000067632,5019.986095216446,11146.34,6117.923,0.004794922,379.4061,0.005335938
258.0632616801352,0.0006107793066071126,4985.501598311634,11111.09,6130.1,0.004900391,389.0194,0.005376953
229.5306660580672,0.0019029620029440918,5118.048243537079,11154.03,5971.801,0.004609375,396.0692,0.005134766
211.44413301113536,0.0005258842507609772,5428.064919285493,11265.54,5848.109,0.00497461,390.9421,0.005503906
249.85049299908158,0.0005209787690967228,4400.834673720317,10882.29,6431.318,0.004824219,422.9865,0.005316406
233.0038411564562,0.0006042564253579106,4898.222986069121,11048.92,6129.459,0.004857422,362.1021,0.005353516
234.01152006018415,0.0003650900146530433,4547.60319402572,11074.56,6524.247,0.004902344,387.7377,0.00541211
225.73147145822847,0.001944545383754813,5158.819837254777,11080.96,5923.093,0.004597656,398.6328,0.005041016
225.7464022169519,0.0007298752208836071,5439.872382848292,11162.36,5689.169,0.004777344,374.9199,0.005291016
214.91116184025148,0.0007164150999959858,5415.323799776212,11155.31,5746.208,0.004824219,374.279,0.005302735
235.73621828040356,0.0018037106004057798,5523.275918893905,11181.58,5598.163,0.00475586,389.6603,0.00522461
235.06918397253293,0.0006872033300002593,5486.94502859519,11248.88,5747.49,0.004869141,352.4888,0.005332031
250.4340012888221,0.0007163153770626262,5823.224716470418,11281.56,5420.637,0.004808594,366.5883,0.005339844
228.8732398159399,0.0006542886803345333,5002.25870959204,11009.83,5972.442,0.00484375,387.0968,0.005365235
244.8988608656873,0.0005398410916589204,5329.965797314322,11179.66,5895.535,0.004914063,383.8923,0.005404297
213.3389973183105,0.0018052365219901815,5839.578189821077,11198.89,5357.83,0.004761719,365.3065,0.005296875
224.7884323862185,0.0006024238862049695,5794.573074601854,11323.86,5559.709,0.004871094,384.5332,0.005396485
225.3829131498207,0.0005569986844957099,5084.677731482301,11136.08,6062.166,0.004900391,387.7377,0.005421875
220.1891815498057,0.0005616771484649099,4829.143650444168,11009.19,6211.493,0.004783203,356.3341,0.005234375
252.07191378359536,0.0005200932669236501,5351.687587194793,11180.94,5875.027,0.004900391,386.4559,0.005373047
227.16308366524189,0.0005853568394355108,4978.750737248591,10894.47,5985.9,0.004841797,392.8648,0.005322266
247.86971035131512,0.0018408278398071838,5262.871440824182,11118.14,5874.386,0.004628906,389.6603,0.005136719
236.65373277597348,0.0005577768532362156,5899.6883585305095,11345.65,5487.289,0.004857422,385.815,0.005396485
234.5236831926096,0.000658745788914969,5330.766328325335,11196.33,5856.44,0.004824219,340.3119,0.005316406
224.58003369885117,0.0004535299474522859,5636.135405153466,11248.24,5612.903,0.004960938,368.511,0.005417969
243.0628853157953,0.0004917631112903269,5068.874918083198,11098.27,6029.481,0.00491211,387.0968,0.005449219
240.61590267081166,0.0007681140962629819,5361.965241171039,11268.1,5875.667,0.004691407,381.9697,0.005214844
232.01286940583867,0.002002639717094387,5224.320456695621,11121.34,5884.64,0.004445313,376.2017,0.005138672
255.52275635489204,0.0005966809884336855,4751.684929037692,11126.47,6346.08,0.004855469,433.8817,0.005363281
240.0942328749293,0.0005854156143695237,5480.184792190699,11301.43,5857.082,0.004857422,387.0968,0.00534961
240.54567784396193,0.001757307627942516,5662.80397342247,11299.51,5660.97,0.004746094,368.511,0.005300782
233.51969729285747,0.00041731251915423054,5710.077048887934,11242.47,5552.019,0.004976563,390.9421,0.005464844
247.99852935297582,0.000656223842214521,4871.100494496273,11034.82,6174.322,0.004814453,387.0968,0.005269532
224.320802151788,0.0007267169539995532,4540.72113758292,10845.76,6507.583,0.004810547,356.3341,0.005238282
242.48456507284357,0.0018040608062144298,4883.735065958756,10991.88,6175.604,0.004623047,394.1465,0.005089844
235.4608064221663,0.001782623451380621,5637.0301987922585,11082.89,5486.648,0.0046875,379.4061,0.005195313
258.65245166824144,0.0006860071186780943,5787.272160662041,11373.85,5521.897,0.004853516,385.815,0.005400391
237.16816499745468,0.0005343725378737114,4712.5183958273865,11025.85,6306.345,0.004900391,397.9919,0.005388672
225.0014936374778,0.0005608509845663585,5182.223066322383,11194.4,6048.708,0.00484375,374.279,0.005347657
221.95071461480833,0.0006140040895738331,5438.571377236726,11095.07,5703.909,0.004871094,408.887,0.005376953
232.95646943618246,0.0005700023011022752,5319.424961418012,11128.39,5807.092,0.004869141,393.5057,0.005345704
235.79566374675943,0.0006804233872742074,5193.095857279416,11159.79,6011.536,0.00469336,394.7874,0.005216797
233.7575895022559,0.0006384154045587204,5402.2269778976515,11041.23,5652.638,0.004896485,389.6603,0.005382813
215.53497689232103,0.0006255479943199104,4452.753737171488,10854.09,6355.052,0.004814453,375.5608,0.005238282
220.53626706465286,0.0004504089261065336,4953.86021819588,11141.21,6158.299,0.004898438,374.9199,0.005419922
246.8370338406908,0.0005845575985563804,5554.312009347774,11279.64,5668.02,0.004839844,394.1465,0.005285156
258.4495742547538,0.0006999496021238696,5302.43120332745,11149.54,5857.082,0.004853516,394.1465,0.0053125
252.6040447867306,0.0019434104914548263,5610.037034654152,11208.5,5563.555,0.004669922,380.6879,0.005201172
236.1358057738008,0.00048191528724374124,5309.395399934579,11121.34,5834.01,0.004960938,385.815,0.005458985
242.60686112898483,0.0006719731666785759,4914.185946370467,11149.54,6264.046,0.004794922,372.3563,0.005242188
231.22184187286004,0.0005774153339930435,5155.087346034481,11104.04,5918.607,0.004884766,382.6105,0.005390625
220.6192150309037,0.0006515526469997104,4964.266377727184,11121.34,6137.791,0.004798828,349.2843,0.005324219
214.41660348905222,0.0008611049645915317,5253.096779814757,11255.29,5958.983,0.004671875,391.583,0.005154297
222.48499450858597,0.0004978873178990515,5453.340841578538,11125.83,5709.677,0.004962891,376.8426,0.005460938
219.661306165927,0.0005258655708085138,5650.2673988947145,11200.17,5578.936,0.004958984,372.9972,0.005433594
238.1837544437811,0.0005424763782003478,4486.748505422842,10950.87,6526.81,0.004917969,377.4834,0.005373047
240.38726306680172,0.0007353243718120556,5336.936201708348,11030.33,5691.091,0.004710938,384.5332,0.005195313
254.7764207048168,0.0005630836894424485,4562.2474308030905,11043.15,6475.539,0.004734375,383.2514,0.005230469
232.37343277960105,0.0008800694295061451,5754.325440863926,11328.35,5546.892,0.004746094,388.3785,0.005273438
241.81031376889402,0.0006409682254956006,5311.972167460211,11170.05,5831.446,0.004857422,379.4061,0.005330078
216.9830429034115,0.0005311139837009516,4945.250301311421,11133.52,6174.962,0.004869141,378.1243,0.005373047
230.22803157968804,0.00048066718562466164,4558.157209465561,11016.24,6326.854,0.004917969,383.2514,0.005341797
246.8034347320003,0.0005997867372423775,4978.168396486491,11059.18,6124.973,0.004916016,374.279,0.005384766
230.35356111070007,0.0004898192254861463,5270.263814245892,11157.87,5892.331,0.004925781,387.7377,0.005369141
225.71520265431343,0.0009350700377279334,5008.707372791324,11066.87,6094.852,0.004677735,357.6159,0.005195313
235.46262389795206,0.0005423191249116755,5693.793616804272,11160.44,5512.283,0.004898438,380.047,0.005357422
243.91178258170189,0.00047975955291787204,5186.576643273305,11141.21,5972.442,0.004931641,375.5608,0.005419922
254.60696025639652,0.0006715828902653239,4432.107626927099,10929.07,6405.042,0.004845703,371.0746,0.0053125
251.67393642168707,0.00040263820426961346,5208.464194692394,11171.97,5922.453,0.004945313,387.7377,0.005435547
244.37028236838876,0.0005332913606803993,5262.431263733055,11158.51,5876.309,0.004900391,412.7323,0.00540625
236.37256317112227,0.0007219097350738275,5102.306920815425,11173.89,6030.763,0.004871094,417.2185,0.005375
218.06261933016347,0.0006021955675930154,5484.169923124715,11137.36,5622.517,0.004855469,371.7154,0.005363281
247.63327933194077,0.0006914276357428847,5379.42788607595,11245.03,5882.076,0.004855469,383.2514,0.005363281
241.5785375764623,0.0005673785258559947,5082.782167584214,11131.6,6066.652,0.004898438,387.7377,0.005408203
221.96805969086162,0.002036340558060016,5330.242058095662,11141.21,5807.092,0.004472657,380.6879,0.005068359
242.73531185820124,0.0008679661594160863,4761.035014101386,10989.96,6195.471,0.004636719,380.6879,0.00519336
227.3067180281551,0.0007050159560485497,5248.07254162874,11155.95,5917.325,0.004722657,399.9145,0.00525
225.52529508997142,0.0005655802054888734,5605.839526052863,11291.18,5701.987,0.004896485,365.9474,0.005439453
221.40833296993685,0.0007478297154653032,4959.2071918808215,11130.31,6223.029,0.004679688,372.9972,0.005197266
237.46578344795088,0.00066768735760346,5303.686559861785,11209.78,5889.767,0.004794922,388.3785,0.005292969
255.6800936810742,0.0006068336630064003,5440.072717601597,11191.84,5808.374,0.004914063,382.6105,0.005390625
224.69026369758564,0.0005614063169600511,5383.727785376013,11178.38,5784.021,0.004916016,368.511,0.005375
247.62709176562942,0.0005924297919673876,5516.459619595231,11258.49,5716.086,0.004882812,397.351,0.005363281
246.90764937609825,0.0006684217629272838,5126.45642756659,11123.91,6078.188,0.00484375,408.887,0.005332031
247.9058651964031,0.0019587922961373967,5833.093899589837,11196.97,5391.796,0.004462891,403.119,0.005035156
254.9886126336551,0.0005773073401039801,5037.904734271547,10986.11,5901.944,0.004916016,396.7101,0.005375
223.9225455262778,0.0005157253877218195,5212.883294735523,11145.05,5909.635,0.004900391,388.3785,0.005390625
241.93172148257176,0.0007835770268540407,5705.899220730769,11312.33,5616.749,0.004740234,369.1519,0.005341797
244.80976665143712,0.0018827269706755796,4979.50633876136,11127.11,6177.526,0.004654297,383.8923,0.005175781
229.99539844902134,0.0006967929105433604,5547.704065730792,11138.0,5584.704,0.004779297,377.4834,0.005253906
248.68488304214026,0.0006788219701570363,5312.0570543716985,11195.68,5855.8,0.004855469,369.7928,0.005318359
236.1108780834849,0.0005836777042830849,5029.42234114428,11187.99,6180.73,0.004855469,380.047,0.005328125
218.93171855650922,0.0005747186646733032,4709.847255116567,10957.27,6166.631,0.004902344,352.4888,0.005425781
241.93856248730293,0.0006019137444052099,5060.50644075212,11139.93,6068.575,0.004888672,370.4337,0.005353516
242.5674122729258,0.0005617608114739146,5122.038122584177,11126.47,6039.094,0.004857422,381.9697,0.005326172
226.89608189364452,0.0006795449028806515,6033.3463601686535,11305.92,5353.343,0.004828125,397.351,0.005333985
222.84735501289742,0.00044728206616012774,5542.542651525366,11124.55,5550.096,0.004957031,387.7377,0.0054375
224.6062983861499,0.0005266394154498682,5996.71612596704,11375.77,5386.028,0.004947266,376.2017,0.005503906
231.45298088078906,0.000752571256734947,5326.037483175498,11241.83,5919.889,0.00475,381.9697,0.005226563
247.28763096553925,0.0005860960370799879,5503.961899242719,11276.44,5707.754,0.00491211,403.7599,0.005392578
215.7630686570372,0.0008783781477018822,5291.860587838182,11163.64,5868.618,0.004669922,380.6879,0.005126954
234.18375067504147,0.0005583722082126226,4971.848011532667,11148.9,6178.808,0.004890625,362.743,0.005384766
245.67448212433933,0.0006196892117773912,5517.780272666377,11216.83,5718.65,0.004929688,365.9474,0.00544336
209.68599659712532,0.0006958190831802852,4191.343214689843,10653.49,6512.07,0.004603516,372.9972,0.0051875
208.37877245372746,0.0006251782238901554,4884.178636816462,11139.29,6245.46,0.004927734,362.743,0.005431641
253.16876705289823,0.0006110726679120047,5367.821026923439,11177.1,5774.407,0.004808594,372.3563,0.005275391
237.32643057025788,0.0006596375211458949,5374.49323718278,11143.13,5744.926,0.004808594,376.2017,0.005242188
252.3111228515884,0.0017983624815750493,5666.976157162442,11256.57,5632.771,0.004626954,383.2514,0.005201172
245.1211719523099,0.0007725646380410867,5013.172472619602,11134.16,6128.178,0.004808594,374.279,0.005289063
235.4703417051635,0.001884217080141098,5487.388265319826,11227.73,5710.959,0.004703125,399.2737,0.005232422
226.0464162333173,0.0019524287131094376,5868.31945136856,11181.58,5384.105,0.004492188,362.1021,0.005021485
258.5649607283731,0.000527160810777368,5122.232804616542,11190.56,6070.498,0.004933594,397.351,0.005449219
238.17864227543734,0.0004212165675711709,5078.114740061494,11143.13,6062.807,0.004855469,385.1741,0.005298828
213.7982998168917,0.0006445615872196481,5315.884262857602,11123.26,5801.965,0.004828125,367.2292,0.005333985
245.9246729866692,0.000757137993833655,5319.679459427402,11239.91,5859.004,0.004808594,378.7652,0.005271485
228.66628593905872,0.0004485497539692463,5057.530844703481,11111.09,6008.331,0.004855469,367.8701,0.005341797
225.6364198926091,0.0005717559122986334,5473.345289755757,11187.99,5719.291,0.004884766,380.047,0.005359375
226.9804821056075,0.0006631958828077564,4668.648280951179,11048.92,6353.77,0.0048125,372.9972,0.005248047
228.45353417663873,0.0004926696924153858,4989.285079361528,11001.5,5929.502,0.00484375,392.2239,0.00528125
227.52791694659783,0.0018834725028048357,5557.041632691795,11146.34,5559.068,0.004652344,371.7154,0.005195313
234.35040309664558,0.0005127100999970545,5416.09472791995,11257.21,5848.75,0.004917969,387.7377,0.005410157
208.40397847297413,0.000599491347436214,4669.969169721829,10998.93,6310.831,0.004886719,371.7154,0.005373047
223.5749018887272,0.0004013214356338086,5079.560341791035,11151.46,6067.293,0.004957031,366.5883,0.005470703
235.49749667443916,0.0005131224308825863,4972.585487677744,11060.46,6053.193,0.004919922,364.6656,0.005453125
221.68491665675452,0.0006003396568171643,4479.9019545795845,10953.43,6531.297,0.004769532,374.9199,0.005226563
241.1514767391458,0.0005118648408331092,5572.355743702494,11246.96,5701.987,0.004929688,387.7377,0.005390625
244.6542560876371,0.0005078607507929385,4538.1397287784175,10881.65,6387.096,0.004902344,390.3012,0.005363281
232.89688617913382,0.000709963203776509,5316.436324743641,11032.26,5711.6,0.004828125,362.743,0.005300782
228.78720184959917,0.0005037891802498897,5155.647678673251,11055.97,5929.502,0.004900391,387.7377,0.005400391
247.12652455637038,0.0006592710917925836,5302.488485428697,11128.39,5767.357,0.004890625,414.655,0.005373047
241.99144094771813,0.0006048037345636771,4720.655719909231,11020.08,6257.637,0.00469336,389.0194,0.005240235
222.57426838593906,0.0006269843405866512,6117.3100954800675,11605.21,5280.282,0.004826172,383.2514,0.005337891
229.06990414574534,0.0019030646857349275,5542.533899648526,11234.14,5679.555,0.004683594,377.4834,0.005197266
245.98352085557187,0.0006311892077261018,5493.53596856176,11196.33,5657.766,0.004841797,395.4283,0.005300782
221.93355195357088,0.0005819864368946392,5429.013817649764,11096.99,5577.014,0.004894531,358.8976,0.005423828
226.15551661729697,0.00045432482178504126,5229.4177889680595,11250.8,6033.967,0.004931641,394.7874,0.005386719
247.96414540921603,0.0008010039247722144,5951.034039270004,11425.12,5432.172,0.004958984,389.6603,0.005552735
244.761462941,0.0006174114129127415,5674.045171159001,11220.04,5559.709,0.00491211,375.5608,0.005408203
247.60457987902592,0.0006054880400949164,5470.396181297134,11246.96,5758.385,0.004826172,385.1741,0.005318359
233.26182175113686,0.0005719779859900841,5744.743902351807,11266.18,5448.194,0.004839844,419.7821,0.005335938
241.5428595357145,0.0005811999747158968,5190.029722302502,11149.54,5955.138,0.004888672,381.3288,0.005378907
227.6313154422745,0.0005926073623797625,5165.3958006254525,11134.8,5946.806,0.004902344,379.4061,0.005369141
235.70803591342204,0.0017945289095448892,5399.388854726466,11224.52,5803.888,0.004628906,390.3012,0.005111328
238.33131604215288,0.0006537942526758732,4493.637837117591,11009.83,6315.958,0.00466211,370.4337,0.005146485
252.34120983647435,0.0006912797450461673,5906.904035540881,11343.09,5421.277,0.004898438,379.4061,0.005392578
242.1988926119798,0.0006118503230686652,4620.344295152322,10977.78,6431.958,0.004785156,380.6879,0.005298828
229.15102502859824,0.0005802130805045828,5419.183670380869,11093.78,5660.97,0.004884766,399.9145,0.005390625
250.18623502501978,0.0007298839047683505,4818.833811608263,11078.4,6268.532,0.004796875,391.583,0.005222656
231.62847881687304,0.0018598623436306735,5260.235861013983,11102.76,5823.114,0.004654297,396.0692,0.00515625
232.19316319619287,0.0005282131086977637,5956.427490554667,11218.76,5300.791,0.00494336,379.4061,0.005408203
227.3182904377169,0.001922528889518191,5042.412419983579,11075.84,6076.907,0.00444336,402.4781,0.005035156
226.9559005450905,0.0006820682960365075,5283.611166525228,11089.3,5747.49,0.004828125,380.047,0.005287109
232.09474990704726,0.00180169457717159,5897.257436932559,11335.4,5446.272,0.004703125,377.4834,0.005271485
243.7310542475815,0.0005279765338684883,5437.894503057297,11279.0,5854.518,0.004902344,370.4337,0.00540625
253.5565527851173,0.0004986966704375003,5536.974733973799,11202.73,5659.047,0.004929688,390.9421,0.005451172
247.595664587996,0.0006377958120622095,5267.933417981451,11163.0,5849.391,0.004765625,385.1741,0.00534961
247.0820613507238,0.0007372733643593532,4649.703274978344,10916.26,6307.626,0.004664063,388.3785,0.005146485
233.05312990554273,0.000669022656194725,5237.620554130704,11141.21,5907.712,0.004869141,357.6159,0.005384766
231.3854922763378,0.000466655769733587,5062.708458329143,11114.29,6046.144,0.004853516,392.2239,0.005328125
253.29575060291543,0.001733204909114655,5550.184425975281,11210.42,5670.583,0.004697266,405.0416,0.005171875
228.4399513360687,0.0005525782190333597,5726.162256276194,11279.0,5502.67,0.004917969,385.1741,0.005441406
228.03476118141785,0.0005914715321155393,5284.488581005922,11146.34,5889.126,0.004869141,387.0968,0.005345704
235.02129440122104,0.0006400683682520985,5741.80641978849,11275.15,5525.101,0.004824219,387.7377,0.005314454
241.44571765285622,0.0008465968905551943,5060.109318887999,11079.68,5982.696,0.004617188,374.9199,0.005054688
236.33514804851396,0.0005854514915391212,4466.955037305043,10891.9,6487.716,0.004707031,397.351,0.005253906
209.61482557366648,0.0019130144785121555,5183.347388470835,11162.36,5959.624,0.004609375,365.3065,0.005105469
235.0514444163216,0.0006255013245827361,5570.361945277586,11097.63,5475.112,0.004841797,367.8701,0.005300782
232.1688269323765,0.0006565467904418209,5183.9894712003515,11054.69,5831.446,0.004871094,365.3065,0.005326172
243.2324712814075,0.0005909441258892281,5515.5240193431655,11212.35,5682.76,0.004867188,385.815,0.005369141
239.9924528468535,0.0018010595531720904,5308.463866462879,11208.5,5896.817,0.004730469,374.279,0.005226563
232.4228400748902,0.0006482999745091952,5716.735620799373,11246.32,5528.306,0.004830078,378.1243,0.005333985
234.70458056222185,0.0005981465224237715,5574.745552493705,11255.93,5669.942,0.004869141,397.9919,0.005367188
242.2713765855289,0.00048120236257172565,5741.044204338457,11296.3,5566.759,0.00491211,394.1465,0.005470703
225.55476902302775,0.0006464983870592198,4426.079469285412,10854.09,6405.042,0.004701172,383.2514,0.005164063
224.41849206457562,0.0018664505898987774,5779.851007397607,11204.02,5400.769,0.004714844,399.9145,0.005232422
238.98502785582525,0.0006506694328535024,5885.080266435665,11217.47,5421.277,0.00488086,376.2017,0.00538086
247.78074715797777,0.0006557586270180659,5560.708626121756,11225.81,5661.611,0.004882812,371.7154,0.005359375
243.11423849766388,0.0008011206826324713,5247.773612974042,11124.55,5875.027,0.004660157,388.3785,0.005208984
223.28517435278005,0.0006847859543399139,5543.044118405469,11138.65,5559.709,0.004839844,416.5776,0.005339844
248.7152311244684,0.0006698828485139047,4884.9327240390285,11138.0,6220.466,0.004621094,403.7599,0.005099609
224.9938543313514,0.0006063702927783122,5713.650312527556,11157.87,5434.095,0.004896485,400.5554,0.005367188
254.26403772946907,0.0007775669807852963,4898.005806223602,11126.47,6218.543,0.004736328,389.0194,0.005197266
256.54635569071525,0.0005349520284174711,5537.593406032937,11215.55,5691.091,0.004886719,375.5608,0.00534961
232.56992426886356,0.000512404135801971,5421.397469350225,11227.73,5794.275,0.004914063,388.3785,0.005392578
238.4054285900086,0.0006865390049467017,5572.47440958482,11243.75,5722.495,0.004830078,387.0968,0.005287109
237.15009081164143,0.0005818592231120287,5562.8644570838915,11255.29,5692.373,0.004871094,387.7377,0.005378907
244.53101323641107,0.0005468471990798906,4570.134820929366,10961.76,6339.671,0.004869141,378.1243,0.005326172
253.05103724841473,0.0007751783218910472,4404.923260681584,10885.49,6447.34,0.004664063,380.047,0.005144531
257.98226125975657,0.0006108820185120776,5557.191961133605,11283.49,5722.495,0.004896485,368.511,0.005375
223.12196410494937,0.000627058197296307,5152.250001937264,11105.96,5959.624,0.004914063,371.0746,0.005390625
250.15735915773067,0.0005794519826173806,5540.459068309772,11202.09,5664.174,0.004869141,377.4834,0.005423828
233.99882058074175,0.0006122221406054591,5666.152877216527,11268.1,5598.804,0.004839844,375.5608,0.005320313
247.4983716204647,0.0005285998564435059,4779.70679378859,11023.29,6234.565,0.004886719,395.4283,0.005390625
238.67204158816443,0.0005438533673406884,6143.626879483457,11512.28,5411.664,0.004929688,378.1243,0.005404297
217.32678148484044,0.0018357950792271583,5596.585704125965,11220.68,5599.444,0.004683594,358.8976,0.005201172
245.3317683668124,0.0005718328631311797,5252.067311208056,11118.14,5826.319,0.004898438,367.8701,0.005353516
231.41564256875552,0.0007701288704686449,5049.550766885564,11068.79,6050.63,0.004654297,390.9421,0.0051875
233.82181902695578,0.0006466890859464885,5096.314360791474,11146.98,6062.166,0.004738281,376.8426,0.005226563
227.17302518871048,0.0005720853785226209,5654.996266474797,11160.44,5513.565,0.004853516,384.5332,0.00534375
253.14438549184297,0.0004199304717699466,4816.627032947768,11009.83,6157.018,0.004884766,374.9199,0.005402344
198.44610070890934,0.0007083140907491872,5637.2309352115535,11082.89,5486.648,0.004853516,362.1021,0.005298828
244.90912186533563,0.0006560478582824971,5341.479422896551,11201.45,5894.253,0.004810547,374.279,0.005269532
252.2088422898745,0.0005981173252422437,5469.4373277234545,11154.67,5690.451,0.004826172,382.6105,0.005283203
218.99032472923784,0.001852253082813681,5550.343766841745,11219.4,5667.378,0.004689453,356.3341,0.005203125
255.35964590775322,0.0008150137112542854,4869.2325051958005,11066.22,6180.089,0.004667969,399.9145,0.005179688
215.62457264726075,0.0007523035325696126,5570.625212781004,11151.46,5580.859,0.004695313,371.7154,0.00528125
239.24098511339608,0.001830594140952375,5908.5803960237845,11337.32,5354.625,0.004714844,394.7874,0.005199219
257.44338965505204,0.0006082006047116666,5952.029201242931,11336.68,5366.161,0.004923828,386.4559,0.005439453
235.62798837672992,0.0019221989357005923,5039.068238483932,11082.25,6033.967,0.004667969,401.1963,0.005214844
231.3596315642571,0.0006365752518900029,5301.067584161068,11211.71,5953.856,0.004875,374.279,0.005392578
224.71225249955728,0.000554999665636319,4850.894652360471,10994.45,6180.73,0.004871094,375.5608,0.005314454
254.16482364393445,0.0005330091970997957,4842.114964744651,11065.58,6196.752,0.004916016,394.1465,0.005396485
210.0722001356637,0.0006487368699823065,5192.704415282406,11080.96,5843.623,0.004855469,377.4834,0.005320313
246.82062153715427,0.0007396670544400148,5317.031227439586,11193.76,5908.994,0.00484375,352.4888,0.005279297
230.4321428404995,0.0008261076546782588,4466.500015596717,10942.53,6500.534,0.004623047,365.9474,0.005117188
236.49064538645115,0.0007967427758707382,4976.929641646918,11096.35,6139.073,0.004683594,420.423,0.005128907
237.61786604259623,0.0006547180502496394,5487.547428853977,11195.04,5693.014,0.004841797,367.2292,0.00534375
220.7528132937411,0.0005676100696174486,5357.7202169587335,11211.07,5886.563,0.004945313,365.3065,0.005478516
242.63872690896073,0.0006634635123130638,5352.013454945051,11168.13,5807.092,0.004808594,385.1741,0.005285156
232.26269075195106,0.000544098708803029,6205.590939999208,11407.82,5209.784,0.004929688,375.5608,0.005472656
237.173871743291,0.0005580311913009237,5500.776687986101,11237.34,5736.595,0.004855469,371.0746,0.005332031
222.99500833524272,0.0005749316424728846,5690.219861520096,11248.24,5566.118,0.004855469,393.5057,0.005388672
239.8235831744845,0.0007440114170141578,4878.375330215643,11060.46,6149.968,0.004652344,380.047,0.00515625
245.94696513543505,0.0005691228869787478,5741.057268004533,11316.17,5531.51,0.004896485,385.815,0.005427734
238.7379505217318,0.0005979569475996129,5346.120141570592,11193.76,5907.712,0.004857422,388.3785,0.005361328
245.27086950306278,0.0004824559705703152,5434.575225945434,11188.63,5770.562,0.00491211,400.5554,0.005359375
210.04077488084675,0.0005610959597437083,5843.18083526385,11295.02,5423.2,0.004873047,380.047,0.00534961
228.78935878029552,0.0005927398025311903,5404.148919444137,11242.47,5816.065,0.004896485,378.7652,0.005394531
253.33652532900294,0.0005109446519808665,4898.825066375024,11044.43,6121.769,0.004884766,383.8923,0.005371094
249.54107173354524,0.0004967696523157508,5026.636736991378,11099.55,6071.779,0.004960938,393.5057,0.005421875
247.6217950072083,0.0005765027505955805,5899.169811160724,11337.32,5461.653,0.004871094,396.0692,0.00534961
231.0267123407263,0.0006553079024572527,4822.3796664214915,11087.37,6274.3,0.00484375,380.6879,0.00534375
217.48354798200748,0.0007537314674445122,5457.579704666365,11189.92,5689.81,0.004960938,364.6656,0.005439453
217.29755353795485,0.0006185044283789525,5685.35602468803,11254.65,5568.041,0.004916016,367.2292,0.005419922
251.2158271284137,0.000617854448754467,5607.712555218077,11152.75,5523.179,0.004808594,380.6879,0.005314454
241.4053171320568,0.0007083397342108522,6284.59671863429,11722.5,5199.53,0.004808594,402.4781,0.005306641
242.72308214405803,0.0005281892982005974,5590.572986428345,11314.25,5768.639,0.004898438,381.9697,0.005392578
241.34657064275797,0.0004545825873413659,6091.9343661028315,11426.4,5325.145,0.004972656,371.0746,0.00547461
220.78046604045176,0.000700043616577599,5170.451944033057,11128.39,5980.773,0.004794922,394.7874,0.005316406
213.03723452012713,0.0007924629428614899,5655.803251466287,11124.55,5472.548,0.004701172,379.4061,0.00516211
236.57135075556806,0.0005341674287732365,5401.708027970833,11198.89,5756.462,0.004859375,374.279,0.005357422
221.18077699171835,0.0005194433014344714,4569.57038079964,11027.13,6467.208,0.004902344,385.1741,0.005390625
250.21918362335208,0.0019148171451639968,5760.326992821442,11282.85,5531.51,0.004732422,394.1465,0.005257813
241.8698712467931,0.0005728522182919737,5272.789028077409,11031.62,5770.562,0.004857422,395.4283,0.005326172
220.9226300935545,0.0018526723939918976,4367.19400428468,10941.25,6424.909,0.004630859,377.4834,0.005166016
250.41297525751162,0.0005577379725164219,5901.610253805098,11348.86,5431.531,0.00497461,390.9421,0.005501953
244.58263850987979,0.0008671680232802464,5409.28210141721,11211.07,5791.07,0.004666016,396.0692,0.005208984
258.24802793701156,0.000687135991459526,5839.795357928378,11266.18,5424.482,0.00475,372.9972,0.005251953
256.3743746169325,0.0007454310149670091,4224.618277506117,10826.53,6683.187,0.004810547,390.9421,0.005314454
233.4836136890033,0.0005260030158383702,4816.510763338737,10907.29,6161.504,0.004902344,389.0194,0.005390625
244.50426781369336,0.0004954138339979844,5290.676597885823,11202.73,5881.436,0.00497461,397.351,0.005451172
231.62984917720343,0.0008196811337049201,5701.813261829368,11262.34,5557.146,0.004859375,383.2514,0.005320313
250.76444126890675,0.0005342632853935343,6164.058599703767,11461.01,5275.795,0.004871094,376.8426,0.005386719
234.57064775952045,0.0005919698448482305,5851.327058533231,11180.94,5323.862,0.004871094,392.8648,0.005365235
234.44566370901566,0.0007625243509028326,5227.651251074702,11140.57,5859.646,0.004667969,400.5554,0.005169922
200.57065969909988,0.0005615946554406542,5280.973542689522,11197.61,5914.121,0.004914063,381.3288,0.005419922
264.65699491560383,0.00039111612486013845,5081.805458880552,11139.29,6066.011,0.004882812,363.3839,0.005382813
233.5335219687091,0.0005193840341627013,5616.023533407576,11253.36,5594.958,0.004914063,361.4612,0.005427734
235.16063697781541,0.0005805690131564647,5308.987454308742,11250.8,5967.956,0.004914063,379.4061,0.005423828
242.1670548983474,0.0006822676149081628,5268.61126207445,11204.66,5931.425,0.004785156,396.7101,0.005339844
242.8716076048325,0.0006453461250970127,4522.626616717083,10964.96,6480.025,0.004796875,371.7154,0.005316406
223.8530468008237,0.0004991729386115489,5045.244056425728,11084.17,6066.652,0.004960938,357.6159,0.005484375
246.83689033365718,0.001992479047089289,5351.002349428931,11279.0,5919.248,0.004464844,384.5332,0.005003906
231.41183745416313,0.0019411681874217995,5394.313813676322,11161.08,5777.611,0.004699219,409.5279,0.005234375
237.60983473706048,0.0006931246517926135,4779.833756278492,11036.74,6248.024,0.004785156,390.3012,0.005300782
238.28208775282437,0.0006275107072693963,5504.063113574547,11254.01,5751.335,0.004857422,387.7377,0.005400391
241.31755811052963,0.0019057003342818155,5683.781054940255,11289.9,5688.528,0.004714844,382.6105,0.005244141
221.88302919594742,0.0008473616670663139,4586.729369792341,10914.33,6292.245,0.004660157,398.6328,0.005117188
239.23873101659828,0.000586515297498567,5455.053960757705,11330.27,5820.551,0.004867188,376.8426,0.005388672
239.66253140815527,0.0005589899212484579,5222.211366896475,11116.85,5894.894,0.00494336,379.4061,0.005453125
239.2145547615643,0.0004597385991117654,6359.63179047251,11535.36,5204.657,0.004910157,375.5608,0.005445313
254.7321193700408,0.0007020329091117135,6234.472219363534,11338.6,5356.548,0.004859375,395.4283,0.005363281
241.3178142890948,0.0019075146827338555,5244.175515256309,11193.76,5949.37,0.004654297,375.5608,0.0051875
231.73351329781596,0.0008082030764928457,5437.634311022545,11257.21,5837.855,0.0046875,375.5608,0.00522461
205.78903632198802,0.0005610087116414855,5320.756622953443,11022.0,5708.396,0.004871094,371.0746,0.005318359
248.78586197425008,0.0005522273741258468,5630.097844544402,11248.24,5630.848,0.004960938,385.1741,0.005439453
210.5371646699612,0.00062926351920796,5270.710446722387,11146.98,5842.982,0.004898438,362.1021,0.005361328
230.83993630872018,0.0006674616156929951,5697.253363883763,11254.01,5571.886,0.004857422,358.2568,0.00534961
246.86576654375529,0.0004170206057322185,5777.861600722084,11254.01,5416.15,0.004988282,390.9421,0.005498047
222.91045750917698,0.0007016167209262853,4766.393439265768,11082.25,6351.848,0.004738281,378.1243,0.00525586
225.2221193460259,0.0005590801940539501,5386.370705054598,11064.3,5648.793,0.004873047,369.1519,0.005392578
249.48316964236795,0.0005700707053313683,5409.425610756194,11254.01,5848.75,0.004882812,383.2514,0.005357422
236.76938062685255,0.0006043577170527289,4789.200990370968,11104.68,6358.257,0.004697266,406.3234,0.005257813
246.78447309794853,0.0004447323407650394,5126.276150449023,11183.51,6012.177,0.004945313,391.583,0.005408203
217.00760828591615,0.000513801412831129,5914.098441554159,11230.93,5372.57,0.004884766,365.9474,0.005378907
240.2076756772067,0.0005918573677586344,5312.167618590736,11157.87,5823.114,0.004869141,376.8426,0.005363281
226.84962126852662,0.0004965605652611361,4937.418979275564,11111.73,6184.576,0.004931641,353.1297,0.005384766
211.19911625939503,0.0005317943972196205,5320.445503895261,11091.86,5759.025,0.004945313,349.2843,0.005462891
227.1171875973829,0.0004540543425801448,5237.34544030894,11219.4,5946.165,0.004947266,380.047,0.005435547
231.043567851101,0.0005127896770712862,5281.435557182408,11030.33,5728.263,0.004945313,386.4559,0.00546875
232.7138490763744,0.0006072971081806845,5572.7522394457255,11097.63,5526.383,0.004855469,386.4559,0.005314454
214.93185287121574,0.001842154023910153,4966.8673588236525,11135.44,6128.178,0.004671875,369.7928,0.005146485
210.6018691467946,0.0004722992848201869,5199.7001197367545,11031.62,5820.551,0.004914063,374.279,0.005447266
222.7644826350245,0.0006452594945213167,5354.9808544304715,11138.0,5801.965,0.004875,354.4114,0.005363281
244.14609900230857,0.0006079573841845498,5042.4357133992,11102.76,6071.779,0.004916016,380.6879,0.005408203
238.5238658639754,0.0006157819453392544,5336.849729915386,11264.9,5906.43,0.004945313,378.7652,0.005419922
224.26972330173027,0.0007124787735800214,5382.80678960593,11180.94,5797.479,0.004796875,384.5332,0.005335938
226.84008601499693,0.0005411848931467353,5709.677967915236,11269.39,5574.45,0.004957031,396.0692,0.005419922
218.96000755662556,0.000670673460376561,5383.40486077959,11084.81,5642.384,0.004839844,365.9474,0.005279297
245.84746996542466,0.0006734291551327218,5637.46003223167,11280.92,5687.246,0.004828125,388.3785,0.005283203
234.56646660053235,0.00048460936982749897,5641.444459440094,11101.47,5452.681,0.005003906,374.9199,0.005460938
239.0375347256652,0.000659047716201355,5054.196158237925,11061.74,5969.878,0.004794922,384.5332,0.005273438
228.79319124921548,0.00045079572476224326,5671.264137443598,11321.3,5684.042,0.004927734,390.3012,0.005453125
241.05545977730532,0.000569674293312745,5041.853384747926,11057.89,6068.575,0.004859375,402.4781,0.005332031
229.56335349509467,0.0005403888209351228,6013.7882851985905,11333.48,5343.73,0.004955078,390.3012,0.005466797
242.8466107141817,0.0006481019965874053,5491.5511259570185,11211.07,5699.423,0.004841797,385.1741,0.00534375
245.53075226811103,0.0006584660573287142,4611.5059522616475,11043.79,6449.903,0.004621094,380.047,0.005041016
253.68052510878033,0.0006616694270219098,5419.715783565576,11212.99,5773.125,0.004828125,388.3785,0.005322266
238.30189980680947,0.001831106088956236,4931.256348677997,11134.16,6237.77,0.00465625,378.7652,0.00516211
236.82442518207816,0.0005998206743096147,4904.3991277257055,11039.31,6116.0,0.004867188,389.0194,0.005361328
232.74181534655014,0.0005536713328537485,5545.60091866591,11168.13,5647.511,0.004900391,358.8976,0.005365235
230.83808584369572,0.0006428374573305105,5362.039350881997,11210.42,5853.877,0.004916016,372.3563,0.005460938
235.85525379121603,0.0006007204518498595,5002.234029188008,11046.36,6038.453,0.004828125,397.351,0.005289063
249.81425819564416,0.0005215615837048844,4933.107395813832,11096.99,6133.305,0.004960938,421.0639,0.005429688
254.97292800168438,0.0005239855513353712,5757.097029161375,11320.02,5531.51,0.004914063,386.4559,0.00541211
247.3391600834039,0.0019042624117236913,4904.407999656713,11091.22,6163.426,0.004625,374.9199,0.005085938
232.89763128076373,0.0005181258300601228,5355.312439631493,11220.04,5875.027,0.004945313,374.9199,0.005435547
234.260356320869,0.0007049828515213938,6315.672772997854,11445.63,5243.751,0.004808594,394.7874,0.005359375
234.70797451465822,0.0005883817516516645,5052.670047608233,11105.32,6075.625,0.004886719,378.1243,0.00538086
235.3012506254695,0.0017995818572497236,5003.613867498768,11116.85,6078.829,0.004650391,412.0914,0.005144531
234.78672348705663,0.0007311218582854805,5530.274317425833,11216.83,5719.932,0.004810547,379.4061,0.005302735
229.2604715609746,0.0006895399682541149,5058.120354032475,11123.26,6119.205,0.004794922,371.0746,0.005267578
240.9485713210105,0.0004821201297526324,5510.905269603086,11232.86,5688.528,0.004972656,380.047,0.005482422
241.81973963505573,0.0007965236727856153,4596.804114907654,10952.15,6446.058,0.004638672,360.1794,0.005138672
241.80614553831913,0.0005678939925465176,5309.834731279435,11112.37,5803.888,0.004783203,394.1465,0.005240235
239.05588631736984,0.0005926864700073597,5999.061779795193,11435.38,5364.879,0.004957031,406.3234,0.005503906
228.41568224578043,0.0007128922839747701,5481.052945712783,11176.46,5687.246,0.0048125,370.4337,0.005273438
215.02765680926765,0.0007767167695895263,4479.590913142701,10953.43,6462.081,0.004650391,366.5883,0.005214844
248.56397926567112,0.0004799323740765239,5290.705220600897,11151.46,5877.59,0.004902344,399.9145,0.005404297
237.34922790760584,0.0008512246059626466,5020.480416111621,11063.66,6059.602,0.004666016,381.9697,0.005207031
242.29752576254756,0.0006365270901751071,6020.8820722548535,11375.13,5306.558,0.004826172,385.815,0.005306641
234.4649165751619,0.0005991544672939295,4747.140799369412,11039.31,6275.582,0.004816406,390.9421,0.005314454
249.35517439956786,0.0008027653355609052,5339.501481453285,11121.34,5816.065,0.004695313,383.2514,0.005220703
226.26834107545437,0.0005407326806283821,5444.575496384864,11004.06,5605.853,0.004917969,375.5608,0.00540625
215.00780842283515,0.0006757111764279135,4872.721191217603,10941.25,6153.172,0.004679688,381.9697,0.005148438
237.53273814353685,0.0005874964881539115,5076.955572281418,11059.18,5918.607,0.0048125,386.4559,0.005322266
237.09441791748694,0.0018302706141455566,4671.501497669037,11019.44,6277.504,0.004677735,390.9421,0.005240235
205.3108272303876,0.000754606706178672,5245.55365402098,11193.12,5944.883,0.004753906,379.4061,0.005291016
222.86935886889424,0.0006342648073679058,5309.199338919469,11141.85,5765.435,0.004857422,361.4612,0.005326172
256.89327263707366,0.0005874498723125489,5472.858085590678,11171.33,5733.39,0.004869141,363.3839,0.005371094
241.4837492385879,0.0006470992278175966,5220.778351653995,11157.23,5962.828,0.004818359,390.9421,0.005306641
232.41813976206018,0.000689616235207496,5679.597650548351,11280.92,5567.4,0.004824219,392.8648,0.005365235
225.4796289187086,0.0007327100099030354,5536.409107513839,11155.95,5566.118,0.004808594,390.3012,0.005304688
241.8155367599275,0.0006402567722755569,5668.515113179354,11307.84,5643.025,0.004882812,369.1519,0.005378907
249.33024617993996,0.0005466711181611902,4374.875219280609,10864.99,6467.208,0.004933594,392.8648,0.005423828
245.88498852914626,0.0006873184706578418,4924.901404081891,10911.13,6033.326,0.004861328,384.5332,0.005332031
248.10972636221913,0.0006527836723381884,5246.971010323978,11222.6,5969.237,0.004814453,394.1465,0.005332031
217.8437458493181,0.0004432058791004707,5536.208293249157,11247.6,5746.208,0.004914063,358.8976,0.005386719
241.43411733848924,0.0007032180206373401,5052.660351197008,11087.37,6008.331,0.00478125,380.047,0.005230469
223.93502938128503,0.0005609454789498308,4893.83703786946,11080.32,6221.748,0.004957031,383.2514,0.00546875
219.40838902182406,0.0005637632656354272,4627.467969791646,11048.28,6359.539,0.004871094,379.4061,0.005320313
245.38817390520862,0.0005571738539559645,5691.009956912402,11208.5,5563.555,0.004896485,369.1519,0.005357422
252.33036385864352,0.00048604681631547264,5350.746539374503,11243.11,5857.723,0.004962891,371.0746,0.005480469
246.22705472917647,0.0018516806288562324,6142.891226059484,11400.77,5290.536,0.004685547,379.4061,0.00519336
237.61705352832203,0.0005749221440652004,5440.006791164901,11183.51,5761.589,0.004947266,380.047,0.005453125
239.8402856570526,0.0006454566446669517,5438.620787876235,11240.55,5803.247,0.004824219,369.7928,0.005367188
233.37519022754373,0.0006876488120801232,5415.008784944349,11195.68,5774.407,0.004828125,371.7154,0.005291016
250.02874699105413,0.0006981159447116647,4902.974265539744,11065.58,6176.885,0.004783203,397.351,0.005267578
255.65122187146878,0.0006686509933096817,5653.812184957218,11281.56,5624.439,0.004859375,394.7874,0.005357422
224.35603469704427,0.00188760888168789,5200.690502059258,11136.72,5951.292,0.004640625,379.4061,0.005152344
239.93685016378018,0.001828799536270107,5775.989564222858,11276.44,5464.857,0.004669922,391.583,0.005201172
236.81934711135318,0.0019524850370518912,5268.884307825971,11151.46,5885.921,0.004607422,379.4061,0.005138672
246.4867342011701,0.000625655567220929,5604.699743907588,11221.32,5651.997,0.004855469,392.8648,0.005333985
235.20774206277832,0.0004609105767956675,4677.535145323406,11022.64,6302.5,0.004853516,412.0914,0.005316406
240.379108683233,0.0018077353174474691,4971.836694832245,10967.53,5969.878,0.00465625,392.8648,0.005136719
218.01767198208444,0.0006570863583166015,5441.811679616263,11227.73,5767.357,0.0048125,385.1741,0.005273438
243.77464510446973,0.0006260560025684236,5625.884329452254,11232.86,5625.08,0.004828125,383.8923,0.005285156
222.77773618878493,0.0006883198281896825,5712.31077181778,11295.66,5558.427,0.004826172,373.6381,0.00534961
219.55370162596407,0.0007928562433970563,5718.590339835736,11277.08,5532.792,0.004826172,380.047,0.005365235
238.59197365580766,0.000799309110342397,5808.816862078493,11221.32,5372.57,0.004767579,373.6381,0.005294922
240.68238493318796,0.0005186715896388922,4980.8567021699755,11122.62,6107.669,0.004929688,376.2017,0.0054375
248.98851460110953,0.00034373692654382374,5964.1040184970425,11345.65,5361.034,0.004960938,405.0416,0.005498047
242.5135394693376,0.0006413871304666987,5157.130494411051,11149.54,5994.873,0.004798828,398.6328,0.005287109
239.73330037754727,0.0006769123622967637,5910.579116771449,11251.44,5377.697,0.004810547,386.4559,0.005388672
255.57188720161915,0.0006679280963294577,5218.032241436334,11134.8,5919.248,0.004824219,372.3563,0.005333985
246.72013839994955,0.001896823041821696,5303.813227904678,11123.26,5848.109,0.004669922,391.583,0.00515625
222.34217476296385,0.0005283351546279629,5196.591968892317,11131.6,5910.917,0.004945313,374.279,0.005457032
226.16858158299598,0.0005226791808995168,5870.55396086535,11319.38,5455.245,0.004914063,383.8923,0.0054375
246.88053637502122,0.0006363993264270095,6083.775157008544,11337.96,5292.458,0.004816406,387.0968,0.005302735
214.793104262103,0.0005189118663445849,5135.663481974534,10976.5,5795.557,0.004900391,368.511,0.005404297
242.49119558498958,0.00048001442226425217,4957.5994879189475,11175.18,6245.46,0.004960938,376.8426,0.005466797
240.879636519925,0.0007921645363698943,5582.204652652878,11290.54,5711.6,0.004697266,382.6105,0.005197266
220.0561476865876,0.0006012853931254204,5721.759400558561,11176.46,5364.238,0.004824219,388.3785,0.005289063
245.53645344308543,0.0007045243243931843,5480.961271171548,11286.05,5814.783,0.004841797,389.0194,0.005332031
224.4775298236143,0.0018315941741898494,5750.697893945023,11205.3,5437.3,0.004685547,380.6879,0.005164063
247.71298816082682,0.0004303853598027925,4759.710574377067,11077.12,6296.731,0.004871094,388.3785,0.005302735
232.9467188193091,0.0007139706244335015,5168.701265401048,11183.51,6026.917,0.004814453,368.511,0.005275391
236.1650027487554,0.0007125980578772811,5612.560066091315,11262.34,5687.887,0.004841797,396.7101,0.005304688
219.9187158069243,0.0005998457446344745,4935.298468831016,11118.78,6181.371,0.004855469,368.511,0.00534961
224.08261718843903,0.0006483019005267321,5439.900767090289,11175.18,5731.468,0.004777344,366.5883,0.005279297
224.9887246735833,0.0018529986455951353,5662.407275060352,11285.41,5605.853,0.004716797,364.6656,0.005267578
251.36061584009312,0.0004095261888064642,6102.873299225201,11325.79,5293.741,0.004910157,387.0968,0.005427734
228.3081491572849,0.0005234121818731185,5560.411615335353,11267.46,5711.6,0.004941407,398.6328,0.00546875
220.84163024421713,0.0006175807423023248,5615.274022939686,11236.06,5632.771,0.004841797,396.7101,0.005316406
238.77798458589956,0.0006560961717604808,5344.90628254074,11167.49,5825.678,0.004824219,374.9199,0.005388672
252.09221638250585,0.0005925157227782032,5894.607597024994,11312.33,5410.382,0.004916016,381.9697,0.005376953
249.592271585729,0.0009276357114025328,5558.487165982797,11266.18,5668.02,0.004748047,376.8426,0.005279297
244.30689303926175,0.0006595050752110264,5416.841893436761,11157.23,5734.031,0.004828125,380.6879,0.005263672
257.13997960052563,0.002002143779899375,5963.886841595108,11362.96,5370.647,0.00447461,386.4559,0.005080078
225.6998185347943,0.0006205951975684869,5112.5608211982835,11176.46,6028.84,0.004884766,364.6656,0.005390625
225.90352461783178,0.0004941170522343464,4968.41567318353,11050.2,6096.774,0.004962891,357.6159,0.005458985
250.5587379258864,0.0019242616991127007,5326.171193605175,11141.85,5808.374,0.004671875,374.279,0.00513086
238.96385117280775,0.0017842833558265867,5146.130610646795,11173.25,6012.177,0.0046875,380.047,0.005128907
216.1763397122075,0.0005399669103724215,5348.615416143191,11175.18,5813.501,0.004898438,384.5332,0.005357422
222.25601366368392,0.0005382590762379667,5237.4411964771025,11181.58,5930.784,0.004927734,349.2843,0.005423828
242.41735338336264,0.0005834080469946931,5262.4094808402115,11161.72,5917.325,0.004873047,385.1741,0.005388672
213.62889426295672,0.0004813065126698722,5488.832677243931,11173.25,5723.136,0.004947266,358.2568,0.005433594
251.79907493042055,0.0008809394243817466,5217.827120880283,11191.84,5935.911,0.004654297,385.815,0.005183594
248.33623660194039,0.0019051057987987995,4629.081748031867,10987.4,6296.091,0.004599609,412.0914,0.005105469
236.2837992506199,0.0005457478500082917,4412.29754819057,10890.62,6497.329,0.004917969,393.5057,0.005355469
246.24669939275745,0.0019077615756435552,5590.966364188674,11270.03,5662.893,0.004705078,379.4061,0.005201172
241.15390481594292,0.0018173243818021686,5461.092628248279,11153.39,5689.81,0.004621094,380.6879,0.005166016
234.33054868261468,0.0007408838817968739,6035.87896839789,11298.87,5345.012,0.004958984,361.4612,0.005449219
244.1691069240832,0.0007097778073420899,5726.808451663068,11284.13,5548.814,0.004837891,386.4559,0.005304688
234.37699913365606,0.001804424500900719,4541.060171256415,10884.21,6333.903,0.004583985,382.6105,0.005132813
244.58376323634113,0.000508772539253463,5127.147702459479,11211.07,6035.249,0.004888672,385.1741,0.005345704
224.69452986845437,0.00048815771002688995,5276.400893267501,11089.94,5838.496,0.004916016,383.2514,0.005417969
249.60378642070103,0.0006862184743092696,4911.540178848343,11076.48,6196.112,0.004828125,383.2514,0.005263672
250.8847269589858,0.000677259049882448,5223.564621386183,11213.63,5985.26,0.004853516,378.7652,0.005351563
232.99639193146407,0.0006080842664256171,5181.411899562051,11029.05,5843.623,0.004871094,388.3785,0.005328125
232.08775696207354,0.0005752065914074551,5429.464819422441,11239.26,5814.783,0.004867188,369.1519,0.005396485
248.22255863021286,0.0005992784796175266,5432.322709463565,11211.07,5781.457,0.004869141,385.815,0.005361328
233.44919736041604,0.0006812037742586496,4487.197191913052,10919.46,6508.225,0.004826172,381.3288,0.005289063
242.27061144434302,0.0005048627517530397,5326.005751777233,11175.18,5828.242,0.004916016,385.815,0.005382813
242.64619805901137,0.0006202196531815495,5334.9625045839175,11221.96,5878.872,0.004841797,391.583,0.005363281
226.75306562622723,0.0005955971975928682,5283.976375283161,11071.35,5720.572,0.004873047,378.7652,0.005333985
244.67073715134066,0.0006146906663381407,4924.044335986953,11098.91,6165.99,0.004898438,375.5608,0.00538086
230.42559550115362,0.000754545179621331,5318.800713254736,11162.36,5862.85,0.004691407,367.8701,0.005214844
237.55790719241128,0.0007118728500075159,5471.458163242466,11196.97,5714.163,0.004804688,383.8923,0.005292969
226.48472945325906,0.0018954648328759617,5210.54012003664,11079.68,5901.944,0.004716797,367.2292,0.005181641
219.93958458034675,0.0018895593442574692,5445.945902179501,11163.64,5717.368,0.004462891,380.047,0.005044922
234.87920158372214,0.0007855472352455132,5103.96436319218,11111.09,5992.309,0.004681641,378.7652,0.00513086
234.76511730891738,0.0005772035116331463,5327.351123588847,11154.03,5875.667,0.004945313,387.7377,0.005386719
232.28471030288085,0.0005609936628090394,5381.06943577584,11271.95,5901.303,0.00484375,366.5883,0.005314454
239.75728001502134,0.0006564995657057816,5302.475687375144,11200.17,5894.253,0.004798828,392.2239,0.005275391
217.5083047398745,0.0006918409194399031,5914.050098843179,11305.28,5379.62,0.004841797,395.4283,0.005320313
254.8479591547024,0.0006975424786061719,4575.045238283543,10945.74,6440.931,0.004767579,389.6603,0.005271485
247.70171199543867,0.0006926249067336401,5110.375153210539,10999.57,5960.265,0.004765625,385.815,0.005285156
238.5424111146601,0.0017350478062255138,4552.734241413828,10982.27,6439.649,0.004623047,367.8701,0.005167969
227.2483829788604,0.0005398723278569799,5119.936933053336,11158.51,6034.608,0.004917969,401.8372,0.00540625
240.73691399145625,0.0005195812662977406,4948.990719676051,11064.94,6074.983,0.004839844,386.4559,0.00528125
239.86000154660414,0.0005763676765235839,5119.010977067248,11111.09,6078.188,0.004867188,386.4559,0.005361328
247.67506820012892,0.001807933761010249,5920.592180457704,11282.21,5424.482,0.004712891,371.0746,0.005275391
242.70922675352364,0.0005896473975886936,5664.386746244911,11168.77,5516.129,0.004853516,381.3288,0.005332031
233.15045337359442,0.0005480261954369346,5390.922493609975,11254.65,5843.623,0.004917969,388.3785,0.00544336
256.5571626610773,0.0006727870542639865,5743.513676617508,11324.5,5609.058,0.004824219,403.7599,0.005322266
229.33857526148844,0.00048786676010775375,5222.634823820502,11144.41,5913.48,0.004914063,389.0194,0.005390625
226.14224807926067,0.0018650882394047406,5390.325169557085,11121.98,5689.169,0.004640625,383.8923,0.005117188
225.06518355857227,0.000582314494027812,5414.3428287793595,11080.96,5712.241,0.004914063,370.4337,0.005404297
221.67723620693897,0.0006893922425978228,5677.1165479622605,11317.45,5633.412,0.004869141,372.9972,0.005398438
244.79525516970895,0.00033186967796874954,5377.610859773744,11209.78,5841.701,0.004867188,365.3065,0.005382813
235.56251096721482,0.0005587276397387332,5405.64140745849,11187.99,5791.07,0.004916016,390.9421,0.005453125
225.2897076640595,0.0005593832173673978,5462.796309261664,11239.91,5792.352,0.004810547,405.6825,0.005285156
232.47326218609675,0.0006510381212283235,5276.014123803852,11292.46,5985.26,0.004841797,377.4834,0.005351563
206.88249860011157,0.0006736091822025786,5308.26337072151,11164.28,5859.646,0.004666016,365.9474,0.005191407
237.13063041397226,0.0007293625256491292,6193.581237972405,11591.75,5265.542,0.004869141,412.0914,0.005548828
233.99726532931894,0.0005971728864541386,5296.131655651559,11201.45,5902.584,0.004882812,380.6879,0.00540625
233.67662235943166,0.0006250884246655069,4536.385162820326,10999.57,6408.887,0.004884766,390.3012,0.005375
232.19549707936994,0.0006540174353607412,5301.577322270276,11086.09,5701.346,0.004826172,381.3288,0.005279297
238.72974862440833,0.0006310103876732421,5321.896758747145,11177.74,5837.214,0.00491211,373.6381,0.005423828
235.1495465923896,0.0008663564676805879,5554.2993365067805,11248.24,5707.114,0.004701172,387.7377,0.005261719
236.56460481481176,0.0006902156153532706,5403.612259279016,11270.03,5841.701,0.004859375,361.4612,0.005314454
252.78229966911744,0.00047296280357433045,5476.753244947151,11225.17,5744.285,0.004957031,374.279,0.005417969
251.89453892021493,0.0008147004581317152,5007.102316470145,11092.5,6089.724,0.004695313,405.0416,0.005183594
214.08704499776113,0.0004347560696554724,5151.047336542056,11039.95,5900.662,0.004900391,351.207,0.005396485
223.3465866204399,0.0006861604598248893,5710.755094373588,11161.08,5466.14,0.004916016,383.2514,0.005373047
247.33463946906667,0.0018611346829190626,5440.067740513422,11257.85,5795.557,0.004730469,371.7154,0.005189453
243.78160984587572,0.0005053192935967125,5119.6239258134065,11104.04,6001.282,0.00490625,380.6879,0.005376953
246.98913729430413,0.0005733505140092727,4968.441409934353,11086.09,6109.592,0.004869141,364.6656,0.005302735
229.49287754200284,0.0005067467833038899,5471.813872373577,11160.44,5687.887,0.004958984,375.5608,0.005449219
229.82733310664014,0.0006685950933169003,5290.472449767338,11027.77,5760.948,0.004871094,382.6105,0.005316406
248.42162915194683,0.0007580656307251496,5072.103571450922,11092.5,6028.199,0.00469336,426.8319,0.005242188
240.24206869227862,0.00040467746504664723,5539.68587736444,11279.64,5762.23,0.004884766,379.4061,0.005363281
249.8979986202489,0.000921254134058886,5156.419842927289,11152.75,5939.116,0.004626954,392.8648,0.005140625
237.71420796494354,0.0018291812870609144,5623.645283036738,11097.63,5508.438,0.004683594,376.8426,0.005191407
228.78585780444632,0.000632085292695256,4627.530535582405,11066.87,6470.412,0.004705078,367.2292,0.005183594
225.05499865047256,0.0006513413630566164,5168.184611639271,11186.71,6060.244,0.004810547,387.7377,0.005287109
222.7255003531057,0.0018967618308647419,4879.638053704935,11020.08,6143.559,0.004667969,388.3785,0.005197266
253.3062985996077,0.0008313463338617596,5226.03888329299,11159.79,5926.298,0.0046875,394.1465,0.005164063
258.7276287283819,0.0008319914593971127,5201.100961522246,11136.72,5903.867,0.004685547,397.351,0.005240235
243.88763296273802,0.0007595064165959585,5511.583340950895,11229.65,5733.39,0.00478125,391.583,0.005273438
221.67408277077337,0.0006781166258035596,5008.829761268395,11070.07,6068.575,0.004960938,412.0914,0.005423828
247.59449581501067,0.0007009703901992995,4958.503681855244,11041.23,6101.901,0.004707031,382.6105,0.005226563
207.16000972222454,0.0005073027013235165,4551.39611239846,11071.35,6467.208,0.004917969,372.9972,0.005402344
256.3400716412679,0.0005059432559182086,5177.099205406463,11145.05,5969.878,0.00494336,396.0692,0.005388672
229.39532627394667,0.0007408507282951411,4679.320376642006,11057.25,6470.412,0.004664063,353.7706,0.005181641
236.72456061614565,0.0007575215927386733,5746.8264772072225,11237.98,5380.901,0.004712891,383.2514,0.005197266
226.78501438861406,0.0006026416758825157,5110.300165493783,11085.45,6009.613,0.004855469,394.7874,0.005375
244.52502166288988,0.0005981142095896284,5739.111200809593,11267.46,5544.328,0.00488086,367.2292,0.005357422
218.92868557439635,0.0005010991695016831,5640.909283593299,11214.91,5659.047,0.004945313,392.2239,0.00546875
240.83789503873768,0.0005934988920829641,5003.952889972774,11095.71,6094.21,0.004857422,367.2292,0.005310547
237.77445483187014,0.0008045753970351713,5461.812863347363,11251.44,5766.076,0.004744141,381.3288,0.00528125
216.8527770005343,0.0006868554026605166,6175.808407915909,11516.13,5274.514,0.004837891,384.5332,0.005388672
217.42975293407963,0.0006097309012680627,5405.183468723373,11227.09,5814.783,0.004896485,376.8426,0.005404297
250.89383795446673,0.000607027211674819,5617.672730889954,11285.41,5691.732,0.004902344,382.6105,0.005396485
244.49064732325905,0.000537951294242704,5677.788886783115,11236.7,5575.732,0.004957031,387.0968,0.005470703
249.08685664650326,0.00048108327072209826,5265.20060767758,11200.17,5946.165,0.004945313,395.4283,0.005484375
254.902956184919,0.0005557217221011131,4439.872345621155,10822.05,6366.588,0.00490625,400.5554,0.005375
231.74171434887947,0.0006442451855353957,5392.571735718733,11160.44,5784.021,0.004841797,381.3288,0.00534375
243.93355546709157,0.0007014491511525592,4599.502540537951,11012.39,6358.257,0.004664063,387.0968,0.005169922
226.00113743459193,0.0004456494729816561,5667.1858178650255,11195.68,5562.273,0.004962891,361.4612,0.005449219
242.19160092596337,0.0005475549711843579,5581.899772873042,11201.45,5627.644,0.004904297,416.5776,0.005460938
235.28832691891748,0.0006247027118515612,5400.747452117257,11190.56,5770.562,0.00484375,362.1021,0.005330078
250.640514423261,0.0006412897121088452,5206.31171589736,11038.67,5742.362,0.004796875,393.5057,0.005333985
223.75626614109137,0.0005307139986339139,6224.507494745125,11433.45,5208.502,0.004957031,379.4061,0.005572266
223.51051700218807,0.0006157612878486174,5406.109835927436,11225.17,5811.579,0.004955078,379.4061,0.005423828
241.52286460886484,0.00047806103062026235,5511.905928382174,11246.96,5748.771,0.004931641,384.5332,0.005466797
239.1818025165233,0.0005428598284206135,5391.148659472444,11325.79,5955.138,0.004929688,372.9972,0.005425781
242.33108624942835,0.0006313153050441715,5768.661418772306,11182.87,5407.819,0.004826172,412.0914,0.005314454
249.81437103147755,0.0007173402551553299,5940.6506824835205,11334.12,5445.631,0.004828125,368.511,0.005326172
242.67758529705432,0.0017913392197209219,5334.18405105729,11203.37,5894.253,0.004701172,380.6879,0.005195313
229.05548253220067,0.0005843135628350249,4721.82725596697,11000.21,6331.339,0.004722657,377.4834,0.00515625
219.39111289688648,0.0006767290034481665,5456.622574672261,11149.54,5709.677,0.004765625,390.9421,0.0053125
219.71875175249312,0.0007932105415831983,4916.042183817633,11059.18,6139.073,0.004650391,352.4888,0.005214844
230.63928644011457,0.00047053218907499054,4951.808449819695,11048.28,6069.216,0.004914063,366.5883,0.005392578
249.9151436279644,0.000728328967455121,5156.490814699195,11004.06,5885.281,0.004710938,395.4283,0.005181641
243.47115316444564,0.000554937411417397,5198.2728521195695,11150.82,5958.342,0.004900391,381.9697,0.005357422
236.71730847060968,0.000743462718164475,5229.185862957999,11002.78,5802.606,0.004710938,384.5332,0.005222656
233.86312207083867,0.0018622555525226612,5202.295962386734,11080.96,5906.43,0.004658204,363.3839,0.005169922
232.7213283356557,0.0005641475107912123,5939.894547417733,11391.8,5407.819,0.004916016,380.6879,0.005373047
241.7093581455359,0.0005995665270421951,5004.438320379396,11007.9,5994.873,0.004871094,410.8096,0.005310547
238.9282456879511,0.0006221294232633437,5094.702226209643,11110.45,6001.282,0.00484375,383.8923,0.005361328
247.2909490550151,0.0004182798506452844,4823.40649415498,10905.36,6184.576,0.00475,385.1741,0.005208984
225.2033811459124,0.0005974583712817957,5109.105159034182,11123.26,5996.795,0.004882812,370.4337,0.005361328
240.36736026815709,0.0006906376006718668,5223.271702725764,11141.85,5926.298,0.004794922,390.9421,0.005261719
228.41349983478284,0.001903057650026355,5427.9358729855185,11195.68,5760.948,0.004685547,383.2514,0.005179688
217.21740055935476,0.0007863100629471874,5604.120136780261,11274.51,5712.241,0.004783203,374.9199,0.005292969
240.6010393404276,0.0006800977413792082,5852.861832228567,11270.03,5371.288,0.004869141,381.9697,0.005314454
241.45712858485118,0.0005296389364935708,4774.605690505608,11070.07,6264.687,0.004914063,372.3563,0.005367188
239.10549973495742,0.0005768222552326916,4947.344262302124,11123.91,6176.244,0.004705078,414.0141,0.005150391
235.17583070346893,0.0017926062592631027,5192.635527152735,11032.9,5820.551,0.004638672,382.6105,0.005134766
258.05549289478745,0.00047168038762182823,4752.798320819052,10932.28,6167.271,0.004826172,374.279,0.005306641
219.31948979986475,0.0005062803810842454,5586.7611670867855,11167.49,5532.151,0.004914063,369.7928,0.005392578
233.09080475008895,0.0007270572522256131,5585.755151141774,11089.94,5552.019,0.004785156,405.6825,0.005283203
211.73503945561305,0.0004958411021958949,5477.509071577984,11068.79,5605.853,0.004933594,366.5883,0.005427734
227.53963683203335,0.0006161633490280549,5733.358473150518,11295.66,5575.732,0.004955078,364.6656,0.005486328
247.23724738018768,0.0006015164056677966,5397.602327970889,11207.86,5809.656,0.004914063,386.4559,0.005421875
232.9781065654594,0.000514246066767699,5136.848918606287,11121.34,5937.834,0.004958984,375.5608,0.005515625
227.03101045900053,0.0005254281910655988,4296.430622053125,10770.77,6472.976,0.00490625,401.8372,0.005417969
226.2909278605917,0.0004980079698505403,4908.16572424659,11103.4,6173.04,0.004929688,387.0968,0.005390625
247.14848026151626,0.0005020638498736194,5196.618108649557,11226.45,6062.807,0.004917969,398.6328,0.005449219
231.68611073858037,0.0008588962609610081,5136.952567999678,11138.0,6030.763,0.004666016,366.5883,0.005210938
226.17075092124045,0.00046209466834473906,4368.014755861025,10941.89,6577.441,0.004830078,373.6381,0.005314454
224.88961093787202,0.0005429234425920233,5148.683503674677,11080.96,5938.475,0.00494336,379.4061,0.005408203
253.54180997162265,0.0006415177075535684,5365.823170629499,11185.43,5817.987,0.004828125,420.423,0.005384766
223.5052234044385,0.0005444806670362282,5647.873173593733,11147.62,5520.615,0.004927734,378.7652,0.005453125
228.85942053615088,0.001820084193758104,5954.998646747821,11296.3,5354.625,0.004714844,372.3563,0.00528125
239.99665611836156,0.0006543126843023164,4617.888273300063,10998.93,6424.268,0.004738281,401.1963,0.005212891
249.84030401755442,0.0006162578163516604,5366.14091179407,11157.23,5796.838,0.00491211,402.4781,0.005441406
234.6606598125634,0.000860586891021666,5311.466248954756,11011.11,5663.533,0.004679688,390.9421,0.005183594
219.58729309233175,0.0006507366491467463,5725.828305501742,11296.94,5544.328,0.004814453,369.7928,0.005322266
232.53106715712437,0.0006547560849769794,5466.603959672203,11248.88,5751.976,0.0048125,375.5608,0.005298828
219.01498256629776,0.0005395217867385417,5859.6902181291625,11328.99,5373.852,0.004917969,367.8701,0.005410157
254.98690194056763,0.0005046058777615729,5331.375600925041,11222.6,5868.618,0.004947266,396.7101,0.005423828
220.59628885071916,0.0006967088079224207,5801.08018397347,11312.33,5519.333,0.004828125,368.511,0.005371094
234.29486717008135,0.0006089298265646983,5827.402222500695,11316.81,5505.234,0.004955078,389.0194,0.005449219
212.6389013759671,0.0007385270199859248,5453.987696902259,11226.45,5760.948,0.004841797,385.1741,0.005330078
227.78744451678446,0.0018963064375152124,4738.404213796114,11052.13,6306.985,0.004595703,399.2737,0.005041016
219.37824397323865,0.0005263830874922413,4688.750911563192,11052.13,6436.445,0.004902344,379.4061,0.005357422
248.86523674773363,0.000611092487126757,4804.305782799691,10978.42,6207.648,0.004828125,387.0968,0.00528125
250.78110179638236,0.0004969161042132596,5010.688229802412,11043.15,6000.0,0.004869141,396.7101,0.005359375
242.43892021535194,0.0005242292502291333,5125.709688297173,11165.56,6056.398,0.004900391,360.1794,0.005419922
228.0650852400645,0.0005903956872924815,5464.8006066225,11220.04,5775.048,0.004857422,387.7377,0.005308594
242.62501057164178,0.0018988413406628418,5666.171702377826,11229.01,5585.345,0.004634766,382.6105,0.005197266
229.05017514392813,0.001751638083365578,4711.120642350214,10864.34,6228.797,0.004642578,389.0194,0.005138672
246.79357337988753,0.0006686895394327155,5249.296082057427,11257.21,5997.437,0.004841797,389.6603,0.00534961
216.2202020989519,0.00046811900777086394,4679.2456029831665,11051.48,6374.92,0.004933594,375.5608,0.005439453
227.36787351370938,0.000436060526524964,5788.578747986077,11282.85,5477.035,0.004958984,369.1519,0.005453125
245.89510424508265,0.0005213193963579651,5425.249477823205,11170.05,5761.589,0.00497461,412.0914,0.005482422
212.249850286338,0.0005696346305106525,5599.315971562409,11275.8,5686.605,0.004917969,367.8701,0.005472656
233.53838049916007,0.0017796368237880456,5191.396378972365,11177.74,5953.856,0.004644531,372.9972,0.00515625
240.41615683054383,0.0006046512771393952,5286.816770297272,11164.28,5838.496,0.0048125,390.9421,0.005291016
252.7676462043278,0.0004901250987017414,4737.434783767857,11054.05,6275.582,0.004853516,373.6381,0.005318359
219.54702364308872,0.0006737945670059019,5258.738950237064,11146.98,5860.927,0.004826172,344.7981,0.005291016
248.21513107113233,0.0005582354838739135,5753.830048869792,11255.29,5462.935,0.004839844,383.2514,0.00534375
252.20848272899678,0.0018535980775074834,6005.833065104974,11430.25,5396.923,0.004777344,381.3288,0.00528125
236.30678536902448,0.0005327110372834639,5986.91504707764,11415.51,5396.283,0.004945313,390.9421,0.005503906
236.53387599487377,0.0005203762969651953,5104.342258036701,11181.58,6053.834,0.004902344,381.3288,0.005425781
234.7065294930165,0.0007533512508305749,4904.062109286637,11023.93,6148.686,0.004648438,382.6105,0.005101563
212.1381952340901,0.000551926487820438,5590.970015287565,11218.76,5698.782,0.004884766,361.4612,0.005365235
216.13500503297664,0.0005858268812791225,4673.565597852435,10977.14,6296.091,0.004708984,365.3065,0.005208984
247.4766024957968,0.0007284039108451761,5097.961389247077,11068.15,5955.138,0.004798828,381.9697,0.005345704
213.23099220792287,0.0006208724653045884,5007.68050013162,11139.93,6146.763,0.004720703,385.815,0.005179688
221.18289194068882,0.0005610372038340871,4698.36935050317,11093.14,6423.627,0.004648438,355.6932,0.005121094
231.97513124788355,0.0005883415755027899,4976.713371607238,11061.1,6071.779,0.004871094,382.6105,0.005341797
248.8534236287063,0.0006436640526754154,4571.868887957048,10817.56,6365.306,0.004707031,402.4781,0.005220703
229.36838357997914,0.0006056944098741842,4763.676498564925,11025.21,6247.383,0.00484375,398.6328,0.005316406
231.30085893442194,0.0004860597128745117,5491.538198356907,11240.55,5693.014,0.004896485,378.1243,0.005394531
227.8704478113396,0.0018859450928044035,5366.354143518615,11221.32,5848.75,0.004683594,377.4834,0.005277344
246.59919899321227,0.00049497711531242,5839.076868643935,11352.7,5546.892,0.004910157,367.8701,0.005408203
226.51550038163094,0.0007491289673822833,5022.618360054505,11163.0,6167.271,0.004669922,378.1243,0.005222656
233.06435403720508,0.00047064876003206,5399.780007948521,11164.92,5733.39,0.004916016,375.5608,0.005417969
230.05118760706483,0.00204894021134656,5123.0072274254,11133.52,6004.486,0.004476563,370.4337,0.004955078
211.27257093990917,0.00047660150984958253,4657.754492914497,11071.35,6328.776,0.004902344,387.7377,0.00540625
246.38082147883534,0.0006058900509070535,5170.453722881486,11134.16,5970.519,0.004839844,381.3288,0.00534375
249.91076664943554,0.000539034313853248,5154.109554802663,11052.13,5802.606,0.004882812,396.0692,0.00540625
240.81833435817788,0.0005605254451648661,5105.2142941438715,11096.35,5972.442,0.004873047,406.9643,0.005363281
228.27145632967228,0.0005517903773600896,5215.619970182878,11079.68,5889.767,0.004916016,381.9697,0.005384766
230.1711433194658,0.0007545074512484894,5390.557989973476,11240.55,5847.468,0.004697266,396.7101,0.005197266
240.5455990099849,0.0006262224231429235,5578.3466392617265,11259.13,5688.528,0.004810547,367.8701,0.00534375
212.20540316541062,0.0006507451681503023,5323.920771162931,11144.41,5802.606,0.004871094,367.8701,0.005361328
236.04113701599104,0.0004830894101694988,5582.727384979246,11213.63,5628.925,0.00496875,418.5003,0.005455079
247.65656260601472,0.0008384022666927031,5015.590864677405,11018.16,6015.381,0.004666016,390.3012,0.005128907
251.8228087924976,0.000627983144568613,5571.555125132728,11208.5,5626.362,0.004916016,397.9919,0.0054375
253.01550850402162,0.0006362206836037286,4789.059050754872,11112.37,6315.958,0.00484375,389.0194,0.005335938
249.24738485795442,0.0007173571011036272,4989.846983193051,11104.04,6078.188,0.004837891,390.9421,0.005328125
248.42439045787688,0.0005968013619367028,4606.801440952514,11055.97,6401.196,0.004736328,392.2239,0.005238282
220.79195907811817,0.0005856451354121767,4693.256404944166,11120.06,6440.291,0.004826172,363.3839,0.005332031
252.04779581751336,0.0007232417208879378,4836.946033207208,11089.3,6251.229,0.004798828,391.583,0.005242188
226.3996381771428,0.0003993414723054212,5231.534799269804,11249.52,5985.26,0.004900391,390.9421,0.005425781
227.83914671236064,0.000538222343029641,5085.763768289501,11114.29,5982.055,0.004808594,374.279,0.005267578
240.90425694066326,0.0005805933771680481,5394.632741658117,11054.05,5653.279,0.004873047,394.1465,0.005363281
219.16228778649548,0.0018717199894450153,5089.033887275128,11119.42,6055.757,0.004644531,362.743,0.005179688
236.6364542598436,0.0006146862533810074,4574.7728755723065,10972.01,6386.456,0.004828125,387.0968,0.005287109
249.58913420454058,0.0019140941473780987,4057.4640648563086,10882.29,6597.308,0.004617188,409.5279,0.005150391
219.76154228478373,0.0006362746082131907,5674.988757669845,11152.1,5436.018,0.004855469,355.0523,0.00534961
231.26105713681412,0.0005313370749899398,6019.688826017813,11267.46,5380.901,0.004914063,377.4834,0.005398438
216.67278633355687,0.00042245222720724697,4492.138042992874,10889.34,6360.82,0.004900391,372.3563,0.005392578
233.25403068643936,0.00045595139092881586,5689.495185214662,11275.15,5626.362,0.004886719,390.9421,0.005439453
233.4477036007911,0.0006269104017054908,5696.921022224804,11269.39,5566.118,0.004857422,390.3012,0.005386719
251.332870016273,0.0007128846350213129,5314.545797250889,11193.76,5910.275,0.00484375,392.2239,0.005365235
237.48857265228722,0.0006895550483272464,6103.284478288125,11459.73,5279.0,0.004841797,374.279,0.005625
246.9817701516689,0.0006262310375421125,4641.497465894974,10982.91,6213.416,0.004794922,382.6105,0.005273438
243.9745980059539,0.0006025514873338325,5695.41247477174,11209.14,5446.272,0.004884766,374.279,0.005361328
244.9586049000676,0.0006800542308305111,4897.004304262577,11055.33,6164.067,0.004767579,387.7377,0.005324219
226.41715064884983,0.000530019725485374,5145.08228222779,11166.84,6019.867,0.004914063,389.0194,0.005421875
230.0482305726443,0.0017830157566886163,5437.083793239605,11145.05,5633.412,0.004757813,386.4559,0.005199219
237.33784387327572,0.0007040266499427645,5339.179838433771,11155.31,5763.512,0.004828125,401.8372,0.005328125
233.41406812568584,0.000603145763887496,5230.41204942553,11182.87,5953.856,0.004794922,380.047,0.005332031
224.0510829180963,0.0005552426474359617,5874.372151453739,11181.58,5328.99,0.004925781,376.8426,0.005371094
237.78525299904965,0.0007182560024171397,5378.670331049321,11284.77,5917.966,0.004828125,397.351,0.005351563
244.64331465414338,0.0006067461684840282,5131.669528901381,11019.44,5856.44,0.004859375,404.4008,0.005345704
235.00210848194718,0.0005716551273413003,5600.31763295673,11280.28,5694.937,0.004839844,367.8701,0.005361328
226.4406188982001,0.0007167875595634352,5148.402208968612,11139.29,5981.414,0.00478125,374.279,0.00528125
242.976167561312,0.0005663943663462707,4622.102882120238,10970.73,6278.786,0.004705078,383.2514,0.005177734
237.44231907633468,0.0006226719829105964,4689.725670273453,11080.32,6412.732,0.004828125,396.7101,0.005291016
239.21685814266132,0.0006762103559011674,5182.40924329671,11136.72,5936.552,0.004794922,383.2514,0.005261719
249.16923215999057,0.000703415583085,4397.709216855983,10908.57,6447.34,0.004638672,389.6603,0.005164063
238.1294295817602,0.0005967851521681364,5571.557547126845,11163.64,5559.709,0.004871094,389.0194,0.005333985
248.7308792937171,0.0006696868649120247,5302.191492515589,11166.84,5882.076,0.004826172,390.3012,0.005302735
243.0829698225285,0.0018974497770900078,5579.939879429957,11105.96,5438.582,0.004507813,387.7377,0.005060547
229.73816811444465,0.0005753756046582524,5248.744363411189,11041.87,5746.208,0.004929688,380.6879,0.005429688
257.6807478042159,0.0004926176124333417,5249.154197943102,11180.3,5931.425,0.004988282,378.7652,0.005447266
226.77672601283592,0.0005130211488295074,4920.6304739694215,11056.61,6142.277,0.004931641,387.0968,0.005435547
221.7649688071344,0.0005847352408754451,5486.767224171581,11093.78,5625.08,0.004925781,356.975,0.005400391
228.7813663744972,0.0004109161506676066,5108.339776331576,11123.26,6069.856,0.004931641,398.6328,0.005419922
239.1824154873369,0.0004953934071640149,5644.343020093601,11226.45,5574.45,0.004929688,384.5332,0.005453125
221.81750644910434,0.0020003325891654,4803.663566086004,11002.14,6185.858,0.00456836,398.6328,0.005154297
249.16342133246025,0.0005565107408797937,5706.098982824212,11138.0,5444.99,0.004958984,369.7928,0.005455079
255.16130180850135,0.0005378987388960882,4842.988244162465,11092.5,6233.284,0.004931641,396.0692,0.005371094
242.0639472102879,0.001821663364897554,4946.020245623588,11118.78,6260.841,0.004642578,378.7652,0.005132813
236.91032100615948,0.0006692935202049984,5928.765246807355,11218.76,5388.592,0.004884766,394.7874,0.005376953
214.23684587770697,0.0004600188109585922,5423.964759883531,11211.07,5769.921,0.00494336,385.815,0.005421875
232.73402811887385,0.0005939801493906585,6006.281713352859,11302.71,5325.785,0.004851563,339.0301,0.005361328
248.52987788986857,0.0005505504263054833,4801.379568043527,11082.89,6258.919,0.004902344,385.815,0.005373047
216.4635847137826,0.0007254164834880201,5251.724895832126,11096.99,5904.508,0.004806641,380.6879,0.005306641
235.7455980155584,0.0005592329170265771,5591.192411186595,11282.85,5738.517,0.004898438,389.6603,0.005375
224.5395318373168,0.0006200420833630564,5261.74654019957,11089.94,5847.468,0.004783203,384.5332,0.005314454
244.49427940274086,0.0007164390013059854,4547.054525847857,10976.5,6447.34,0.004740234,381.9697,0.00525586
227.87199793377684,0.0006445104910170263,4660.688544996212,11026.49,6419.141,0.004740234,376.8426,0.005240235
247.59935501153237,0.0006554105533225158,5891.621074675166,11409.74,5476.394,0.004869141,376.2017,0.005369141
232.11532940494564,0.0005340432377891528,5308.105941104993,11188.63,5867.336,0.004931641,400.5554,0.005419922
228.7988217526488,0.0007009642405803754,4558.0370067772565,10957.91,6526.81,0.00478125,398.6328,0.005259766
245.61909261076215,0.0018461115300301566,4413.173211122812,10781.03,6461.439,0.004611328,365.9474,0.005123047
217.52724247110498,0.0005872323062667625,4583.95811505295,11022.64,6508.865,0.004705078,364.6656,0.005277344
257.1310023152131,0.0006014300094696233,4579.167177193246,10988.68,6484.512,0.004753906,387.0968,0.005289063
211.742423189245,0.0006102419207762576,5224.665808542902,11143.77,5888.485,0.004792969,383.2514,0.005302735
221.13572402812636,0.0005195863829675687,5737.788962212847,11159.15,5450.118,0.004814453,395.4283,0.005283203
224.58446222674777,0.0020023786939650937,5725.228024641669,11161.08,5475.753,0.004457031,378.7652,0.004998047
235.28759850507024,0.0008285007217665081,5434.678479555368,11220.68,5807.733,0.004699219,366.5883,0.005228516
208.93865132180483,0.0005556469329925554,5728.519706073741,11265.54,5502.67,0.004927734,348.0026,0.005390625
237.7873789584153,0.0017856987888621083,5428.524921205248,11225.17,5776.33,0.004677735,375.5608,0.005199219
213.57296344068394,0.0009019566399083854,4981.15733068854,11143.13,6171.117,0.004666016,369.7928,0.005169922
216.07873265028414,0.0019576107772270273,5442.99704416585,11148.9,5714.804,0.004685547,383.8923,0.005226563
250.5550679103619,0.0006999584889397152,5227.306189299351,11127.75,5894.253,0.004816406,406.3234,0.00528125
234.42724361483067,0.0008207109561996932,5109.192824301318,11073.27,5969.878,0.004695313,383.8923,0.005175781
235.43302090006154,0.0006074094447143055,5229.839531826046,11091.86,6008.972,0.004925781,383.8923,0.005390625
255.62360142983366,0.0005837730528431781,5078.988956291819,11104.68,6010.254,0.004794922,391.583,0.005300782
225.99203885661996,0.00040691929816394205,5471.748782673147,11054.05,5614.185,0.004855469,376.8426,0.0053125
233.1023906504491,0.0006483690798918707,5386.641585398046,11202.09,5809.656,0.004841797,405.6825,0.005332031
215.3218721551122,0.0005146203189571492,4885.846002730683,11076.48,6164.067,0.004898438,381.9697,0.005375
243.6415759457149,0.0018528546566942247,5074.0860999766965,11119.42,6032.044,0.004671875,388.3785,0.005164063
228.48445633229747,0.0005531663413114382,5240.563146115802,11112.37,5892.331,0.004839844,377.4834,0.005316406
243.5156748972155,0.0006689475275710262,5082.115019029833,11155.95,6039.735,0.004826172,383.2514,0.005300782
250.05800843501063,0.0005338346942734137,5227.913999413945,11167.49,5974.364,0.004927734,410.8096,0.005375
212.1128933624662,0.0005384612943471585,5124.891600514884,10978.42,5899.38,0.004830078,367.8701,0.005345704
221.3900714479926,0.0017467977960559419,4859.68345929164,11094.42,6217.902,0.004583985,367.8701,0.005117188
234.0762136043929,0.000650585110804041,5348.3534587225195,11223.88,5851.955,0.004810547,367.2292,0.005296875
223.39421180920894,0.0005978472032664268,5528.817619600684,11113.01,5568.041,0.004867188,372.3563,0.005345704
234.42817279148946,0.0006544401119562264,4719.05070665682,11044.43,6320.444,0.004810547,359.5385,0.005302735
242.28348224746432,0.000372126675402074,4987.116675011855,10971.37,6017.304,0.004898438,387.0968,0.00534375
255.10397075494723,0.0019337950919243135,5245.609997251568,11150.82,5898.099,0.004460938,385.1741,0.005050782
227.57258489945656,0.0005704385099547385,6148.777208091651,11450.12,5255.287,0.004873047,376.2017,0.00534961
251.98482199716094,0.0005744170726347811,5435.994590832152,11279.64,5851.955,0.004857422,375.5608,0.005378907
243.6697995211808,0.0005907960930445733,5600.033750720858,11243.11,5664.815,0.004882812,389.0194,0.005378907
239.77706925808818,0.0005740934532904548,5068.579101551176,11098.27,6004.486,0.004855469,372.9972,0.005324219
230.9002713542105,0.0006834224996389384,4823.9795851147355,11168.13,6258.919,0.00478125,373.6381,0.005322266
222.26876460372833,0.0006352988293608748,5653.01487569352,11232.21,5586.626,0.004841797,355.6932,0.00534375
224.78722195383227,0.000579869489811587,5363.784165520219,11193.12,5875.027,0.004855469,366.5883,0.005351563
227.6268135933202,0.0004573147018557957,5470.3357644480175,11286.05,5827.601,0.004855469,391.583,0.005410157
209.0417018122602,0.0006001797223202955,4721.798826083099,11021.36,6278.786,0.004857422,360.8203,0.005375
233.0412158127665,0.0006294150179279676,5446.9994082205485,11170.05,5789.147,0.004826172,374.279,0.005333985
248.90855773879588,0.0008755288669361008,5022.010739471072,11168.13,6181.371,0.004666016,381.3288,0.005169922
237.90778654716948,0.0005494195837119157,5016.627796885113,11088.66,6086.52,0.004794922,389.0194,0.005275391
229.4636316434985,0.0005623042423108397,5375.838206444369,11152.1,5778.252,0.004914063,374.279,0.005435547
214.25450402278906,0.0019053913847244597,5567.580029729152,11191.84,5603.931,0.004734375,347.3617,0.005275391
231.77728024554213,0.0017438605630122966,4872.776110072562,10935.48,6033.326,0.004765625,392.2239,0.005279297
242.44784216143609,0.0005932758703941714,5135.518128791131,11042.51,5874.386,0.004841797,391.583,0.005300782
249.43814801093075,0.0006590778496428476,4989.670542626141,11155.95,6128.818,0.004841797,394.1465,0.005302735
249.97503310501256,0.0008032055949781709,5291.580874775804,11221.96,5951.292,0.004669922,365.9474,0.005132813
244.25369077665425,0.0018610762059455069,5085.575997188031,11130.31,6023.712,0.004654297,387.0968,0.005132813
217.62936189600225,0.0006070436549257516,5428.593134849424,11089.94,5645.588,0.004914063,388.3785,0.005382813
236.69350808594206,0.0006712819832286887,5146.696723539263,11107.88,5976.928,0.004841797,387.0968,0.005337891
204.67870855187974,0.0006801669666073411,4669.712286441306,11039.31,6277.504,0.004830078,372.9972,0.005333985
224.6440662938257,0.000601981047085879,5663.700240555198,11301.43,5595.599,0.004925781,372.3563,0.005419922
232.14664961443825,0.00044318698099081867,5317.347070382642,11202.73,5889.767,0.004960938,360.1794,0.005464844
238.12081781314484,0.002027400539714107,5013.0773034737,11001.5,5970.519,0.004472657,394.7874,0.004990235
223.59869660068387,0.0004434541558769416,4792.69240135502,11035.46,6244.178,0.004888672,383.2514,0.005357422
234.71331595908012,0.0008307772023902529,5594.264109129164,11222.6,5646.229,0.004609375,379.4061,0.005115235
238.2308433145389,0.0007944443743797193,5607.796919242249,11272.59,5682.76,0.004859375,378.1243,0.005332031
218.19677896131518,0.0006163520197331397,4782.223801678542,11024.57,6225.593,0.004867188,369.7928,0.00534961
245.0101155715743,0.00035515061232519845,5154.334056881179,11079.04,5953.215,0.004931641,373.6381,0.005416016
233.63101617160572,0.0006497365281707776,4917.57551052902,11158.51,6226.233,0.004824219,390.9421,0.005345704
237.1167292361071,0.0005906273800751743,5436.413694748582,11246.32,5836.573,0.004871094,403.119,0.005332031
232.8805490882868,0.0006322534828946329,4813.593439269797,10862.42,6149.327,0.004873047,386.4559,0.005322266
238.1122585640691,0.0006255452096365165,5022.622167330439,11134.8,6105.746,0.004916016,387.7377,0.005404297
217.51973932531462,0.0005260613539187435,5183.208033827174,11175.18,5978.851,0.004900391,375.5608,0.005408203
219.6109224432016,0.0007645799336307048,5377.302642738527,11265.54,5861.568,0.004808594,366.5883,0.005314454
229.54696200361846,0.0006767426318376394,5585.949833984052,11200.81,5603.931,0.00478711,385.815,0.005271485
244.0372626956602,0.0006522617651807018,5162.284347919483,11211.07,6040.375,0.004841797,385.815,0.005361328
229.05147293598435,0.0006344911520129906,4898.3413718812335,11113.01,6014.74,0.004869141,378.1243,0.0053125
210.4436797826606,0.0006987680843513777,4300.203026766234,10832.94,6464.003,0.004765625,372.3563,0.00522461
229.46626991991323,0.0008672807955695528,5135.935247715145,11115.57,5955.138,0.004658204,379.4061,0.005132813
248.9453567251789,0.000664148517795792,4903.374994010325,11121.98,6178.808,0.004800782,392.2239,0.005287109
216.29791604891733,0.0004674805745107633,4967.868433007649,10913.69,6099.337,0.00491211,369.1519,0.005382813
233.85067980358087,0.0006282058009279792,5725.584310295123,11169.41,5459.09,0.00491211,392.2239,0.005419922
250.3226083146351,0.0005987087303275888,5123.008249947604,11190.56,6088.442,0.004882812,396.0692,0.005392578
252.11718627950768,0.0005122918399219447,5415.157952466595,11245.03,5841.701,0.004947266,415.9368,0.005453125
217.02527756918616,0.000589682161280923,5664.9117141115685,11125.83,5479.598,0.004910157,382.6105,0.005423828
246.66686422569336,0.0006106830974995713,5949.536237590659,11420.0,5416.791,0.004845703,393.5057,0.005363281
253.39101223159355,0.000529995700098521,5772.697027018269,11355.91,5595.599,0.004914063,373.6381,0.005425781
210.87533129922608,0.0020022528975057645,5383.663574626748,11042.51,5640.461,0.004472657,369.7928,0.005126954
238.59308741017566,0.0007154309672725234,5348.071980089268,11148.9,5807.092,0.004796875,378.1243,0.005304688
241.89877426176153,0.0008915243232481554,5424.500935987263,11222.6,5834.65,0.004621094,416.5776,0.00515625
234.44845253201197,0.0005311055447717886,4852.024555063503,11018.16,6158.299,0.004820313,396.7101,0.005333985
223.73021640838203,0.0006372925759806038,4705.916597201193,11049.56,6422.986,0.004794922,388.3785,0.005251953
227.12878979897428,0.0005891887854892926,5684.823647687559,11163.64,5482.803,0.004927734,387.0968,0.005408203
247.24522543711652,0.0008578758128336248,4583.766348346774,11001.5,6480.025,0.004650391,395.4283,0.005101563
254.48420244025024,0.0004103422273119549,5171.854872820708,11126.47,5948.088,0.004871094,375.5608,0.00534961
237.2063648995287,0.0005337607732270673,4384.700850604188,10980.99,6412.732,0.004914063,388.3785,0.005376953
224.88420955288845,0.0005230858531557326,5258.643465970848,11195.04,5934.629,0.004945313,366.5883,0.005447266
246.22545585407306,0.0005587174097939129,5363.837330015023,11243.11,5892.972,0.004853516,387.0968,0.005361328
219.6128478359293,0.0007149719791741717,5674.624837355921,11295.66,5605.853,0.004869141,373.6381,0.00534375
230.11777812642043,0.0005462842534691009,4946.9617831154155,11095.71,6140.996,0.004888672,367.2292,0.00534375
233.08351110579085,0.0006333205192574617,5232.396545431043,11148.26,5933.347,0.004828125,396.7101,0.005332031
249.62976218600014,0.0006725455940060433,5726.67335161568,11300.79,5579.577,0.004824219,422.9865,0.005375
218.816337364312,0.00048687502663986946,6092.14897579804,11420.0,5344.371,0.00494336,387.0968,0.005472656
249.3822434405489,0.0004977801388413968,5781.447766454226,11315.53,5573.168,0.004929688,379.4061,0.005441406
247.30775947209113,0.0006014330069905703,5522.463764313338,11219.4,5705.191,0.004941407,360.1794,0.00544336
246.45776626907536,0.0005186354179148615,5041.737986781706,11180.3,6154.454,0.00494336,367.8701,0.005402344
232.25608438709105,0.000541652072622286,5629.677404078425,11209.14,5580.218,0.00496875,384.5332,0.005445313
243.59592772533367,0.0007631029566405713,5652.668678074126,11179.66,5562.273,0.004751953,401.8372,0.005285156
227.05485381397546,0.001941305873209078,5302.903028214939,11161.72,5894.894,0.004460938,373.6381,0.005064453
240.61448809910837,0.001967090589441253,4896.215905941256,11035.46,6129.459,0.004613282,360.1794,0.005083985
232.46612235953677,0.0005280860046619421,5059.156484144676,11111.09,6040.375,0.004916016,381.3288,0.005396485
253.29443260134477,0.000730369364021243,5390.491060066297,11222.6,5842.982,0.004826172,366.5883,0.005283203
238.53832623446496,0.0005236120311238551,5889.243779866417,11221.32,5332.835,0.004958984,384.5332,0.0054375
236.70619199856057,0.0004688195580232311,5139.555547037801,11118.14,5999.359,0.004841797,385.815,0.005316406
228.07815273353245,0.0006068147670163564,5324.1387980018035,11205.3,5851.313,0.004884766,403.7599,0.005384766
243.12952782079716,0.000702546659904362,4838.251691555988,11026.49,6223.67,0.004765625,400.5554,0.005328125
245.84230021660306,0.0019131354105337297,4923.458153263939,11112.37,6267.892,0.004640625,394.1465,0.005074219
243.35543200523023,0.0006286376488451402,5242.145079306359,11171.33,5935.911,0.00494336,376.2017,0.005419922
244.4307467208028,0.0007410030132004502,5418.758873404363,11068.79,5745.567,0.0048125,385.1741,0.005271485
237.33059955751423,0.000673644019730363,4615.98677994285,11011.11,6414.014,0.00484375,399.2737,0.005335938
225.02104516552163,0.0016603972359425844,5201.543669281039,11216.19,6037.812,0.004710938,380.047,0.005183594
235.28726620110098,0.000491242500844356,5611.445009238081,11264.26,5680.196,0.004931641,376.8426,0.005453125
223.60952888498423,0.0006018890983123476,5970.057347784201,11296.3,5414.868,0.004923828,376.2017,0.005423828
259.8433942727041,0.0008295751727273097,5164.036064409135,11113.01,5930.784,0.004669922,377.4834,0.005185547
233.17103396334403,0.001992911129979366,5310.790846740023,11209.78,5902.584,0.004472657,374.9199,0.004988282
245.42305495235286,0.0007970527507149668,5865.072653183322,11282.21,5471.908,0.004775391,385.1741,0.005306641
241.35525573303133,0.0006189210012611367,5410.767432352357,11278.36,5871.181,0.004871094,419.1412,0.00538086
237.23236120602743,0.00048737004598122153,5693.735087943832,11232.86,5543.046,0.004945313,380.047,0.005431641
242.35684796098562,0.000647221116590758,4924.365636824914,11007.9,6092.929,0.004810547,376.2017,0.005296875
242.92245162218236,0.0006990061082542031,5418.413385271858,11268.1,5874.386,0.004810547,387.7377,0.005304688
221.48755734152797,0.0018505080356635557,4888.93702760525,11007.26,6152.531,0.004615235,392.2239,0.005125
241.283364788192,0.0019189411258594498,5719.366376339804,11226.45,5589.19,0.00447461,397.351,0.005001953
235.9941321222141,0.00073986382294032,5219.702430604729,11189.28,5989.105,0.0048125,380.047,0.005292969
222.49221629271497,0.0009107632916207812,5190.244006942379,11272.59,6023.712,0.004666016,368.511,0.005212891
260.2859709634729,0.0007355096381503773,4755.121663318871,11055.33,6258.919,0.004722657,394.7874,0.005273438
231.1492062159211,0.000683558460567986,5376.431947802236,11206.58,5817.987,0.004779297,376.8426,0.005347657
236.60324367414574,0.00047686332914069105,5330.1356480153945,11246.96,5940.397,0.004958984,385.815,0.005464844
234.26548680818166,0.0018623383934126328,5162.195108353901,11105.96,5971.16,0.004638672,393.5057,0.005183594
241.35277789447508,0.0007064593822642794,5936.172802491569,11407.82,5431.531,0.004839844,375.5608,0.005388672
250.2004447579655,0.0006201065707530506,5501.974972422414,11237.98,5728.263,0.004853516,385.815,0.005363281
214.78042045563205,0.0004353485144585551,5529.015923521033,11120.06,5614.826,0.004962891,369.7928,0.005464844
224.81828617367376,0.0008654360609913167,5568.677152980992,11262.98,5732.108,0.004658204,377.4834,0.00525
224.42714090946362,0.0005608738565681663,5003.826728619694,11143.13,6122.409,0.004871094,405.0416,0.005359375
247.92212176917437,0.0005003023222938154,5333.685190595285,11116.21,5848.109,0.004947266,396.0692,0.005421875
232.22877691104284,0.0006386171875029048,4814.820321005033,10902.8,6135.868,0.004902344,366.5883,0.005417969
233.47401832054123,0.0006715820626586419,4917.142133836657,11024.57,6091.647,0.004855469,366.5883,0.005326172
240.15939191918363,0.0006569662765966698,5607.160839767551,11254.01,5628.285,0.004828125,394.1465,0.005333985
230.626895347167,0.0007179782950841863,5371.754924197794,11086.09,5645.588,0.004798828,379.4061,0.005228516
225.3601143838561,0.0017833050564738412,5373.308431574954,11120.7,5775.688,0.004691407,367.2292,0.005253906
260.33522048829013,0.0005198088732673653,5730.31752531763,11251.44,5508.438,0.004947266,386.4559,0.005417969
222.22725735666899,0.0006566776206048359,5221.430688914906,11020.08,5772.484,0.004794922,408.887,0.005316406
232.6647665962532,0.0017157495352404933,5174.17845782211,11171.33,5993.591,0.004689453,387.7377,0.005234375
244.9199431077098,0.0006537525528063732,5175.132537403133,11155.31,5962.187,0.004841797,373.6381,0.005330078
251.30976571862772,0.00046539732935937115,4947.34543396389,11134.8,6260.841,0.004837891,394.7874,0.005332031
257.3977503754779,0.0005838040291820846,5204.753521530061,11162.36,5978.209,0.004902344,380.047,0.005392578
252.01670553797078,0.0007187499763386504,5698.145216745805,11314.25,5595.599,0.004841797,385.1741,0.005333985
215.37932060721337,0.0004757350916570725,5088.363892172081,11169.41,6014.1,0.004960938,368.511,0.005435547
238.3797996077155,0.000824252907732861,5740.40220368123,11302.07,5541.764,0.004796875,393.5057,0.005287109
231.36027360729423,0.0005444796393527388,4775.987648603068,10921.38,6153.813,0.00484375,364.0247,0.005347657
240.72180564925904,0.000587629852487374,5217.704884399561,11183.51,5956.419,0.004826172,406.9643,0.005351563
234.41578940360387,0.00038941778796803975,5582.696286180579,11157.87,5579.577,0.004957031,379.4061,0.005449219
252.2844155949544,0.0006845353298309472,4871.813789213906,11082.89,6194.83,0.004798828,380.6879,0.005271485
246.29485749347523,0.0006602612133388997,5957.164857160605,11345.65,5362.957,0.004853516,371.0746,0.005400391
245.96581828019183,0.00043590003538805265,4548.784854453353,10961.76,6397.992,0.004931641,369.1519,0.00540625
226.55585586151696,0.0005667681442459848,4582.830735901779,11043.15,6417.859,0.004933594,404.4008,0.005404297
255.7401992851217,0.0006987921391861664,4777.084104563375,11029.69,6287.759,0.004621094,371.7154,0.005134766
237.402832251091,0.0007575527142799479,5449.351589181622,11138.65,5776.33,0.004960938,394.7874,0.005447266
235.97250223074525,0.0006039910136869435,5851.012083661764,11278.36,5430.891,0.00497461,396.0692,0.005451172
220.71068568865533,0.0005353027414435188,5315.902362773049,11249.52,5923.734,0.004882812,362.743,0.00534375
213.46071176657676,0.0005981556325111756,5382.143168056932,11137.36,5745.567,0.004927734,361.4612,0.005373047
238.38222766094904,0.0006465870910734174,5461.865860251129,11284.77,5769.921,0.004841797,379.4061,0.005369141
247.60059111538925,0.0005335959240824182,5223.622914906468,11185.43,5928.861,0.004798828,399.9145,0.005304688
246.1577303916848,0.0005816598660794721,5464.109680879574,11240.55,5788.506,0.004927734,365.9474,0.005441406
229.8840005828447,0.0005432111189864809,5367.7679512577615,11168.13,5812.22,0.004958984,403.7599,0.005447266
220.3550021608071,0.0005551614749688019,5730.439659688149,11352.06,5611.622,0.00491211,372.3563,0.005394531
240.82486806138132,0.0006334943221461022,4871.22894595272,11020.08,6127.537,0.004828125,382.6105,0.005316406
222.20475345527484,0.00045875228288932214,5734.59271513375,11259.77,5505.234,0.004958984,366.5883,0.0054375
212.11698465550322,0.0006780763710166432,4597.883942748523,10968.81,6469.13,0.004783203,367.2292,0.005289063
253.95432261909448,0.0004883096391231453,5911.890645780313,11320.66,5324.503,0.004947266,360.8203,0.00546875
251.90299484848188,0.0006628186008941113,5085.0948426186615,11139.29,6066.011,0.004792969,376.8426,0.005289063
238.32438335548719,0.0005704110711912987,5372.115153876201,11239.26,5939.756,0.004857422,391.583,0.005351563
236.98329182996716,0.0018556730807491452,5256.984791444088,11128.39,5891.69,0.004492188,399.9145,0.005017578
241.4768256143517,0.0006309387641443442,5461.579403938813,11226.45,5782.098,0.00491211,372.9972,0.0054375
226.9069056661554,0.0018358256900995358,5240.274905965811,11164.92,5884.64,0.004689453,381.3288,0.005166016
225.250392326327,0.0006098867635233456,5678.2682114035215,11221.32,5589.831,0.004855469,387.7377,0.005384766
235.22509726745648,0.0008250574420689407,5686.643208143386,11312.33,5774.407,0.004683594,390.9421,0.005216797
255.2028504942263,0.0008095610960775528,4252.008948375734,10963.04,6369.792,0.004619141,410.1688,0.005164063
213.40210207510515,0.0005366373587548239,5158.110652928981,11143.77,5970.519,0.004916016,365.3065,0.005394531
228.11026800198798,0.0005608091762208757,5501.737118692937,11183.51,5651.997,0.004945313,376.2017,0.005453125
244.1649183151693,0.0006189422650259246,5422.58615038558,11210.42,5819.91,0.004886719,370.4337,0.00540625
235.57325129897617,0.0008502249191751468,5977.884192542907,11260.41,5349.498,0.004744141,364.6656,0.005242188
202.6603590066663,0.0007789301809465915,6174.849459937054,11287.33,5282.205,0.004796875,374.279,0.005328125
217.25613163634222,0.000675632015830701,4759.058002382896,10978.42,6228.797,0.00478125,389.6603,0.00525
231.276363259849,0.00043962032418788806,5635.362687146782,11248.24,5619.953,0.004988282,378.1243,0.005451172
239.91281866598044,0.00047986297004906176,5574.159466286,11263.62,5688.528,0.004896485,378.7652,0.005408203
238.0863632124513,0.0018105240677960442,4787.272909911803,11064.94,6242.256,0.004619141,373.6381,0.005181641
255.8512655056673,0.0005788725304243975,5396.143801931628,11177.1,5795.557,0.004916016,386.4559,0.005357422
241.39933365358434,0.0008540415683211261,4961.034271451368,11031.62,5994.873,0.004658204,380.047,0.005183594
235.0884540154959,0.000595248179617128,4908.613348621808,11123.26,6149.327,0.004689453,387.7377,0.005246094
226.99366143140708,0.00046083943421952877,5626.57796039952,11365.52,5692.373,0.004900391,389.0194,0.00540625
246.2751172697578,0.0005041861533928719,5692.018216765369,11303.99,5623.158,0.00491211,363.3839,0.005439453
245.34308184365713,0.0006401823612713332,4875.308928374783,11110.45,6197.394,0.00475,388.3785,0.005210938
232.83802238538482,0.0004984348065177504,5619.53568209935,11236.06,5615.467,0.004931641,386.4559,0.005433594
206.08579052445634,0.0005793002267433482,5113.444744607635,11111.09,6024.994,0.004900391,367.2292,0.005353516
240.8049898202616,0.0006242667634752327,5402.908469128645,11204.66,5793.633,0.004857422,378.1243,0.005326172
213.8575403834758,0.0006108732651071456,5411.968490414815,11061.74,5659.047,0.004927734,379.4061,0.005390625
228.08114323192854,0.0019775509331596067,5429.179785685633,11202.73,5747.49,0.004431641,389.0194,0.005003906
233.61489179940875,0.0004561252154969548,5121.681426222452,11095.07,5985.26,0.004947266,409.5279,0.005451172
213.75224593404556,0.0007650218103297605,5146.024932370246,11089.94,5980.132,0.004708984,378.1243,0.005183594
230.52212892402122,0.0006863233529460427,5188.651642004595,11079.04,5926.298,0.004796875,390.3012,0.005275391
220.88208543864258,0.0007004879265574061,5777.222626179941,11312.33,5549.455,0.004824219,375.5608,0.005306641
262.7577185741995,0.000557972142027006,5513.43545390204,11177.74,5646.229,0.004929688,419.1412,0.005435547
215.28482331682577,0.0005044719763550151,5417.710996195791,11061.74,5671.865,0.004841797,365.9474,0.005332031
222.49127924194843,0.000856368483500865,5820.9854375598,11320.66,5512.283,0.0046875,381.9697,0.005230469
235.94355617885776,0.0007270183695405061,5614.670865325413,11220.68,5653.92,0.004816406,395.4283,0.00525586
235.70941499303268,0.0018232982378407643,5282.457556381404,11195.68,5899.38,0.004699219,386.4559,0.005175781
256.05989881532366,0.0005822831486594176,5726.423260270143,11186.71,5444.349,0.004869141,384.5332,0.005326172
246.9412709911145,0.0005571802369014843,4999.788626496531,11120.06,6140.354,0.004857422,372.3563,0.005332031
245.32601702848152,0.0006111389441686541,5320.891583054638,11264.26,5908.994,0.004916016,392.8648,0.0054375
235.1443375414767,0.0006397246991535323,5910.6306573163065,11220.68,5328.99,0.004871094,376.8426,0.00538086
263.1216725771722,0.0005427182834134018,5065.221572114578,11038.03,5942.961,0.004785156,381.9697,0.005287109
239.80386789350075,0.000629648812683712,5457.377038376609,11154.67,5739.158,0.004900391,384.5332,0.005359375
237.1699209811587,0.000620707978197131,5278.209958268736,11071.99,5807.092,0.004941407,383.2514,0.005369141
223.98110898538917,0.0005873243690296998,5115.466906760257,11146.34,6008.972,0.004941407,370.4337,0.005421875
232.6295114829326,0.0008727730671207529,5983.90061803398,11418.71,5411.664,0.004486328,375.5608,0.005150391
235.0145746421614,0.001875851654909703,5427.568273349677,11163.0,5762.871,0.004671875,390.3012,0.005197266
232.53199581913648,0.0007840790352105975,4818.378141139276,11115.57,6298.654,0.004625,387.0968,0.005134766
219.62494462799427,0.0005443546246375867,5291.445504415238,11197.61,5916.043,0.004927734,371.0746,0.0054375
247.89682866600313,0.0005891819612988168,5702.90631069452,11324.5,5628.285,0.00491211,394.1465,0.005519532
255.77730516398375,0.0006937997879334165,5353.336206795353,11160.44,5801.965,0.004828125,389.6603,0.005316406
229.75800807552676,0.000774137161604838,5313.288410915045,11138.65,5825.678,0.004751953,379.4061,0.005308594
230.5141592822444,0.0007725430402616571,5108.460724372787,11231.57,6063.448,0.004753906,366.5883,0.005251953
242.42100506836482,0.0006835346219682706,5180.061250409668,11179.66,6027.558,0.004871094,390.9421,0.005328125
251.622127886703,0.000526568540516179,5445.878892933693,11119.42,5642.384,0.004841797,387.7377,0.005322266
235.53392261290375,0.0005194236379349555,4615.6255897035335,10980.35,6315.958,0.004916016,381.3288,0.00540625
240.17268955812276,0.0018643237436284678,5369.076006102118,11138.65,5806.451,0.004716797,415.2959,0.005175781
252.7579796069938,0.000503017728174964,5512.6899567946375,11273.87,5742.362,0.004900391,373.6381,0.005394531
234.02445697039568,0.0005468291638471229,5537.58048290366,11272.59,5716.727,0.004900391,375.5608,0.005439453
246.78976521015812,0.0005187789751265674,5378.130047132381,11202.09,5844.905,0.004931641,399.9145,0.005373047
250.44266880852305,0.0008277248501046646,4773.300903264579,10978.42,6210.852,0.004681641,396.0692,0.005216797
237.45889240888926,0.0005209618038901777,4988.063210742878,10993.8,6016.663,0.004931641,379.4061,0.005388672
215.32143879109,0.0007597737844869327,5382.979845136129,11229.01,5836.573,0.004810547,378.1243,0.005275391
228.58089507009427,0.0006914583183067922,4709.195832430701,10936.13,6307.626,0.004648438,390.9421,0.005166016
237.80852621244563,0.0006416926192517375,5336.640933777442,11193.76,5880.794,0.004871094,378.1243,0.005345704
221.93228219449523,0.0007646761127478622,5319.666450289306,11242.47,5950.652,0.004697266,355.6932,0.005181641
234.11408147131246,0.00046735062780865077,5543.058090373828,11107.88,5582.781,0.004960938,402.4781,0.005451172
238.12160192159422,0.001885985789715777,5631.292643395047,11326.43,5659.688,0.004705078,390.3012,0.005197266
248.60056301160904,0.0006016993870894021,5778.5957342691945,11278.36,5490.493,0.004929688,371.7154,0.005386719
242.14758696947888,0.0007403523191243334,5603.804768133529,11294.38,5712.881,0.00475,396.0692,0.005291016
251.36579768243553,0.000547271309764587,4812.332176326591,11132.24,6255.714,0.004886719,365.9474,0.005345704
226.4550809471487,0.0006019740338912441,4927.262970024261,11168.77,6242.896,0.004882812,358.2568,0.005392578
208.51568475519196,0.0005418793424310138,4956.496380313512,11143.77,6209.57,0.004929688,371.7154,0.005466797
227.04937989048014,0.0005493883053754139,4886.416683854616,11046.36,6197.394,0.004839844,384.5332,0.005314454
259.73156302601006,0.0006829202639981482,4141.4651257956575,10706.04,6685.751,0.004738281,377.4834,0.005228516
248.21556047656156,0.0006169782137894433,5122.255826326902,11175.82,6026.276,0.004947266,385.815,0.005423828
222.33961670167002,0.00070451270717548,5206.041093229053,11020.08,5841.701,0.004828125,372.3563,0.005291016
214.2571248339384,0.0004165899336303526,5312.610254719767,11109.16,5795.557,0.004884766,347.3617,0.005341797
242.34301055175825,0.0018319332178525914,5604.033434008112,11273.87,5738.517,0.004712891,369.7928,0.00522461
244.95097234117313,0.0007396344617791639,5503.92616187462,11066.87,5618.03,0.004683594,377.4834,0.005152344
238.95548307222822,0.0005828702337496726,5714.614356756206,11303.99,5549.455,0.004914063,387.0968,0.00541211
230.68595162309077,0.0005067682272966778,5906.150917322683,11278.36,5424.482,0.004914063,405.0416,0.005421875
245.73613867870046,0.0018393657012254576,5163.907749542387,11154.03,5989.746,0.004658204,385.1741,0.005181641
228.10606955570364,0.0008518658550901097,5649.811414593693,11149.54,5456.526,0.004816406,375.5608,0.005275391
234.16026948567833,0.0004700602987835277,4902.319254614538,11059.82,6157.018,0.004855469,387.7377,0.005298828
243.2525325039824,0.0006769100528263386,4785.168858952558,10940.61,6066.652,0.004767579,388.3785,0.00528125
257.900125141803,0.00033053879566121406,5708.210063047074,11319.38,5669.301,0.004927734,399.9145,0.005441406
249.68270360393637,0.0018565820012300708,5007.75177417507,10977.14,5986.542,0.004669922,389.0194,0.005228516
243.2788082229878,0.000859011536131045,5335.582214543484,11133.52,5748.771,0.004701172,387.0968,0.005179688
248.48496380307694,0.000526289070737038,5453.866774551151,11173.89,5748.771,0.004964844,372.3563,0.00546875
256.64007655144843,0.0005855599572696195,5586.241999863534,11204.66,5589.831,0.004923828,423.6274,0.005392578
227.85981303278837,0.0004794335463549402,5124.86359731377,11139.29,6014.1,0.004900391,346.0799,0.005421875
239.79955145864483,0.0006276378431616799,5461.898255172401,11175.18,5708.396,0.00484375,372.9972,0.005345704
250.4397165980382,0.0006049280058427588,4915.260502645341,11152.75,6194.189,0.004916016,393.5057,0.005435547
235.49274992558054,0.000697157192089869,5264.823710316851,11216.19,5955.138,0.004810547,378.7652,0.005253906
244.42987207189927,0.0008390024864964432,5378.748338779682,11262.34,5891.049,0.004691407,389.6603,0.005214844
245.94746966059145,0.0006643598163250132,5134.726998226375,11075.2,5883.358,0.004648438,392.2239,0.005111328
224.9060421341446,0.0005772546416350556,4907.798806339022,11071.35,6145.481,0.004753906,392.8648,0.005320313
234.09103032481298,0.0018702902813706058,4309.95611103555,10777.83,6472.976,0.004546875,375.5608,0.005042969
236.76211531116712,0.0006778972574099755,5284.2783979003825,11205.94,5926.298,0.004785156,383.2514,0.005277344
234.24341424066895,0.0005910802197971134,5241.304422106456,11132.88,5900.662,0.004923828,380.047,0.00540625
240.40883954855875,0.00047222886578362664,6131.27670713062,11479.6,5235.42,0.004927734,410.8096,0.005519532
235.72850267458642,0.0005540009448054613,4628.084915997166,11026.49,6379.406,0.004917969,394.1465,0.005419922
225.5208435623781,0.000740909633341741,5621.351322770637,11189.28,5557.146,0.004900391,380.047,0.005392578
248.83499098965126,0.0019994490338476243,5245.389956750223,11185.43,5957.701,0.004701172,388.3785,0.005246094
253.27996973403523,0.0005450997192322632,5409.438987810499,11186.71,5767.357,0.004835938,390.3012,0.005289063
230.8236249405517,0.0006881750396952476,5311.597014077722,11038.67,5726.34,0.004796875,379.4061,0.005296875
224.33701944818702,0.0005308231783006062,4894.357061246596,11048.28,6166.631,0.004900391,394.1465,0.005382813
231.23761391602346,0.0006134162705292459,4548.550677770024,10872.68,6265.328,0.00471875,365.3065,0.005226563
237.13484591562826,0.0008458272791648884,5149.334222707066,11111.73,5980.773,0.00466211,366.5883,0.00515625
225.09796231367764,0.0004915850937350315,4715.241881488525,10975.86,6242.896,0.004900391,365.9474,0.005361328
236.21245221848366,0.0007852066733364764,6032.431648650181,11419.35,5378.338,0.004708984,399.9145,0.005261719
251.83367469094347,0.0017598720263044731,5435.73633638132,11159.15,5813.501,0.004658204,390.3012,0.005216797
220.11232048611816,0.0005867449930655066,5193.637182221666,11197.61,5984.619,0.004806641,369.7928,0.00525586
230.65930367069203,0.000724455776758475,5021.383525791654,11075.84,6061.525,0.004773438,387.0968,0.005222656
227.56461754376426,0.0006941168647706656,4886.103427470648,11073.92,6174.322,0.0048125,364.6656,0.0053125
242.76795213863235,0.0005675823000740565,5062.3825353673465,11099.55,6030.122,0.004734375,381.9697,0.005208984
249.33357434150204,0.0006175113886006672,5136.953812599784,11102.11,5960.265,0.004837891,381.9697,0.005376953
251.71816399088885,0.0005118273521088397,5109.536010808462,11137.36,6017.304,0.004914063,387.0968,0.00540625
236.77282763788577,0.0008245690873518362,5214.98470687824,11188.63,5960.265,0.004697266,383.2514,0.005158203
245.03901897819605,0.0007955998193123718,5834.018399336573,11325.14,5467.421,0.004695313,395.4283,0.00521875
225.6792314363937,0.0005667952188473351,5525.548508039298,11220.04,5701.346,0.004902344,365.9474,0.005425781
248.40703338019816,0.0005182863642083878,5194.064875922921,11199.53,6057.68,0.004933594,407.6052,0.005408203
242.17835344236912,0.0005100751126063478,4953.105188910811,11136.08,6227.515,0.004914063,379.4061,0.005392578
232.0646188025272,0.0007377962428815014,5364.638501704803,11272.59,5927.58,0.004837891,366.5883,0.005333985
225.9496178997064,0.0006597880708826895,4854.19694615548,11104.68,6252.51,0.00484375,378.7652,0.005296875
245.69033993117614,0.0006148300079769322,5322.989410057085,11157.87,5827.601,0.004810547,392.2239,0.005279297
240.3569260501717,0.0006073983350967604,5806.156103739706,11341.17,5597.522,0.004886719,372.9972,0.005347657
229.185893124258,0.0004702486179772467,5949.200574103979,11303.99,5325.145,0.004902344,393.5057,0.005451172
236.2878082129137,0.001878402609571192,5278.984832542018,11195.04,5917.966,0.004654297,418.5003,0.00516211
241.43470887339498,0.000602549561197086,5127.660384824579,11072.63,5969.878,0.004798828,390.9421,0.005322266
235.59171273992303,0.0007120509797029841,5295.086074209835,11200.17,5869.258,0.004796875,377.4834,0.005308594
245.7513133736497,0.0006366162557384632,4831.156412775137,11009.83,6201.88,0.004648438,424.2683,0.005146485
244.68856635208502,0.0005242784997270519,6417.255221461587,11517.41,5288.613,0.00497461,376.2017,0.005484375
254.68159695530736,0.0007359391717444895,5107.333775264706,11134.16,6047.426,0.0048125,381.9697,0.00528125
230.71264576384806,0.0006137732353684034,5567.196791145761,11211.07,5627.644,0.004855469,372.9972,0.005353516
218.4008643169941,0.0006551444511709049,6402.844455174968,11562.91,5205.298,0.004828125,373.6381,0.005462891
249.41882077392117,0.0005540761521736636,5204.985063648333,11238.62,6044.862,0.004931641,367.8701,0.0054375
239.3697338678714,0.0006610199334350534,5345.740939673568,11195.04,5824.396,0.004925781,376.2017,0.005386719
240.65584031741233,0.0019566153403513214,5352.527312065444,11141.85,5801.965,0.004644531,367.8701,0.005173828
241.62154440762748,0.000717877104254109,5480.392998302759,11195.04,5696.859,0.004859375,395.4283,0.005335938
251.666333742666,0.0005861131439800467,4902.659804709393,11091.22,6211.493,0.004689453,383.2514,0.005164063
237.02626477814513,0.00048605648271170916,5826.7190127115155,11384.11,5490.493,0.004990235,397.351,0.005498047
249.41766876122162,0.0007352880723306145,4654.5765888321075,10897.03,6296.731,0.004708984,383.2514,0.005220703
219.32384551161138,0.0006060398925590876,5491.795563611608,11104.68,5583.422,0.004914063,370.4337,0.005421875
251.33941069067072,0.0018226293879249598,5430.955220031724,11246.96,5848.75,0.004669922,394.1465,0.005220703
256.43196963814336,0.0006406403173323251,4939.66558027427,11109.16,6221.748,0.004783203,401.1963,0.005267578
230.11881849275423,0.0007104952531153428,5287.245853575303,11233.5,5927.58,0.004798828,373.6381,0.00525586
245.055869444002,0.0006010032364661902,5126.6507792671755,11112.37,5992.95,0.004837891,387.7377,0.005296875
226.28930571111246,0.0005359503601156925,5226.574126141411,11214.27,5965.392,0.004882812,364.6656,0.00540625
248.3206123177301,0.00045981778270389286,5607.090417757811,11267.46,5683.4,0.004945313,371.7154,0.005427734
246.9741227140212,0.0006870917422065858,5664.188676143501,11250.16,5580.859,0.004826172,378.1243,0.005367188
221.0175275093681,0.0006444794030506291,4913.253796279183,11101.47,6123.051,0.004765625,378.1243,0.00521875
223.9562255060801,0.0005836182172112282,5365.008802802432,11193.76,5834.01,0.004873047,390.9421,0.005328125
236.903959720015,0.0005556243327713707,5748.772354517858,11237.98,5495.62,0.00494336,388.3785,0.005421875
245.46877040746702,0.0005094131568289775,5304.918513658008,11187.99,5877.59,0.004914063,393.5057,0.00544336
227.1925146600329,0.0004769329632914812,5374.1893719538775,11280.92,5834.65,0.004958984,362.743,0.005480469
244.96470997327634,0.0007507468367471988,6159.396278053808,11512.28,5191.198,0.004960938,385.1741,0.005519532
237.4965344363256,0.0007127781307086579,5617.294594310758,11269.39,5613.544,0.004855469,364.6656,0.005332031
232.36629700358822,0.0005951947505441878,4833.002679652102,11050.2,6176.885,0.004871094,401.8372,0.005390625
243.6319532861842,0.0006445748858218201,4693.355114929252,10959.2,6340.312,0.004794922,392.2239,0.005285156
244.88412251136208,0.0007756641734908461,5276.75656955221,11174.54,5908.353,0.004679688,392.8648,0.005214844
230.29382219082134,0.0005551012868916506,5460.3217834573,11068.79,5607.776,0.004884766,383.2514,0.005341797
238.47135807448046,0.0005487872874377118,4977.257679781454,11096.35,6141.636,0.004917969,390.9421,0.005404297
235.29836771398283,0.00059608937845679,5503.028133994553,11202.73,5646.229,0.004898438,389.6603,0.005359375
214.97450475771905,0.0005634807584242999,5651.844780291709,11152.1,5522.538,0.004826172,403.7599,0.005300782
234.6014193850458,0.0005771324917579275,5807.750843258816,11371.29,5552.66,0.004853516,390.9421,0.005310547
226.51472628408376,0.0007968519674173534,5409.17774275979,11241.83,5827.601,0.004697266,358.2568,0.005164063
240.82617776089882,0.000664843237927557,5017.236654087573,11113.65,6102.542,0.004783203,372.3563,0.005285156
245.9830704451089,0.0006589649663889947,5494.736585859634,11154.67,5618.03,0.004841797,372.9972,0.005333985
234.5083759994622,0.0006389948988181701,4935.074588658023,11068.79,6152.531,0.004796875,390.9421,0.005308594
243.69462962815538,0.0018295641666768126,5477.6336069808385,11216.19,5709.036,0.004691407,365.9474,0.005246094
245.87595983109742,0.0006372770105517564,5208.051015708797,11130.31,5899.38,0.004681641,380.6879,0.005167969
234.89096847846963,0.0004995631077998228,5321.52127302445,11229.65,5943.602,0.004929688,381.3288,0.005453125
233.37185827736423,0.0006087408057342769,6064.533084320479,11436.66,5329.63,0.004853516,364.6656,0.005373047
242.3100967745956,0.0006166729543948182,5332.823128175382,11144.41,5798.12,0.004855469,383.2514,0.005316406
253.6198975169973,0.0005371772883155957,5258.561466999164,11150.82,5855.159,0.004914063,386.4559,0.005355469
249.69481436363827,0.0006166741659909369,5565.421052316337,11289.25,5759.667,0.004949219,373.6381,0.005455079
230.0773455824915,0.0005416690168277664,5331.140093917565,11132.24,5775.688,0.00494336,373.6381,0.005429688
222.22827537892525,0.0006740823886390894,5132.59200079309,11167.49,6023.072,0.004814453,402.4781,0.005253906
237.9014413781959,0.0005301583875588483,4290.861173306616,10891.26,6557.573,0.004902344,391.583,0.005417969
243.34336915911558,0.0005777082546250458,5281.560958992074,11196.33,5921.812,0.004914063,375.5608,0.005410157
225.7721389584642,0.0006457344867564398,5645.251775841012,11299.51,5659.688,0.004855469,359.5385,0.005369141
261.1699264668688,0.000599944387109171,4901.4312259922135,11017.52,6117.282,0.00471875,380.6879,0.005210938
238.77944900225856,0.0005057744027784055,5473.137534543477,11212.99,5700.705,0.004900391,381.3288,0.005408203
256.9572618575491,0.0005389985482456617,5459.98792551456,11128.39,5642.384,0.004898438,390.3012,0.005357422
227.53917090342247,0.0006459254488357013,4777.455924960195,11059.18,6323.008,0.00484375,384.5332,0.005347657
224.9837924082821,0.0004601357690472529,5642.272898134192,11173.89,5502.67,0.004914063,364.6656,0.005390625
223.7546586787147,0.0019458893604246328,5675.198858561423,11244.39,5588.549,0.004669922,395.4283,0.005195313
251.8187848377033,0.0005463149140029685,6243.647371185608,11424.48,5207.221,0.004873047,394.1465,0.005386719
215.47412961707425,0.0005561279197924188,5218.94360687859,11025.21,5779.534,0.004882812,377.4834,0.005390625
237.44839819298363,0.0007432022045089588,5867.944916623609,11374.49,5466.781,0.004900391,372.9972,0.005466797
233.78311722918485,0.0019109837012452303,5036.240666876582,11084.81,6075.625,0.004611328,403.119,0.005181641
209.7994307771551,0.0005799569737059939,5304.906245418904,11181.58,5885.281,0.004927734,364.6656,0.005390625
246.84708171279775,0.000711965929448625,5527.6599654238835,11237.98,5748.131,0.004837891,392.2239,0.005304688
244.19117406165898,0.0007798291704511943,5112.076171909127,11129.67,5989.746,0.004751953,408.887,0.005269532
237.49389514645495,0.000681657510302609,5808.1812915121345,11289.25,5487.93,0.004857422,381.9697,0.005373047
236.35855585207526,0.0006052921045297111,5036.063220201369,11009.83,5921.812,0.004929688,364.6656,0.005435547
230.52919559698134,0.0018947547935267489,4688.91233215933,10997.65,6310.831,0.004634766,390.3012,0.005138672
227.76208059744826,0.000589705988747755,5175.349832129868,11042.51,5826.96,0.004917969,362.743,0.005408203
226.18115823713546,0.0007473918039209593,5370.99821935185,11056.61,5737.876,0.004701172,366.5883,0.005199219
215.21222230033337,0.0019529664327242152,5600.116936159487,11055.33,5539.842,0.004464844,379.4061,0.0050625
223.1647687412947,0.0006482420749243385,5740.976112927924,11279.0,5627.003,0.004900391,405.0416,0.005423828
245.15940690377496,0.0006451194594598297,5710.708716707458,11270.03,5576.373,0.004914063,384.5332,0.005423828
241.421991696363,0.0007294411751831564,5328.9809028162435,11136.08,5844.905,0.004859375,383.2514,0.005328125
235.9368070460549,0.0007713468747117654,5859.14543077731,11220.68,5336.039,0.004775391,397.351,0.005316406
235.37663262744346,0.0017979870448247327,5356.629591475034,11341.17,5648.152,0.004703125,393.5057,0.005296875
228.26159911423167,0.0006424306963125056,5283.56195479796,11245.67,5923.734,0.004857422,378.7652,0.005367188
214.15082342437475,0.0005445768812739686,4889.478431707,11028.41,6167.913,0.004921875,410.8096,0.005416016
244.97703140577016,0.0006194882114468546,5521.585991513602,11295.66,5795.557,0.004869141,365.3065,0.005398438
255.98173988325442,0.00047195346846817674,5448.403242713782,11168.77,5705.832,0.004947266,390.9421,0.005464844
240.3685334796945,0.0006670410057686109,5725.836569458023,11304.63,5525.742,0.004857422,410.8096,0.005369141
252.06200373091048,0.0006132326865984665,5273.176530955068,11221.96,5925.657,0.004871094,392.2239,0.00540625
230.95832875022543,0.0006777590585913487,5936.100257477836,11293.74,5397.564,0.004830078,378.1243,0.005335938
236.97009311635347,0.0005482615461785569,5264.967108052294,11082.89,5814.142,0.00475586,383.2514,0.005238282
240.1498571587274,0.0005364663341333517,5402.8148681349085,11254.65,5817.987,0.004916016,372.3563,0.005416016
230.4013641030907,0.0018163999660209265,5758.330930410224,11291.82,5532.792,0.004732422,372.3563,0.00525586
239.1771284158167,0.0005889736242087727,5413.356398513589,11296.94,5874.386,0.004869141,384.5332,0.005384766
208.90167085566844,0.0006093496279320802,5199.138964813602,11080.96,5905.79,0.00471875,362.743,0.005263672
232.5655615477309,0.002001653082591914,5011.668459031324,11047.64,6048.708,0.004429688,400.5554,0.005111328
220.62743807892116,0.0019787315032573174,5137.881937225034,11164.92,6010.254,0.004625,377.4834,0.005169922
244.4217842322229,0.0006226772020964764,5963.417709175624,11409.74,5366.161,0.004871094,392.8648,0.005554688
219.2126943723996,0.0018519130896132788,4936.58215894771,11008.54,6107.028,0.004667969,353.1297,0.005167969
232.93907765110464,0.00060480859575877,5793.657289618208,11320.66,5494.979,0.004886719,390.3012,0.005378907
245.58295334651712,0.0005875024483790614,5154.636945123347,11178.38,6013.458,0.004917969,386.4559,0.005408203
253.08734112462278,0.001904869984638938,5468.339309823834,11128.39,5615.467,0.004625,380.047,0.005111328
235.17099050392193,0.0006024630180338726,5515.7415635654315,11219.4,5675.069,0.004900391,372.3563,0.005355469
231.4673736427701,0.0006613296197568336,5160.03959628543,11114.93,5946.165,0.004828125,396.0692,0.005292969
237.35074056257343,0.0006708801440379956,5461.958757126843,11263.62,5782.098,0.004814453,370.4337,0.005367188
240.0750470990461,0.00063280838821889,5296.14093753029,11185.43,5892.331,0.004828125,371.0746,0.005318359
235.71189899719857,0.0007733568695083166,5454.053023975594,11216.19,5774.407,0.004960938,371.7154,0.005441406
230.63167393816238,0.0004686494522210687,5440.8038707185315,11166.84,5621.234,0.004855469,375.5608,0.005333985
256.6936488250762,0.0005006319999586582,5330.304772086757,11169.41,5824.396,0.004927734,397.351,0.005423828
259.80139289848904,0.0007912424067924547,5276.684533398831,11146.34,5834.65,0.004826172,374.9199,0.005302735
247.32621815659212,0.000573327020262068,5106.258197003894,11231.57,6133.945,0.004882812,362.743,0.005425781
216.2560349074867,0.0018496982039045303,5510.626776245694,11220.68,5693.655,0.004683594,383.8923,0.005199219
241.19872888334564,0.000550219383203242,5250.061300273111,11179.66,5944.243,0.004919922,362.1021,0.005425781
228.67223731765532,0.0007095079500722789,5136.714724599901,11158.51,6035.89,0.004826172,356.3341,0.005302735
222.94898418679432,0.00045956989728286656,5342.974271371012,11023.29,5710.959,0.00494336,393.5057,0.005355469
228.49253692300738,0.0006288009178588348,5661.994069205906,11201.45,5461.653,0.004925781,396.0692,0.005453125
248.5806083204378,0.0005180311050182811,4575.891101993793,10918.82,6239.051,0.004873047,382.6105,0.005341797
231.76282866002103,0.0019243790756168712,5206.890097292017,11022.64,5853.236,0.004435547,366.5883,0.004957031
226.119242709378,0.00046970533608926325,4410.535131628611,10890.62,6526.81,0.004958984,389.0194,0.00540625
228.37329336567262,0.0006115759090753205,5785.052857030049,11257.21,5469.344,0.004871094,383.8923,0.00534961
231.9241115026842,0.0005113453644910306,5232.811221423635,11161.08,5930.784,0.004855469,362.1021,0.005289063
209.90327853294852,0.0007216016887468314,5184.409288734528,11118.78,5955.138,0.004818359,355.0523,0.005373047
256.57332748456355,0.0005946992342194192,5769.376052300432,11297.59,5459.09,0.004929688,397.9919,0.00540625
229.72525115948065,0.0004794827455046837,5085.389468038453,11119.42,6061.525,0.004960938,406.3234,0.005464844
243.1071466785368,0.0003355588471231018,5661.298824030712,11187.35,5442.427,0.004962891,374.279,0.005460938
225.72679381165852,0.000539279269054866,5034.066563410098,11160.44,6132.664,0.004867188,403.7599,0.005326172
249.3179613458188,0.001859415366807356,5421.096673480617,11227.73,5841.701,0.004685547,374.279,0.005253906
235.48559742905118,0.000645783084544134,6144.39682168331,11414.23,5257.21,0.004794922,365.9474,0.005337891
242.84471389392323,0.000499252989928425,4724.006696058417,11059.18,6343.516,0.00484375,383.8923,0.005335938
248.97175390857245,0.0005328614988703655,5122.720846343176,11167.49,6055.757,0.0048125,402.4781,0.005273438
250.3049238788483,0.0006495664230987224,5762.723702254473,11261.7,5543.687,0.004855469,389.0194,0.005359375
218.86023257160937,0.001840363679461384,5388.3804298715695,11167.49,5775.048,0.004703125,383.8923,0.005201172
250.0899174240005,0.0005114789927088016,5287.7772771234895,11146.34,5851.313,0.004925781,377.4834,0.005388672
248.33946295503728,0.0007048210803017985,4438.666082876097,10792.57,6420.423,0.004722657,363.3839,0.005259766
241.35768256190576,0.0018737344058989821,5349.532038360768,11177.1,5846.187,0.004730469,382.6105,0.005207031
240.5120863622693,0.0006117556437565319,5599.126753938608,11245.67,5680.196,0.00491211,406.9643,0.005388672
259.8138947227922,0.0005739279014885671,5218.7899432576105,11159.79,5944.883,0.004855469,392.8648,0.005328125
243.48545761023448,0.00046358548471620617,5710.678283794771,11279.0,5558.427,0.004976563,387.0968,0.005464844
238.40277208072183,0.0006134979786580047,4689.452491342344,11070.07,6390.301,0.004705078,370.4337,0.005197266
215.54753539421597,0.0005677868622888589,4684.593764191004,11030.33,6345.439,0.004736328,365.9474,0.005181641
230.29394807610518,0.0006431294925622761,5543.492236495026,11266.82,5683.4,0.004824219,380.6879,0.005326172
227.4720657386895,0.0006239030629620083,4711.049894099141,11046.36,6333.262,0.004796875,355.0523,0.005222656
237.41986005385246,0.0018061912865913455,5249.013584946175,11163.64,5887.845,0.004701172,376.2017,0.005216797
245.33635072408308,0.00059613353792554,5345.127560295893,11065.58,5745.567,0.004857422,374.279,0.005310547
216.67226620465524,0.00050060453814855,5356.453800176982,11188.63,5801.324,0.004958984,390.3012,0.005453125
242.82582021181457,0.0006150218745774037,5247.644965497092,11141.85,5896.817,0.004675781,396.7101,0.00519336
237.66484114363632,0.0004947422552248427,4138.759073878133,10632.34,6582.568,0.004884766,380.047,0.005384766
253.05630010354685,0.0005806850770596785,5177.7376686680045,11180.94,6030.763,0.004853516,389.0194,0.005292969
207.95426555817244,0.0006107719193127899,5302.931954674605,11169.41,5849.391,0.004947266,378.1243,0.005451172
225.38009474699007,0.0005441168557794845,5882.6276805209345,11252.08,5351.42,0.004929688,368.511,0.005453125
235.4130047203826,0.0018315519970779246,4923.618129395604,11084.81,6157.018,0.004716797,386.4559,0.005230469
250.5769556232766,0.000712386949704438,5027.765213375578,11155.95,6138.432,0.004871094,380.047,0.005308594
244.43148613889215,0.0006391239168333274,5732.110508756247,11253.36,5487.93,0.004914063,398.6328,0.005396485
223.72726016509122,0.0004173569877088884,5260.006088353704,11181.58,5908.353,0.004914063,367.8701,0.005359375
230.2970945491031,0.000608187084669207,5213.309221228989,11202.09,5982.055,0.004857422,375.5608,0.00534375
236.1048750807176,0.0007187993548826709,5015.570682636077,11099.55,6107.028,0.004808594,373.6381,0.005285156
241.07263736725875,0.000549947926243919,5015.115671612228,11132.88,6160.863,0.004917969,376.8426,0.005365235
236.83412217566172,0.0006294838532003954,5461.626588803257,11240.55,5773.766,0.004882812,390.9421,0.005361328
251.3795158397932,0.0006817798599991608,5377.877762549051,11177.1,5784.021,0.004808594,385.815,0.005314454
238.586469828247,0.00036482866044497956,5608.851637742547,11253.36,5655.202,0.004916016,410.1688,0.005376953
243.31748742483603,0.0006581127599935218,5808.552265977933,11184.79,5389.874,0.004824219,392.2239,0.005271485
253.66389767417982,0.0006349588048341281,4973.3674210491845,11089.94,6129.459,0.004884766,391.583,0.005361328
247.18360299126223,0.0006015752381503667,6099.6395207975675,11479.6,5325.145,0.004886719,403.7599,0.005511719
243.33341055863121,0.0007480625273628662,5229.279420691329,11201.45,5969.237,0.004783203,392.2239,0.005302735
242.46056988784588,0.0006907932171094426,5205.374376482898,11176.46,6032.044,0.004798828,389.0194,0.005273438
258.0949507691727,0.000567462142915253,5091.198456798649,11112.37,6013.458,0.004898438,399.9145,0.00540625
248.24450608691347,0.0004313060720210657,5434.194068466975,11242.47,5787.225,0.004900391,383.2514,0.00540625
241.15152012928343,0.0005507959788313514,5134.171222153136,11171.33,6004.486,0.004869141,378.1243,0.005361328
246.73687603042075,0.0018013868035058659,5769.541008297211,11196.97,5387.951,0.004699219,380.047,0.005199219
239.42747407217027,0.0004738707232001263,5420.550129536796,11264.9,5864.131,0.004960938,390.9421,0.005408203
248.18974328403803,0.0018655895628309283,5661.433141407119,11318.09,5618.03,0.004699219,417.8594,0.005242188
211.41916004938867,0.0006065506886326407,4822.00843239469,11038.03,6194.189,0.004722657,357.6159,0.005277344
245.30477469385465,0.0005207686185133561,5754.771077647386,11283.49,5517.411,0.004941407,372.3563,0.005410157
248.75729968856461,0.0005056265780930152,4785.198831624527,11032.26,6253.151,0.004869141,376.8426,0.005347657
230.57446192950718,0.000663162012375641,5744.09567767403,11300.15,5582.141,0.004779297,381.3288,0.005289063
252.8230177906004,0.0009003689981209132,5062.061626612065,11130.96,6047.426,0.004677735,384.5332,0.005228516
232.3326312806159,0.0005631720405371735,5027.125559188465,11175.18,6114.719,0.004898438,377.4834,0.00541211
241.22111125208735,0.0006898584710397222,5327.296615107435,11068.15,5757.103,0.004798828,387.7377,0.00525586
234.700242659928,0.001912339208883426,5493.309888364338,11252.72,5748.771,0.004492188,378.7652,0.005152344
242.06127603784003,0.0007134963650807834,5210.479054883634,11188.63,6003.204,0.004794922,399.9145,0.005300782
206.89820452899824,0.0007708567309341605,5476.381631799158,11248.88,5767.357,0.004691407,393.5057,0.00519336
229.4360612170092,0.0006907713517726336,5368.150772478932,11204.02,5824.396,0.004826172,356.3341,0.005289063
241.56365055735404,0.0006083675813608582,5563.73381250158,11241.83,5660.329,0.004796875,369.1519,0.005275391
207.99572631924147,0.0006077696061525191,5328.729712361065,11082.25,5707.114,0.00491211,370.4337,0.005417969
250.89622608572125,0.0007607251573316591,5707.291368972458,11284.77,5565.478,0.004796875,365.3065,0.005292969
210.58800940005625,0.0005624935778799044,6406.951714238257,11324.5,5257.21,0.004886719,370.4337,0.005458985
236.36915954347916,0.0007285095993717948,6018.396995093857,11411.02,5342.448,0.004871094,385.815,0.005433594
235.90899225700403,0.0007133269166307648,5888.919638202912,11349.5,5353.984,0.004839844,387.0968,0.005367188
248.77923833993214,0.0006478244823894215,5601.81315439724,11220.04,5609.058,0.004824219,372.3563,0.005355469
239.17328334549322,0.0006094287572305123,5166.9469063545885,11110.45,5946.806,0.004826172,391.583,0.005285156
212.85942110610605,0.0006238808496248937,5380.024502665175,11207.86,5824.396,0.004841797,371.0746,0.005330078
230.28172342931927,0.0019682119630223386,5612.499495216962,11132.88,5567.4,0.004654297,379.4061,0.005099609
241.90792532333495,0.0005754764212720314,5182.962602787477,11152.1,5972.442,0.004900391,382.6105,0.005390625
223.08691578007065,0.0006062052886200959,4908.260190390461,11124.55,6226.233,0.004855469,360.1794,0.005314454
247.59438789267136,0.0018358452708806517,5595.420415481905,11279.0,5772.484,0.004703125,399.2737,0.00519336
237.69339351649643,0.0005959193583999605,4918.343734783106,11048.28,6076.266,0.004949219,371.0746,0.005417969
231.25316163736267,0.0005441649321590744,5793.804963806254,11263.62,5457.808,0.004939453,388.3785,0.005451172
240.61969233323845,0.0007285135009015808,5405.4501162820125,11245.03,5805.169,0.004837891,392.8648,0.005361328
241.56889913364677,0.0005729714013125914,5104.528303507214,11105.96,5984.619,0.004884766,379.4061,0.005353516
249.070628324915,0.0006578766194103064,6061.82194158674,11393.08,5341.167,0.004841797,387.0968,0.005367188
212.05405902134567,0.0005944944554471163,5098.415464862589,11071.99,5974.364,0.004941407,356.3341,0.005404297
246.46235420074277,0.0007746635122736204,5472.9735706312695,11193.12,5714.163,0.004744141,380.6879,0.005271485
233.36927419983175,0.0006224210379780708,5269.012665475538,11086.09,5728.904,0.004871094,392.8648,0.005382813
249.2258358906042,0.0006121656776358055,5127.245826648519,10986.11,5908.994,0.004855469,375.5608,0.005345704
247.79511324116476,0.0005610355934179432,4649.432031233417,10859.22,6310.19,0.004751953,392.8648,0.005283203
254.8267566262896,0.0005291091501278461,5234.236228308746,11082.89,5789.788,0.004808594,391.583,0.005308594
236.45152432854613,0.0005318444671358153,5948.78629045961,11444.35,5452.681,0.004917969,393.5057,0.00540625
253.38895322299913,0.0005852990734215477,5643.080120959404,11316.81,5605.853,0.004900391,385.815,0.005457032
246.04228636814847,0.0005544741453438464,6088.973496141074,11461.01,5299.509,0.004900391,392.2239,0.005519532
227.14941124030537,0.0005818082419224999,5632.161900593326,11293.74,5641.103,0.004869141,376.2017,0.00534961
244.8748452149284,0.0008241753895538151,5673.666023260378,11288.61,5570.604,0.004667969,393.5057,0.005089844
220.7418341010603,0.0006782810035321518,5225.863656431313,11042.51,5850.032,0.004837891,362.743,0.005279297
240.03603138989706,0.00046946533306323077,5631.12810143576,11246.96,5628.285,0.004927734,405.6825,0.005423828
250.05598683918788,0.0006897146290964748,5030.836398431106,11104.04,6080.752,0.004826172,374.279,0.00534961
258.54003843544086,0.00045742678612687175,5059.258537353781,11098.27,6024.354,0.004896485,374.9199,0.005347657
236.32188171988088,0.000462410498409046,5755.566596610208,11237.98,5445.631,0.004960938,365.3065,0.005453125
223.38088742807423,0.0007785815901797022,5684.088455973597,11186.71,5618.671,0.004697266,360.1794,0.005181641
229.71111278460793,0.0005088016186774713,5549.580070529982,11279.64,5782.098,0.004960938,380.6879,0.005447266
253.95407011073314,0.0019474566498515165,5397.605058980541,11253.36,5851.955,0.00447461,399.9145,0.004972656
245.81828076008514,0.0005947933252378447,5135.789039727053,11169.41,6041.017,0.004841797,367.2292,0.005361328
219.92491663750738,0.0006570882778156047,5402.889966041994,11204.02,5778.252,0.004830078,364.6656,0.005271485
240.21594730966973,0.000637084978152241,5374.840876151364,11191.84,5833.369,0.004841797,391.583,0.005302735
239.39427454393535,0.0018701190962347296,4761.692779309599,10891.26,6116.0,0.004683594,380.6879,0.00515625
248.4059164255491,0.0006350255441600021,5671.742934670939,11248.24,5630.848,0.004914063,383.2514,0.005394531
254.30784620220496,0.0008540290136847154,5201.159443471173,11167.49,5958.342,0.004640625,383.2514,0.005134766
253.42990397739078,0.0005595215274618089,5291.545519004742,11179.66,5859.004,0.004839844,405.0416,0.00538086
238.99924576553488,0.0019281503752562195,5045.110094764161,11123.26,6097.415,0.00465625,385.815,0.005214844
243.66326449125876,0.0005459045789654701,5326.307363790291,11193.76,5856.44,0.004900391,387.0968,0.005341797
235.53524432280716,0.000679730017808307,5588.306255041282,11287.33,5703.269,0.004824219,396.7101,0.005326172
245.36425783835352,0.0017620700351108844,5287.532669374157,11242.47,5969.237,0.004626954,381.3288,0.005119141
254.0382447606977,0.0006213609819197659,4587.364054598836,10916.26,6315.958,0.004667969,397.351,0.005228516
246.36942755132026,0.0007314163102193757,5356.588881395158,11202.73,5824.396,0.004826172,422.9865,0.005304688
240.4113499907616,0.0006808482683001629,5395.70511430284,11059.82,5741.722,0.004796875,369.1519,0.005238282
237.75765636642217,0.00048283332151079846,4512.851836654289,10979.71,6464.644,0.004859375,385.1741,0.005314454
203.20587127776963,0.0006710903207561235,5578.981265497197,11243.11,5649.434,0.004855469,356.3341,0.005357422
231.82036650819026,0.0006078997038139604,5458.181494446006,11263.62,5816.065,0.00491211,376.2017,0.005390625
245.6373777877616,0.0005915669880691156,4862.646640414415,11045.08,6167.271,0.00475,365.3065,0.00525
233.24607836348528,0.0005862030469789805,5110.049309501636,11011.11,5845.546,0.004853516,386.4559,0.005330078
225.23044320966113,0.0006796660038521812,6100.107379123226,11321.94,5366.802,0.004857422,381.9697,0.005394531
229.46753122755146,0.0004803694696874142,4331.296163888014,10964.96,6535.142,0.004916016,382.6105,0.005404297
241.4925136554512,0.0019882926034549106,5203.260408445083,11052.13,5800.042,0.004564453,385.815,0.005152344
240.32463650580914,0.000596547205036125,6081.273723963841,11423.84,5314.89,0.004925781,391.583,0.00547461
237.78968140731476,0.0006016108312099051,5400.708221833093,11236.7,5836.573,0.004871094,390.3012,0.005337891
249.57875481483603,0.0006010612992315312,5967.564618676017,11338.6,5370.647,0.004888672,381.9697,0.005431641
234.72438275773914,0.0007693445865051454,5482.816265445015,11240.55,5739.158,0.004753906,387.0968,0.005316406
242.03959543109204,0.0006338117820624044,4561.3001660804375,11088.66,6487.716,0.004810547,372.9972,0.005267578
224.91159713643785,0.0017414046819769888,5258.6373982185305,11214.91,5964.751,0.004691407,381.9697,0.005253906
204.95385526168064,0.0006509331403655126,5950.893594947125,11314.25,5446.272,0.0048125,376.2017,0.005306641
210.48802655821842,0.0007008644712741493,5226.6097216867165,11025.85,5760.948,0.004841797,367.8701,0.005335938
236.4277672567189,0.001906422145171003,4470.489709462451,10884.21,6345.439,0.004611328,394.7874,0.005082032
240.18047634619805,0.0006353957606723054,4848.932488568808,10986.75,6116.0,0.004828125,401.1963,0.005302735
222.75573605404463,0.0008552571433506736,4978.375179458358,11028.41,6023.712,0.004667969,366.5883,0.0051875
230.46934494774453,0.0008289580067395343,6336.611599659278,11475.11,5264.901,0.004683594,384.5332,0.005386719
221.71381057624797,0.0004992816150310518,4763.781952896961,11074.56,6241.615,0.004900391,368.511,0.005357422
217.66039595517756,0.0007598710253830607,5464.613433114934,11182.23,5725.059,0.00475,381.3288,0.005234375
227.96608347687575,0.0004821512827910518,5419.583113538544,11143.77,5743.003,0.004945313,370.4337,0.005431641
241.163854669462,0.00047396463137216907,5350.505445230404,11148.26,5805.811,0.004960938,373.6381,0.00546875
241.68456335927053,0.0005795024029482971,5841.578471185135,11300.15,5458.449,0.004837891,412.0914,0.005382813
220.76826378145552,0.001833733656500404,5034.963696534876,11125.83,6095.492,0.00459375,374.9199,0.005021485
243.16856031962243,0.0006708859190134175,5193.527929526296,10971.37,5875.027,0.004871094,372.9972,0.005332031
247.20029195086445,0.00043408283147062696,5644.304409612158,11234.14,5583.422,0.004914063,394.1465,0.005447266
218.76093626978857,0.0005856662132534751,5576.21257480269,11097.63,5560.351,0.004869141,357.6159,0.005330078
218.4241197772182,0.0005847346543277965,5431.268239057253,11203.37,5751.976,0.004896485,392.8648,0.005388672
227.36742569753702,0.0007810074761895372,5390.718592956544,11284.77,5861.568,0.004695313,376.8426,0.00521875
241.84063337090703,0.0007301297967091171,5187.288355739011,10955.35,5875.027,0.004783203,386.4559,0.005267578
219.1877132020238,0.0005571325152423424,4105.017683904817,10602.86,6560.136,0.004919922,354.4114,0.005390625
227.83906978475744,0.001913493931379902,5254.439714818546,11147.62,5914.121,0.00465625,368.511,0.005183594
257.4912407710472,0.0004247171195500379,5256.03225206437,11201.45,6002.563,0.004898438,394.7874,0.005423828
231.282274839864,0.0005289301228771217,5734.872110463887,11300.15,5541.124,0.004929688,386.4559,0.005392578
254.32152906704255,0.0007330595436546118,5766.760283382069,11273.23,5461.012,0.004779297,399.2737,0.005570313
247.45808168809006,0.0018923411010227666,4899.909395945112,11112.37,6248.665,0.004638672,397.351,0.005183594
234.5546653447064,0.0006102321299374871,5157.500888233816,11116.85,5946.806,0.004869141,384.5332,0.005361328
241.426849988478,0.0006859253409512169,5002.489941666207,11128.39,6096.774,0.004806641,389.6603,0.005273438
226.870907959729,0.0005905061160936089,4740.080062670092,10978.42,6288.4,0.004867188,404.4008,0.005328125
246.7553367839972,0.0008006586763144834,5488.05042481232,11176.46,5677.633,0.004679688,383.2514,0.005144531
221.13130354825716,0.0004627956574336449,4838.099804649318,11080.32,6269.814,0.004839844,367.8701,0.005314454
210.54878510229747,0.0006595096585735003,5684.121862407904,11146.98,5517.411,0.004855469,371.7154,0.005361328
253.31972872040316,0.0005993744879241919,5648.4880684582495,11293.74,5681.478,0.004853516,373.6381,0.005353516
223.47248471728474,0.0006249059255336414,4474.545077027098,10900.88,6462.081,0.004800782,395.4283,0.005328125
239.16410901711694,0.0007815094917102171,4844.565507616277,10984.83,6130.741,0.004765625,378.1243,0.005242188
223.7965248412971,0.0004522718956365881,5464.028805817022,11237.98,5773.766,0.004896485,380.6879,0.005378907
228.89292813920918,0.0005762855155766877,5072.285374740957,11143.77,6063.448,0.004949219,376.8426,0.005431641
244.42074986478082,0.0005861101102963351,5385.327284423375,11104.04,5653.279,0.004896485,390.3012,0.005384766
246.26047890413102,0.000738329096976613,5217.797499430371,11176.46,5956.419,0.00484375,380.6879,0.005310547
220.01923592638533,0.0017488037082837025,5410.943109218041,11258.49,5839.777,0.004701172,398.6328,0.00525
248.77287536281418,0.0006746623467440747,4861.431717585348,11000.21,6124.333,0.004824219,378.7652,0.005267578
249.3343760401403,0.00039448525658367344,4795.751871029153,10994.45,6194.189,0.004945313,385.815,0.005384766
240.42162094244034,0.0006412989363387512,4219.0742200775685,10639.39,6656.911,0.004785156,393.5057,0.005271485
209.39431199717353,0.00043383474209767944,5825.958579529953,11380.9,5544.328,0.004914063,370.4337,0.00541211
220.50145127137142,0.0018676525571853554,4707.278472554205,11091.22,6281.35,0.004638672,380.047,0.005185547
226.63792312188156,0.0005082788586389934,4968.690787890505,10997.01,6083.315,0.004929688,380.047,0.005388672
251.42280624818616,0.0008410146304721339,4987.513169215756,11102.11,6086.52,0.004632813,411.4505,0.005152344
252.32291046401787,0.0007245269022606694,4513.724491191119,11043.15,6508.225,0.004740234,380.047,0.005177734
214.87460206578754,0.0008353574878159632,5034.858256805429,11038.03,5876.309,0.004646485,366.5883,0.00515625
236.4777285713552,0.00041261199106807777,5931.208083509186,11325.79,5420.637,0.004945313,371.0746,0.005521485
246.40304587684713,0.0007028633316682298,5455.7197279247375,11186.71,5714.804,0.004845703,405.0416,0.005351563
257.64774144034305,0.0005000545712936533,4829.308318072759,11040.59,6221.748,0.004949219,408.887,0.005451172
253.79800163661795,0.0007056564978568956,5167.746842573457,11150.82,5971.16,0.004783203,393.5057,0.005298828
249.9636088172944,0.0017186471629756061,5631.926238378161,11299.51,5638.539,0.004667969,400.5554,0.005183594
238.02985744965173,0.0008151249718920119,5993.762588870897,11272.59,5319.376,0.004828125,360.8203,0.005365235
235.05899499361178,0.0016988809808032809,4910.269993482577,11100.83,6221.106,0.004621094,373.6381,0.005152344
234.4288560181237,0.0007110338827833382,5047.812562462822,11087.37,6062.807,0.004777344,396.7101,0.005287109
241.09040200151617,0.0004587177221566802,5672.157775559145,11220.04,5562.273,0.004914063,370.4337,0.005417969
238.20723652954808,0.0007155681601775779,5639.76907358165,11234.14,5632.771,0.004859375,380.6879,0.005332031
219.7249934493379,0.0007150478407511419,5465.377507672124,11241.83,5751.976,0.004841797,376.2017,0.005320313
240.98547270807703,0.000579322850502749,5297.930805383323,11228.37,5929.502,0.004904297,395.4283,0.005394531
208.91915815785623,0.0006396781177350171,5356.313938574489,11145.05,5839.777,0.004810547,371.7154,0.005294922
239.62037477852988,0.000658652863404263,5643.094067999836,11269.39,5618.671,0.004826172,375.5608,0.005289063
239.66257840947577,0.00043310993452676705,5885.43136270506,11200.17,5487.289,0.004929688,396.0692,0.005455079
216.35614189259456,0.000588334050725285,5482.0895575457525,11286.05,5807.092,0.004957031,385.815,0.005472656
220.28582841868547,0.0018530481887342098,5204.0251679073535,11082.89,5891.049,0.004654297,397.351,0.005103516
212.53969322898922,0.0005277914920252088,5305.703193181651,11186.71,5919.889,0.004873047,380.6879,0.00534961
244.91896959415425,0.0005892386926555749,5581.7780375025795,11208.5,5651.997,0.004886719,385.815,0.005373047
248.3605778315395,0.0005451466840337644,5027.738677792935,11071.35,6007.69,0.004929688,372.9972,0.005425781
222.64073686666865,0.00047712394340169246,5597.552744675853,11296.94,5675.71,0.004972656,370.4337,0.005462891
229.3162747307454,0.0006958828137754361,4975.024596794175,11102.76,6114.078,0.004837891,356.975,0.005330078
240.01931589470982,0.0020032933186015104,4703.058455458119,11049.56,6372.997,0.004546875,394.1465,0.005109375
243.308375613318,0.0006847958547153355,5413.78460803458,11214.27,5776.97,0.004794922,385.1741,0.005287109
221.2164348951306,0.0005896257593547187,5432.769889948044,11096.35,5677.633,0.004882812,378.1243,0.005326172
227.64189425738408,0.00203148659715345,5081.312203790991,11121.98,6043.58,0.004595703,370.4337,0.005111328
236.45038704605915,0.0018694470672647697,5587.355913211957,11274.51,5696.859,0.004644531,373.6381,0.005138672
242.63573748600217,0.0006514061459055655,4127.762802179125,10653.49,6591.54,0.004785156,376.8426,0.00522461
232.17694761730002,0.0007082318721205389,5516.149530868963,11250.8,5701.346,0.004814453,378.1243,0.005300782
221.45623012411386,0.0005938453018847513,5539.095426216321,11093.78,5587.908,0.004884766,371.7154,0.005355469
233.3862112503487,0.0005237384049391604,5057.599832001689,11085.45,6032.685,0.004916016,377.4834,0.005417969
251.6465372709537,0.001979187239088339,5343.4009454215475,11111.73,5798.761,0.004654297,396.7101,0.005216797
231.54115469162767,0.0018343932264859306,5902.639289570419,11210.42,5341.167,0.004744141,358.2568,0.005302735
221.2250805643632,0.0006842790308741875,5572.171575222904,11202.09,5625.08,0.004839844,367.8701,0.005332031
238.03633045938702,0.0005550440699011571,4532.479767652273,10992.52,6439.649,0.004785156,392.2239,0.005269532
231.0710918005859,0.0005500905732438094,4858.180478334765,11036.74,6100.619,0.004896485,386.4559,0.005365235
220.04091204238085,0.0005249139791782011,5333.7077510631925,11165.56,5818.628,0.004947266,387.0968,0.005445313
252.36470288806743,0.0005934821477180873,6338.593399274294,11535.36,5207.221,0.004882812,371.7154,0.005484375
246.1353311566465,0.0004948656440939008,5635.014745418192,11239.26,5604.571,0.004933594,389.6603,0.005416016
249.4096022316326,0.0004860352508899391,5050.907967422041,11150.18,6091.006,0.004914063,388.3785,0.005398438
246.05551604560563,0.0006688992044330993,5013.432432906918,11175.82,6122.409,0.004841797,362.1021,0.005361328
235.74601957449818,0.0006953574652749889,6040.717700297013,11369.37,5347.575,0.004837891,381.9697,0.005337891
247.18698179224833,0.000652462157057258,5277.467961101489,11220.68,5969.878,0.004826172,392.2239,0.005279297
254.50274212512315,0.0005353716793880908,5873.844304404713,11339.88,5433.454,0.004958984,399.2737,0.005455079
235.99006291607486,0.0006452810931301722,5051.995586281407,11082.25,6076.266,0.004794922,392.8648,0.005339844
224.12002793759675,0.000591286770945201,5010.436079689818,10991.88,6026.917,0.004871094,387.0968,0.005378907
243.71862206789652,0.0005512906104077325,5345.024913224164,11172.61,5840.418,0.004900391,382.6105,0.005404297
237.58151037818735,0.0006855390726132621,5057.286445564784,11153.39,6090.365,0.004794922,398.6328,0.005289063
243.29933871204318,0.0005929927763403713,5537.898221952289,11208.5,5696.859,0.004917969,377.4834,0.00540625
237.78898881556702,0.0005096047879568885,5249.958355178629,10974.58,5834.65,0.004902344,391.583,0.005371094
229.95124868215711,0.00042383949705040584,5768.676373591257,11280.28,5535.355,0.004958984,367.8701,0.005464844
220.11710713553518,0.000765517440679516,5327.812020894612,11233.5,5914.121,0.004785156,369.7928,0.005332031
249.44126266059118,0.0005577429735023583,5036.885579648505,11081.61,6023.072,0.004855469,402.4781,0.005322266
240.19598057535217,0.0007206512210789039,5745.569792533471,11257.85,5489.853,0.004794922,386.4559,0.005269532
233.02804263434464,0.0017183024224204338,5206.731768905479,11064.3,5797.479,0.004669922,390.9421,0.005210938
246.91535638023822,0.0005574494436065118,5189.729780960312,11157.87,5923.734,0.004882812,376.8426,0.005357422
242.61641846558987,0.0007756004234009824,5616.330556649779,11195.68,5576.373,0.004796875,371.7154,0.005291016
224.38417521927906,0.0006623936606634625,4965.029211917087,11098.27,6151.89,0.00478125,369.7928,0.005259766
230.42260329258806,0.0006633545351379781,4677.465425983856,10936.13,6271.096,0.004767579,408.887,0.005275391
234.30299408923727,0.0018770078324400492,4863.159044819442,10966.89,6089.083,0.004613282,399.9145,0.005138672
240.79183819858324,0.0006375534702953332,5256.386522009007,11214.27,5964.751,0.004855469,394.1465,0.005367188
229.9639389284421,0.0006430626334954229,4832.176074172519,10941.89,6024.354,0.00484375,379.4061,0.005330078
257.6934055345021,0.0005694858001415615,4939.461389556747,11150.82,6226.233,0.004839844,394.7874,0.0053125
232.73385479889382,0.0007325022723907173,5414.63048236852,11191.2,5748.131,0.0048125,369.1519,0.005275391
227.56495840797626,0.0018962993877253902,5392.8219942785445,11076.48,5688.528,0.004607422,383.8923,0.005126954
226.61709997643666,0.0006127057025411596,5380.513304601823,11163.64,5764.153,0.004941407,405.6825,0.0054375
247.76639141047832,0.0007449351194704452,5428.744513516533,11245.67,5807.092,0.00478125,383.2514,0.005294922
242.9666453382275,0.0005507480293616743,5010.747828170508,11161.72,6138.432,0.004896485,385.815,0.005373047
232.23225793874494,0.0006278347578876888,4781.775900163216,11047.0,6266.61,0.00491211,381.9697,0.005431641
244.6182643989423,0.0006434939975255138,5239.047881009241,11141.85,5885.281,0.004855469,381.9697,0.005302735
228.2796378405201,0.0006020288967852219,4153.903615242054,10882.29,6637.684,0.004871094,387.7377,0.005314454
247.66260787238403,0.0006464528453327476,5431.591905625752,11299.51,5807.092,0.004800782,381.9697,0.005326172
224.38234050722272,0.0007126936405180914,5567.4913235551885,11297.59,5724.417,0.004816406,370.4337,0.005324219
234.44322144379714,0.0006475811180490653,5005.657424886389,11061.74,6083.315,0.004841797,365.3065,0.005333985
233.80347605229258,0.0005834600175527583,5107.758294365946,11138.65,6015.381,0.004873047,355.6932,0.005308594
236.4436083292855,0.0005814118034339946,5179.531266407996,11200.81,5976.928,0.004873047,387.0968,0.005398438
237.04347728451054,0.0005257140203893415,5455.905234075116,11266.18,5816.706,0.004902344,367.2292,0.005402344
225.835765753356,0.00046879955035469985,5496.375219072171,11193.12,5674.428,0.004900391,389.0194,0.005361328
252.45397207794457,0.0008516482138748718,4951.7613326174815,10988.68,6071.779,0.0046875,390.9421,0.005191407
225.0737054027702,0.0017935461349660505,5429.682905829854,11164.28,5726.981,0.004669922,391.583,0.005212891
230.90796285660235,0.0006144786782932348,5001.4518449229345,11071.35,6073.061,0.004859375,378.1243,0.005357422
247.5484684894435,0.0005909976625693016,5624.7789795503495,11328.99,5684.042,0.004871094,400.5554,0.005367188
234.13793128849466,0.0018641637330783058,4847.1855305638,11015.59,6201.88,0.004611328,381.3288,0.005050782
239.86163082948374,0.000604919697350507,4625.176144428316,10984.19,6332.621,0.004705078,399.2737,0.005212891
217.372774381786,0.0005695907073280859,4848.0238151327185,10911.77,6162.786,0.004751953,380.047,0.005240235
252.46479254182145,0.0006867135169627176,5510.435404319089,11265.54,5724.417,0.004882812,369.1519,0.005373047
245.12901634726796,0.00047716292756017905,5300.183610163113,11142.49,5857.082,0.004958984,397.9919,0.00540625
254.1615385772153,0.0006154623657627901,5436.038371541654,11145.69,5652.638,0.004900391,371.7154,0.005373047
240.7783088032833,0.0007066788488160272,5280.882805547469,11155.95,5858.364,0.004765625,382.6105,0.005287109
247.4612937669444,0.0006999039480637815,4863.8420475678295,11067.51,6185.858,0.004767579,385.1741,0.005222656
244.34725252207969,0.00046600757837737437,4929.104002737627,10991.88,6071.138,0.004933594,415.2959,0.005373047
231.60775252662347,0.00047882381426194196,5444.783172994736,11174.54,5749.413,0.004933594,375.5608,0.005400391
233.77657494595078,0.0018247726625864403,4747.905863725629,10936.77,6166.631,0.004689453,364.6656,0.005220703
240.96278919960534,0.0006986976262412535,5650.108154617874,11236.7,5597.522,0.004824219,381.9697,0.005302735
237.26630324989645,0.0008736298213865226,4974.717184341804,11125.19,6147.404,0.004669922,412.7323,0.005136719
247.44287562668674,0.000517299979370518,5459.950562808554,11210.42,5736.595,0.004927734,394.1465,0.00544336
240.13833441063915,0.0005491684223410207,5686.20102577931,11305.92,5607.135,0.004917969,390.9421,0.005375
218.31243730090733,0.000651004314918435,6014.444381249913,11411.66,5324.503,0.004855469,376.2017,0.005384766
218.644377919898,0.001936233440671322,5048.872911496987,11070.71,5999.359,0.004613282,362.743,0.005115235
248.14337875734154,0.0005493326275890939,5198.141405374198,11180.3,5969.878,0.004855469,389.6603,0.005351563
225.85679468467256,0.0007866604828273196,5090.0984768713715,11169.41,6074.343,0.004697266,387.7377,0.005197266
223.38062049753216,0.000871528205118064,5362.934735059145,11177.74,5784.021,0.004708984,376.2017,0.005171875
236.18194432632743,0.0004474361297752234,4909.475260491131,11171.33,6296.091,0.004875,376.8426,0.005388672
232.7308862735139,0.0007086918391910716,5899.362600668866,11345.01,5405.896,0.004859375,394.7874,0.005371094
241.02921320506195,0.000753446846541932,5645.862242971065,11241.83,5609.699,0.004796875,369.7928,0.005359375
209.84350650874885,0.0006647693067310442,5512.463142787621,11315.53,5803.247,0.004841797,358.8976,0.005359375
236.85167812055883,0.0005679154280362361,5175.535160340035,11107.88,5933.988,0.004824219,379.4061,0.005300782
248.51013913880246,0.0005593887146604359,5401.7659441397855,11251.44,5855.8,0.004855469,392.2239,0.005341797
234.2728135949764,0.0004831972536538204,5601.964117720669,11152.1,5578.295,0.004962891,395.4283,0.005421875
250.58135062150618,0.00048702908480001856,4658.833575831278,10884.85,6374.279,0.004873047,393.5057,0.00541211
230.12198444774992,0.0006149044509768396,5126.444894644461,11067.51,5965.392,0.004884766,375.5608,0.005347657
234.37771383237828,0.0007805150708805582,4763.5633946854105,10795.13,6207.648,0.004654297,371.7154,0.005146485
249.6511395604305,0.0007915073850505883,5207.09745611535,11111.73,5913.48,0.004679688,406.3234,0.005179688
238.15781661056496,0.0005276592972748983,5813.716115847858,11284.77,5412.305,0.00494336,365.9474,0.005453125
222.5298920063645,0.000618672406236135,5299.24529279303,11159.79,5835.292,0.004857422,389.0194,0.005328125
239.78899604075687,0.0007158023648949159,5477.081422175185,11300.79,5789.147,0.004738281,374.279,0.005273438
231.6584279289678,0.0005630021258725598,5381.055030364986,11193.12,5795.557,0.004916016,370.4337,0.005453125
247.6973048714042,0.0005845403566251029,5441.8573453975705,11228.37,5814.783,0.004898438,381.9697,0.005394531
241.6663665972063,0.0005883740607734486,4773.30167334339,11091.86,6337.748,0.00472461,390.9421,0.005261719
255.42760483320137,0.0005403342279418461,5834.749199286568,11373.85,5551.378,0.004871094,384.5332,0.00534375
240.4797776578839,0.0019413768833286063,4966.340773042922,11060.46,6080.752,0.004644531,362.1021,0.005136719
237.6811978572603,0.0007140975485855481,4247.731061645514,10897.67,6606.28,0.004767579,383.2514,0.005265625
229.20650205211066,0.0006303293670491058,5659.108228721011,11241.19,5575.091,0.004896485,359.5385,0.005390625
218.77455363175818,0.0007192447214805367,4858.903268137697,11088.02,6227.515,0.004630859,377.4834,0.005091797
235.5142121262221,0.0007480593546741613,5387.599807166955,11233.5,5848.109,0.00478125,394.7874,0.005267578
228.71426200178328,0.0007703689128161405,5051.126684750769,11124.55,6102.542,0.004666016,370.4337,0.005152344
218.95582179925287,0.0004882693675102608,5366.407395365711,11177.1,5812.22,0.004929688,395.4283,0.005435547
226.80597536762562,0.0007164694659129009,5785.1479623962605,11359.11,5546.892,0.004839844,356.3341,0.005306641
226.0627197637035,0.0005971495329387786,5361.914466185802,11263.62,5887.845,0.00484375,357.6159,0.005369141
233.63198201550966,0.000673823337202624,5237.466191013077,11160.44,5933.988,0.004691407,382.6105,0.005197266
256.194107234726,0.0005632765419983922,5543.910616176162,11254.65,5691.732,0.004916016,395.4283,0.005394531
226.1264041933462,0.0008170959490243594,5277.351372138237,11025.85,5761.589,0.0048125,374.9199,0.005298828
256.0301725482794,0.000564773548998824,5367.173311845206,11138.0,5748.771,0.004857422,388.3785,0.005330078
251.52352680899034,0.0005904414729289975,5502.833209522794,11328.35,5756.462,0.004955078,381.3288,0.005535156
245.45292759995485,0.0006915749945314412,5045.506173275955,11119.42,6039.735,0.004783203,362.1021,0.005332031
225.0314120748604,0.0006388707182724433,5216.564324068001,11037.38,5742.362,0.004884766,369.7928,0.005363281
242.09213515231843,0.0006289226472905683,5441.6042971664465,11211.07,5775.688,0.004898438,381.9697,0.005363281
242.88052441146843,0.00045077941185961965,5284.164235134215,11128.39,5889.126,0.004851563,367.8701,0.005296875
231.05099808337945,0.0006837485879061289,5354.296071537515,11257.21,5940.397,0.004869141,365.3065,0.005328125
222.60701985359728,0.0005810870481238067,5390.929919367066,11033.54,5782.098,0.004886719,392.8648,0.005345704
248.40963902093188,0.0006929288867277622,5906.792077329003,11315.53,5346.293,0.004826172,370.4337,0.005324219
223.70205538885804,0.0005068957918169671,5604.032322010598,11261.05,5685.964,0.004916016,397.351,0.005423828
225.38910342963808,0.000834875445857939,5056.27080217843,11123.26,6024.994,0.004695313,392.8648,0.005179688
234.1349105887375,0.00196939398873961,4263.037944541993,10897.67,6558.214,0.004476563,379.4061,0.00503711
223.7428633785361,0.0006877572750872983,5135.875839545789,11150.82,5997.437,0.004857422,365.3065,0.005347657
249.18678663317758,0.0007196105963185714,5563.303927169809,11279.64,5707.754,0.004828125,380.047,0.005332031
222.79587404270947,0.000603200977810686,5164.197371556071,11138.0,5950.652,0.004898438,389.0194,0.005388672
227.14848049789967,0.0006629803047855669,5242.630555520943,11134.8,5880.154,0.004794922,380.047,0.005308594
235.0113937009092,0.0004773162273640934,4721.788774896122,11000.21,6317.881,0.004916016,406.3234,0.00540625
257.68419238327664,0.0018796477067038308,4949.801703964776,11146.34,6187.78,0.00465625,396.0692,0.005148438
249.11980674643493,0.0019146683775096186,5652.829840098223,11320.66,5675.069,0.004492188,378.7652,0.005066406
221.17905602847486,0.000661429500888055,5296.7147666601,11027.77,5768.639,0.004855469,407.6052,0.005310547
223.81776046740913,0.000475743544554725,5622.262611411902,11220.68,5635.975,0.004945313,378.1243,0.005472656
216.06736455387704,0.0005224772459088015,5290.237490866192,11208.5,5899.38,0.004900391,374.9199,0.005371094
217.42128872856642,0.0008451600831953895,4561.175484792849,11023.29,6437.727,0.004636719,410.8096,0.005181641
230.50094749988284,0.0006651150508124784,4876.160931747394,11034.18,6142.918,0.004839844,381.9697,0.005365235
242.02559751672348,0.0005873907901457394,4963.371534841965,11143.77,6153.172,0.004867188,371.0746,0.005365235
228.48767240010253,0.0008195312875078995,5175.469049079406,11089.94,5891.69,0.004669922,383.2514,0.005152344
247.51666868183392,0.0005585124939323652,5439.30373821293,11282.21,5877.59,0.004914063,385.1741,0.005466797
238.31892321294814,0.001887516763135208,5594.026626912489,11205.3,5625.08,0.004714844,396.0692,0.005226563
232.2187375247489,0.0006661137966233348,5411.592971948345,11128.39,5764.153,0.004779297,401.8372,0.005285156
240.8890134659731,0.0006842552835983136,5132.336124780965,11181.58,6039.094,0.004648438,414.0141,0.005181641
245.75302187127227,0.0005427978126819796,4761.688317120078,11012.39,6271.737,0.004884766,383.2514,0.005375
246.15260987029802,0.0006017279947717383,5839.475535998451,11339.24,5533.433,0.004927734,394.1465,0.005441406
226.95335206632953,0.0006860506307765769,5557.776644423963,11120.7,5528.306,0.004886719,396.7101,0.005330078
252.8768572524476,0.0006243396989811602,4759.132603841592,10974.58,6194.189,0.004810547,371.0746,0.005271485
252.06360554232725,0.0018575268786739944,5294.07137952137,11193.76,5846.187,0.004671875,379.4061,0.005111328
244.81138319615016,0.0018731056618235282,4975.061385055846,11070.71,6078.188,0.004638672,378.1243,0.005103516
242.62387822621207,0.0007332263535132115,5054.599758174809,11068.15,5930.143,0.004751953,364.0247,0.005191407
250.6067083978987,0.0018688732447635938,5361.949947559821,11177.1,5835.292,0.004669922,398.6328,0.005185547
237.52534872011913,0.0006000853146813235,5168.612219618791,11190.56,6002.563,0.004810547,394.7874,0.005304688
247.26033264514703,0.0006337531943215581,5282.623533100586,11178.38,5910.275,0.004857422,378.7652,0.005361328
230.57869468937864,0.0006153654723105626,5305.334950981561,11225.81,5903.226,0.004849609,390.3012,0.005347657
250.6826792355493,0.0007335989504738034,5902.890307105901,11356.55,5478.316,0.004695313,391.583,0.005197266
238.30462010786036,0.0007304059048987704,4965.502978181159,11109.16,6132.023,0.0048125,386.4559,0.005314454
221.49943651079047,0.0009057436689481149,5204.301169807226,11193.12,5979.491,0.004681641,385.1741,0.005183594
251.14949803380404,0.0004893063901390867,5222.118745428306,11222.6,5982.696,0.004884766,387.0968,0.005373047
254.4031812917981,0.0005936746073066069,5104.038146912507,11107.24,5968.597,0.0048125,386.4559,0.005285156
232.42306961397304,0.0006747695804987984,5297.956817105387,11043.79,5710.959,0.004855469,400.5554,0.0053125
208.2029229051874,0.0005939914984336123,5235.302758946902,11166.84,5923.093,0.004902344,389.0194,0.005355469
223.26861949012726,0.00063923598548971,5706.056615500132,11242.47,5543.046,0.004810547,371.7154,0.005388672
251.5639638091426,0.0006336442367943836,4996.658791200562,11053.41,6080.752,0.004824219,406.3234,0.005330078
236.53728497525628,0.0005816559146573206,4229.587691608116,10734.88,6429.395,0.004673828,394.7874,0.005148438
240.84412903273528,0.0005749708530050509,4928.430175545136,11131.6,6232.002,0.004900391,367.8701,0.005421875
253.19261362104155,0.0006842455996014854,5180.6059090290255,11176.46,5992.309,0.004808594,389.6603,0.005289063
247.69499830697885,0.0006551905888591069,5195.254278386223,11238.62,6019.227,0.004796875,389.0194,0.00534961
221.196516134315,0.0005586961110040352,5423.706568432592,11166.2,5739.158,0.00494336,367.8701,0.005390625
234.69209464058142,0.0005609374371990645,5710.894337250339,11345.65,5576.373,0.004841797,382.6105,0.005318359
233.78270760420062,0.0005798194747755903,4984.687234298601,11071.35,6076.907,0.004734375,376.2017,0.005222656
241.66049966965244,0.0005662687571549566,4907.212062450888,11081.61,6233.284,0.004882812,394.7874,0.005371094
240.07266305973445,0.0006757104687427466,5151.438924545151,11135.44,5955.779,0.004851563,379.4061,0.0053125
234.51683808381367,0.0005194963007620658,5457.884834198875,11171.33,5708.396,0.004841797,367.8701,0.00534375
228.22774578508782,0.000494005838285418,5284.983173284683,11183.51,5914.121,0.004945313,383.8923,0.00540625
215.31873980356616,0.0006360019184578218,4708.251788867992,11078.4,6324.29,0.004796875,375.5608,0.005296875
252.2678635694176,0.0006335937465974587,5180.854589672524,11130.31,5955.138,0.004839844,390.9421,0.005339844
233.11345205959682,0.0005261998726243286,5261.865230427515,11249.52,6013.458,0.004917969,373.6381,0.005455079
238.39929766689207,0.0005568111983123667,5460.0002347758855,11259.77,5784.661,0.004896485,393.5057,0.005455079
224.61519642531977,0.000629828093330589,5118.574358491341,10979.06,5907.712,0.004837891,368.511,0.005302735
238.89358119535228,0.0006079414874933807,5444.227953078315,11215.55,5796.197,0.00469336,376.8426,0.005175781
250.18448676350172,0.0005171934222658779,5473.588795865758,11243.11,5769.921,0.004904297,367.8701,0.005408203
215.4163634547322,0.0007223772780074423,4422.960048766846,10794.49,6498.611,0.004748047,386.4559,0.005226563
226.358353381138,0.0005276375943497285,6047.789439354259,11369.37,5337.962,0.004945313,385.1741,0.005449219
219.0904994115958,0.0006466135856839588,5946.806881806968,11348.86,5439.222,0.004810547,362.743,0.005353516
227.3685644647713,0.0005369228429329644,4726.3462441683305,11064.3,6355.693,0.004917969,396.7101,0.005361328
235.85056570834112,0.0006668466784758974,5428.180533566955,11121.98,5721.213,0.004826172,401.1963,0.005300782
232.2106168040436,0.0005341620173826964,5731.763149008937,11261.05,5525.742,0.004855469,412.7323,0.005375
246.5944236767887,0.0006411728617495392,5523.610172731398,11232.86,5703.909,0.004824219,373.6381,0.005306641
247.08162786937524,0.00051357384990898,5121.025153734455,11210.42,6093.57,0.004888672,380.6879,0.005396485
247.04617159211162,0.0007547174818253138,5022.1288551472035,11060.46,6029.481,0.004681641,377.4834,0.005144531
242.16950589305938,0.0004468270354644012,5422.6750982316335,11205.94,5748.131,0.004884766,392.8648,0.005376953
217.02938080486717,0.0006442301370249955,5273.278948497758,11248.24,5955.779,0.004871094,363.3839,0.005371094
246.11097104357063,0.0005152176467451865,5335.795631615662,11166.2,5778.252,0.004947266,358.8976,0.005439453
219.43087377806953,0.000910316701717615,5044.086829199613,11164.28,6097.415,0.004701172,373.6381,0.005177734
231.35146029635519,0.0005221942251877209,5069.236196145724,11072.63,5937.834,0.004917969,408.887,0.005355469
240.65135278380757,0.0018808307321860997,5254.980773007797,11146.98,5928.861,0.004671875,376.8426,0.005132813
233.9752392383033,0.0006482527442680918,5192.154720303154,11073.27,5853.877,0.004798828,376.2017,0.005318359
227.30746332433415,0.000550434264713003,5654.1953284357205,11244.39,5575.091,0.004931641,396.7101,0.005455079
233.25035819019516,0.0006988096491276096,4553.036877292516,10984.19,6326.854,0.004621094,386.4559,0.005066406
223.92142598205973,0.0006414594076496139,6200.01350394269,11479.6,5290.536,0.004808594,408.887,0.005400391
257.9703832297227,0.0006787847942099791,4771.830495707757,10926.51,6230.079,0.004824219,384.5332,0.005310547
258.1186945934096,0.0006231721955211983,4644.47968931602,11134.8,6410.81,0.004869141,399.9145,0.005361328
245.00929843220564,0.0008179952068902122,5470.755026765287,11249.52,5777.611,0.004650391,405.6825,0.005152344
250.3735945863556,0.0008550332851269357,5257.935315486206,11224.52,5982.696,0.004658204,364.6656,0.005138672
223.67472336085032,0.0005901234723441667,5533.459807574106,11301.43,5773.766,0.004896485,369.1519,0.005425781
225.7892287191822,0.0005520667493102205,5021.499485120276,11145.05,6114.078,0.004882812,387.7377,0.005363281
225.88345671194102,0.0005681992667090715,5247.9423432568565,11203.37,5966.674,0.004916016,383.8923,0.005453125
240.5389032691419,0.0005257984029994455,5299.6215682363045,11157.23,5819.91,0.004960938,379.4061,0.005433594
258.188051476481,0.00048270989065571054,5725.393392399315,11311.69,5600.726,0.004945313,384.5332,0.005404297
220.62676915849764,0.0005457393398011021,5787.619999587217,11231.57,5422.559,0.004857422,388.3785,0.005302735
219.55325060199021,0.00048810424704189746,5637.694701734424,11336.04,5684.042,0.005003906,399.2737,0.00547461
233.5360132199335,0.0006194842550737923,5604.522190898859,11159.79,5582.141,0.004945313,379.4061,0.005453125
203.7325007658777,0.001819606489058926,5310.276391301392,11243.75,5941.038,0.004685547,379.4061,0.005210938
242.97112598372607,0.0004907324889536235,5216.206753485407,11176.46,5966.674,0.004871094,364.0247,0.005365235
222.0030906751285,0.0004931522344093934,5734.717576427433,11182.23,5468.063,0.00494336,390.3012,0.005457032
246.20501917953834,0.0005553875931632661,4513.281019693295,10947.66,6442.213,0.004888672,371.7154,0.005320313
230.43655195617575,0.0006144921934995302,5498.069542546212,11220.04,5708.396,0.004871094,360.8203,0.005353516
229.38067823256588,0.0006413039485157971,5416.1951191653,11206.58,5798.761,0.004777344,385.815,0.005269532
230.90253539942177,0.0018678020829275565,4815.245503383275,10982.27,6207.648,0.004671875,380.6879,0.005128907
227.7261319775889,0.0005579398447891644,4923.67017438677,10985.47,6022.431,0.004914063,383.2514,0.005431641
236.92095553170867,0.0007988563995803616,4815.397963437486,11094.42,6244.819,0.004666016,376.2017,0.005199219
242.16405793494414,0.0005645432910300623,5285.016604519057,11241.83,5952.574,0.004857422,383.2514,0.005332031
249.56055587069608,0.0005046375150551831,5317.5840850503955,11121.34,5814.142,0.004929688,393.5057,0.005439453
243.92020368846724,0.0005522933388992636,5584.880462298394,11291.18,5709.036,0.004867188,365.9474,0.005351563
231.4888462133191,0.0005210512901966702,5252.192992262687,11139.93,5888.485,0.004945313,370.4337,0.005429688
221.81865985403593,0.0005619761966919875,5118.561856930633,11176.46,6097.415,0.004738281,385.815,0.005300782
251.58906186730758,0.001905808315347457,4645.574437609483,10926.51,6303.14,0.004677735,379.4061,0.005164063
224.29024306127437,0.0006516246377686252,4540.63755268388,10937.41,6365.306,0.004666016,383.2514,0.005164063
221.96618260906408,0.0007716109610892129,4877.980607354456,10940.61,6218.543,0.004634766,383.2514,0.005074219
219.47365583222012,0.0007436107842696964,4916.892145637177,11102.11,6281.991,0.004708984,376.8426,0.005189453
225.25463383262456,0.0005420130098127984,4799.347097244452,10941.89,6117.923,0.004873047,362.1021,0.005324219
226.55212557731517,0.0006922044761395746,5278.959727791278,11013.67,5826.96,0.004765625,372.3563,0.005330078
248.37241445400014,0.0005506198210785649,5862.25842174146,11309.12,5475.753,0.004869141,369.1519,0.005396485
240.96616132893269,0.0008045629748793211,5106.595620836585,11122.62,6008.972,0.004666016,365.3065,0.005146485
258.78045428331353,0.0005388026424006762,6081.698386878252,11336.68,5345.012,0.004929688,390.9421,0.0054375
236.81084979199562,0.0006462176056971886,4614.5247735010025,11070.07,6449.903,0.004779297,381.3288,0.00525586
223.83211396371553,0.0004847295625444288,6007.457819425574,11375.77,5337.962,0.004957031,390.9421,0.005439453
253.4653409801542,0.00046066167336599324,4850.545654000307,10988.04,6187.78,0.004916016,371.0746,0.005359375
241.71071573878942,0.0005671818940011065,5574.911747562366,11202.73,5647.511,0.004855469,389.0194,0.005306641
226.3872926575276,0.0018784368402979636,4509.2679212987405,10964.96,6469.771,0.004669922,365.3065,0.005119141
220.32645839873047,0.0006422416691637342,5490.221099816856,11198.25,5701.346,0.004800782,348.6435,0.005285156
211.15090516475468,0.0006139832822598408,5512.0351473901255,11225.81,5728.263,0.004900391,367.8701,0.005382813
230.66516481521901,0.0005948415310704997,5285.386112399503,11105.32,5860.286,0.004867188,362.743,0.005378907
220.33643701904512,0.0007502727161428684,5079.211853043464,11134.8,6047.426,0.004751953,394.1465,0.005222656
254.33626155835665,0.0005477495097189974,5205.914496056952,11174.54,5903.226,0.004900391,396.7101,0.00538086
238.88504041128448,0.0007864413801206401,6062.217069055018,11369.37,5411.023,0.004716797,396.0692,0.005294922
236.28867473365213,0.0018305360662550665,5154.042629963803,11125.19,5953.856,0.004667969,404.4008,0.005179688
237.16565000802993,0.000670859172312775,5517.613490825482,11213.63,5700.705,0.004855469,415.2959,0.005333985
215.94570364203634,0.0005106369306416763,4874.061109923362,11109.16,6162.145,0.004916016,382.6105,0.005408203
225.43095811453904,0.0005975743406663599,4298.030573163602,10947.02,6510.788,0.004886719,375.5608,0.005320313
247.35018971076093,0.000878103285874916,5628.968200472325,11196.33,5598.804,0.004732422,381.3288,0.005306641
229.32355038063173,0.000564654932540194,5826.070078281855,11179.66,5339.884,0.00491211,380.047,0.005388672
216.73758946503122,0.0006983296531864941,4197.228405803462,10706.04,6535.783,0.004746094,359.5385,0.0051875
227.6832514298234,0.00048628345580480217,5569.1421462785265,11298.87,5707.114,0.004949219,403.119,0.005470703
236.36559481423058,0.0018663794546867035,4407.566010432225,10882.29,6531.937,0.004671875,381.3288,0.005191407
249.35764586701018,0.0004994936220447506,5610.134054376827,11120.7,5504.593,0.004927734,386.4559,0.00538086
217.83280533981113,0.0006997331637283459,5716.877757167839,11214.27,5505.875,0.004853516,391.583,0.00534961
239.66136942231702,0.0018636855210914871,5567.679745039373,11246.96,5675.069,0.004667969,379.4061,0.005171875
253.44535343769607,0.0006565057569976009,5141.902539399331,11203.37,6048.066,0.004824219,399.9145,0.00534961
229.4251804496772,0.000653091035425884,5796.1649170536775,11323.86,5539.201,0.004816406,358.2568,0.005285156
252.8715781265872,0.0007319150508979689,5162.725258907987,11242.47,6077.547,0.004818359,390.9421,0.005291016
217.44247623571434,0.00046098557175214033,5776.936294534832,11187.99,5411.023,0.004958984,376.8426,0.005482422
245.50061527633105,0.0005768940012084937,5534.187476551838,11227.09,5684.042,0.00494336,396.0692,0.005435547
230.19464626179663,0.0005914639794122143,5451.339310023181,11056.61,5537.278,0.004869141,385.1741,0.005382813
240.6005174813448,0.0018451860189984937,5087.84810796563,11148.26,6038.453,0.004654297,374.9199,0.005205079
236.1660293594617,0.0018517289270328795,5096.52584804135,11115.57,6035.249,0.004644531,356.975,0.005134766
241.02266003273854,0.0006835728594120463,5498.404241427496,11276.44,5795.557,0.004796875,408.887,0.005267578
223.85226480966466,0.0006944375244891928,5968.322919776365,11356.55,5425.764,0.004871094,383.2514,0.005363281
223.44577403372045,0.0005903792542349564,4788.490052295954,10948.94,6207.648,0.004824219,379.4061,0.005267578
238.49968011060758,0.0006806558707418456,5196.779960562606,11012.39,5809.656,0.004796875,395.4283,0.005314454
216.41655900983318,0.0005361859747154427,5388.2192508599555,11302.71,5847.468,0.004929688,397.9919,0.00544336
230.0335467256026,0.0007037954123028124,5494.152182782533,11295.02,5763.512,0.004841797,366.5883,0.005369141
237.21271126815373,0.0006038944531749918,4764.642666553213,10996.37,6100.619,0.004826172,376.8426,0.005300782
215.75888781963675,0.0008864316473772993,5693.534063087966,11299.51,5610.98,0.004701172,367.8701,0.00540625
247.85868779134339,0.0005272993765580796,4338.683213165806,10839.99,6582.568,0.004904297,384.5332,0.005394531
237.36270841896692,0.000511322218057307,5506.935128810393,11254.01,5777.611,0.004960938,381.9697,0.005455079
239.15452015607872,0.0006082436039880829,5145.197956271525,11190.56,6026.276,0.004806641,364.6656,0.005275391
244.80845237226535,0.000769583505000841,4409.251416498232,10853.45,6420.423,0.0048125,394.1465,0.00528125
247.78960005503524,0.00034842137910339507,5291.007111653762,11196.97,5928.861,0.00488086,390.3012,0.005376953
237.35722727343915,0.0007860057886364242,5656.021534749775,11277.08,5613.544,0.00472461,362.743,0.005214844
228.78216869116395,0.0007038553505155028,5860.759931345283,11319.38,5469.985,0.004830078,369.7928,0.005304688
247.81790198087103,0.0018783158259392616,5600.119919924687,11239.26,5617.389,0.00465625,382.6105,0.005134766
246.83251339689457,0.0006932877603932698,5532.445387728997,11242.47,5718.65,0.004814453,388.3785,0.005285156
222.0193520339085,0.0007551678606965415,5245.638665299749,11084.81,5849.391,0.004763672,346.7208,0.005269532
237.84292112810826,0.0005410059778206475,5236.0951638869965,11173.25,5947.447,0.004914063,389.6603,0.005425781
260.7986605455158,0.0005183505219768668,4707.742829861486,10905.36,6221.748,0.004857422,389.6603,0.00534961
214.7717837080195,0.0005242294382905828,5069.468513197302,11180.94,6102.542,0.004886719,351.207,0.005392578
237.1907953279213,0.0018737418429519493,5081.3392301802605,11068.15,5989.105,0.004669922,380.047,0.005212891
244.15732284985805,0.000520843342075251,4809.347422706282,11030.98,6197.394,0.004916016,376.2017,0.005359375
244.52184589922302,0.0008092299830708313,5547.482377212155,11216.83,5667.378,0.004826172,389.0194,0.005289063
233.8553075962392,0.0007148843914855525,4984.0087104007835,10973.94,5989.746,0.004837891,381.9697,0.005335938
251.1664154973062,0.001807464566555778,5262.639895172193,11202.73,5938.475,0.004699219,359.5385,0.005324219
252.3949942033965,0.0017634354663609813,4752.245921609847,11002.78,6265.328,0.004644531,380.6879,0.005181641
237.31585824418372,0.0006917476449656314,5738.065302677971,11311.69,5602.008,0.004855469,385.815,0.005335938
211.8860931343148,0.0006303509457839655,5122.124590403634,11021.36,5905.148,0.004914063,358.8976,0.005429688
254.1092773818706,0.0006237829707136978,5036.2771740086055,11102.76,6092.288,0.004871094,379.4061,0.005328125
235.38336340664506,0.0005125503654160292,5522.3501047587115,11094.42,5558.427,0.004916016,383.8923,0.005353516
244.51143184181652,0.0005817707614399721,5085.689965071905,11042.51,5966.674,0.004857422,388.3785,0.00534375
232.45418461986924,0.0005756083863892483,5667.789272087675,11291.82,5626.362,0.004914063,382.6105,0.005423828
241.0339267564973,0.0007841093675377036,4838.524114381847,11009.83,6157.018,0.004666016,378.1243,0.005123047
234.37361891941643,0.001915797421377497,4892.075013034504,11085.45,6242.896,0.004599609,359.5385,0.005052735
221.61573231857614,0.0007127480571632911,5541.418490045654,11120.06,5584.704,0.00478711,366.5883,0.005287109
227.35820219931162,0.0004779568773927724,5173.878098917724,11191.2,5979.491,0.004929688,383.2514,0.005455079
227.51386870659715,0.000588689702608329,5546.720762329196,11179.66,5728.263,0.004857422,380.6879,0.00534961
242.8903890230117,0.000577244598160686,5515.016215445834,11220.04,5694.296,0.004914063,412.0914,0.0054375
240.16122308029776,0.0006085121417565495,5452.603835977311,11146.34,5733.39,0.004841797,415.2959,0.005330078
220.0289924890917,0.000442234662398856,5372.961899357951,11084.81,5645.588,0.004976563,372.3563,0.00546875
256.36804611054436,0.0005167659087070341,5293.693827741784,11146.98,5859.646,0.004947266,423.6274,0.005439453
248.58987351084352,0.0008943412907255,5191.003003481775,11138.65,5913.48,0.004691407,363.3839,0.005232422
245.27351667399867,0.0005537026672377256,5815.497916606762,11326.43,5499.466,0.004917969,388.3785,0.005425781
228.53311455440257,0.0006140330540645494,5410.787822772536,11266.82,5839.777,0.004898438,409.5279,0.00540625
247.71574021054462,0.0006168519295869549,4716.199659020203,11054.05,6326.212,0.004871094,375.5608,0.005400391
208.82094880135594,0.000631629752071993,5367.104179553773,11198.89,5837.855,0.004794922,378.7652,0.005273438
236.23787301076638,0.000609372099150589,5435.342395517623,11138.65,5690.451,0.004898438,378.7652,0.005425781
239.29793423693027,0.0006577626317932308,4978.650881567596,11112.37,6125.614,0.004779297,374.9199,0.005236329
257.7920525723568,0.0006266235315759475,4607.327388579596,10922.67,6278.786,0.004792969,378.7652,0.005251953
218.6942690028911,0.0004948215583180798,5390.847220995057,11223.88,5830.805,0.004933594,368.511,0.00547461
235.03397838603254,0.0007013313025429353,5386.233528952507,11263.62,5897.458,0.00484375,390.3012,0.005375
251.00687913832948,0.00041540940664216123,4893.912616895903,11063.02,6263.405,0.004919922,390.9421,0.005404297
243.0798733839632,0.0005609839558770779,5532.41626642342,11142.49,5582.141,0.004929688,378.1243,0.005408203
216.2237949536622,0.0006855821080344499,5274.250820730738,11229.65,5953.215,0.004810547,377.4834,0.005269532
244.18580799770166,0.0018432854391970798,5596.734071857332,11328.35,5759.025,0.00465625,383.8923,0.005199219
253.6493646032324,0.000863495598678614,4967.515352134284,11146.34,6217.902,0.004677735,411.4505,0.005212891
226.01694072254708,0.0006968874985760781,5300.354556576879,11142.49,5835.292,0.004820313,350.5661,0.005296875
257.4880871056556,0.0006149321448308143,5864.482506237417,11364.88,5540.482,0.004896485,388.3785,0.005392578
246.67155785737106,0.0006696486615446828,5167.295851846225,11171.33,6023.072,0.004796875,385.1741,0.005292969
237.1899617362476,0.0006778740801959604,5679.8371021488465,11296.3,5648.152,0.004853516,363.3839,0.005347657
232.4271567323437,0.0005697406559525897,5441.257675579338,11267.46,5788.506,0.004828125,387.7377,0.005333985
238.20581985941692,0.0006142078714521836,5938.447403207669,11382.18,5401.41,0.00484375,374.279,0.005394531
253.43618986273344,0.0005439643850233131,5210.044202829547,11187.35,5997.437,0.004916016,389.6603,0.005458985
248.0190624200769,0.0006130906967536132,5645.8136917674865,11214.91,5531.51,0.004855469,378.1243,0.005302735
255.5847587056882,0.001910811867006722,5501.1759615157525,11202.73,5710.959,0.004728516,382.6105,0.005238282
244.70187320716622,0.0005731091521187741,4679.1492945833825,10984.19,6353.77,0.004794922,394.1465,0.005341797
251.31215711029986,0.0017729856981959346,4512.916966617308,11020.72,6510.788,0.004666016,387.7377,0.005199219
243.73318063900834,0.0018385659189679975,5634.695872706666,11215.55,5584.063,0.004685547,379.4061,0.00515625
229.73712778131448,0.0018329711955778801,5744.661397039569,11311.69,5448.194,0.004669922,393.5057,0.005152344
234.14713543028319,0.0003219481243858517,5860.809295198584,11370.01,5530.229,0.004988282,383.2514,0.005457032
237.45668265927966,0.0006261039201068952,4805.768395137149,10943.17,6172.399,0.004873047,387.7377,0.005318359
216.46719263038793,0.0004848120592579409,5296.470860540632,11224.52,5930.784,0.004960938,369.7928,0.00540625
221.55405436501894,0.0005934132854087534,5596.284153120557,11172.61,5580.218,0.004871094,371.7154,0.005345704
224.89330650402957,0.0007069653421705985,5743.752158244338,11163.64,5437.3,0.00484375,369.1519,0.005300782
220.81026158055076,0.0006099993744962734,5108.342366306179,11086.73,5989.746,0.004898438,380.047,0.005363281
223.70049361803353,0.0006457056793865488,5699.493127058632,11239.26,5536.637,0.004931641,368.511,0.005392578
249.67529142334632,0.00078426020820685,5119.878760163858,11144.41,6004.486,0.004667969,382.6105,0.005150391
226.560934600741,0.0005898779599359372,5597.878946686995,11180.94,5627.003,0.004886719,387.7377,0.005375
245.56394652389483,0.0006641344728209378,5519.572255991943,11271.95,5741.081,0.004792969,388.3785,0.005269532
236.0406380430276,0.0005288308754222774,4990.015653389531,11152.75,6140.996,0.004962891,393.5057,0.005466797
239.0090707866904,0.0018054110626700385,4906.909231836364,10900.88,6037.171,0.004626954,384.5332,0.005113281
243.18123551658462,0.0006156023781267866,5542.969143624547,11270.67,5711.6,0.004871094,389.0194,0.005337891
242.28560797652827,0.0005364827237865622,5399.071147071981,11202.09,5771.203,0.004769532,389.6603,0.005263672
252.9751735979853,0.0005810114690649218,5840.991269585048,11300.15,5418.714,0.004841797,398.6328,0.005351563
250.0143272101072,0.00043494880788229274,4997.40470111402,11157.23,6125.614,0.004960938,372.9972,0.005439453
252.75447210518917,0.0008514039266600366,5059.437359439491,11173.25,6119.205,0.004658204,389.6603,0.005152344
234.19007416479803,0.0007118206194235903,4808.464024079755,10913.69,6198.675,0.004664063,385.1741,0.005164063
256.3665812753739,0.0007074122005705764,4600.427751874939,10917.54,6364.666,0.004794922,401.8372,0.00522461
249.61750517302113,0.000524521668074973,4797.264965638248,11068.79,6318.521,0.004753906,396.0692,0.00522461
231.9115978805386,0.001863922051237465,5116.791087765549,11067.51,5892.972,0.00465625,385.815,0.005146485
245.767988343228,0.0004362110146192665,4854.611962778253,11115.57,6252.51,0.00484375,391.583,0.005332031
236.44549157239047,0.0008896634643878062,5339.232510341944,11188.63,5817.987,0.004628906,370.4337,0.005140625
211.91157203708545,0.0006273069166961971,5149.484040321281,11015.59,5837.214,0.004882812,380.047,0.005361328
244.93470723347357,0.0006026022718966005,5423.151441518415,11233.5,5828.242,0.004898438,368.511,0.005445313
247.8228936937881,0.000674642077024812,5154.931566031285,11092.5,5949.37,0.00484375,389.6603,0.005314454
237.8532275375735,0.0006388745693645475,5033.769589232083,11116.21,6078.829,0.004808594,394.7874,0.005298828
243.30441316277216,0.0005829378493729378,5264.322034665765,11155.95,5886.563,0.004871094,388.3785,0.005414063
237.47103538519272,0.000634360529529029,5183.9817145417255,11104.68,5931.425,0.004929688,379.4061,0.005404297
245.7353355703069,0.0005515437973201467,5348.919501364583,11211.07,5876.309,0.004914063,376.2017,0.005410157
232.9128920875818,0.0019229207116238769,5749.509373987144,11082.89,5419.355,0.004728516,339.0301,0.005261719
229.72827210577847,0.0004786913817431802,4658.994604123189,10923.31,6326.854,0.004845703,380.6879,0.005287109
244.18947343248877,0.000580096108670834,5391.879881080189,11237.34,5832.728,0.004871094,364.0247,0.005375
246.92571706382572,0.0006844296055962447,5309.6574649145205,11113.01,5806.451,0.004884766,381.3288,0.005328125
237.02868681655582,0.001869474147008895,4931.339311483007,11071.35,6096.774,0.004642578,397.351,0.005134766
244.0389880992261,0.0005013247499030793,4643.625515555788,10922.67,6264.687,0.004853516,386.4559,0.005345704
250.6126630286091,0.0005294773549976951,5024.360917847707,11148.26,6122.409,0.004919922,381.9697,0.005404297
264.3370598542033,0.0005500967784438912,5295.666505083916,11189.92,5925.016,0.004871094,397.9919,0.005375
234.1688911245828,0.0005423009184114101,5646.503204882339,11279.0,5649.434,0.004904297,386.4559,0.005392578
235.2303809714058,0.0006043596255048665,4866.583690738488,11077.76,6149.968,0.004707031,376.8426,0.00519336
229.06080013942864,0.0004240343030266538,5067.949081052281,11123.91,6047.426,0.004871094,387.0968,0.005351563
227.7417014704393,0.0007164344734940913,5655.02945475404,11246.96,5584.063,0.004869141,370.4337,0.005347657
247.6236550647786,0.0005602992150542104,5041.865806007801,11207.22,6139.714,0.004869141,381.9697,0.005330078
240.57821059504712,0.0005280975853555506,4920.45124109425,11091.86,6175.604,0.004931641,385.815,0.005404297
231.3772550883238,0.0005550030234440165,4635.266915751728,11064.3,6422.986,0.004902344,385.1741,0.005375
223.3483495906034,0.0006130705500408843,5236.18121972733,11194.4,5933.347,0.004898438,376.2017,0.005404297
219.00759365894766,0.0006889905266188996,5551.693791266993,11261.05,5764.794,0.004800782,385.1741,0.005355469
230.2728129161006,0.0006199549414504411,5107.740082306858,11123.26,6062.807,0.004853516,379.4061,0.005353516
258.4507070182798,0.0019047980187673489,5511.593876097287,11216.83,5750.694,0.004730469,374.9199,0.005300782
242.60858354988122,0.0006858241592589049,4598.669980755276,10917.54,6397.351,0.004751953,389.6603,0.005267578
244.11691208639917,0.0008986913893790542,4586.194543482501,10984.83,6531.937,0.004617188,396.7101,0.005150391
228.00519953106536,0.0009349777402875878,5849.153550548697,11341.17,5433.454,0.004742188,405.6825,0.005228516
228.44815785444533,0.0009473945289284113,5411.293301628843,11235.42,5815.424,0.004699219,373.6381,0.005277344
241.45487196365556,0.000525854777876379,5660.957106066647,11139.29,5464.217,0.004886719,386.4559,0.005378907
251.75984577707632,0.000622611575254936,4466.331873560674,10916.26,6355.052,0.004673828,387.0968,0.005191407
228.73504017144623,0.0007166033858164006,4693.218719148873,11000.85,6253.151,0.004738281,386.4559,0.005236329
247.95715144373023,0.0006899400204183735,5287.64517534388,11238.62,5930.143,0.004808594,381.9697,0.005326172
243.3039489562015,0.0005561903138268885,5440.285667359685,11243.75,5791.711,0.004929688,371.7154,0.005439453
222.82544593045074,0.0005227352563008015,5269.6687344496295,11195.68,5929.502,0.004960938,371.7154,0.005462891
237.4815158688497,0.00048207181330267384,5650.694056522503,11298.23,5655.202,0.004945313,422.9865,0.005523438
237.1302472633866,0.000501957994080033,5334.330255358346,10992.52,5653.92,0.004900391,363.3839,0.00540625
248.59229527533992,0.0007015376393218671,4949.723975439367,11136.72,6179.449,0.004785156,369.7928,0.005265625
240.26193944412665,0.00043371901672386215,4541.458863349693,10941.25,6245.46,0.004873047,390.3012,0.005324219
245.87953994718447,0.0004913592072108037,4993.272749311871,11059.18,6054.475,0.00491211,386.4559,0.005390625
248.48399143092573,0.0006164031115398356,4702.8033556470455,10943.17,6206.366,0.004796875,382.6105,0.005234375
248.76511321990205,0.0005624636331652504,4825.360965307084,11064.3,6242.256,0.004931641,380.6879,0.005404297
244.6876676846042,0.0005312865134649426,5806.768670363183,11221.32,5484.084,0.004871094,406.3234,0.00534961
232.1693458623091,0.0007079426983189821,5031.42309276996,11107.88,6073.061,0.004648438,400.5554,0.005119141
247.44938585242505,0.0005741418925617395,5110.647613784116,11036.1,5901.944,0.004869141,389.6603,0.005363281
244.2950029465295,0.0005993269252545064,5739.058484049551,11182.87,5459.09,0.004884766,381.9697,0.005363281
240.50121707987475,0.0005508587550594964,6480.264621293324,11634.69,5193.762,0.004931641,364.0247,0.005564454
227.57832668265496,0.0006166834699972231,5474.33790867328,11210.42,5763.512,0.004871094,387.7377,0.005335938
253.5886567507003,0.0007280066221569867,5231.3219605000195,11143.13,5888.485,0.004753906,370.4337,0.005296875
226.30832080720407,0.0007933953532054427,5421.983863738859,11177.74,5745.567,0.004796875,388.3785,0.005273438
236.0847929994988,0.0006346517466493553,5690.023617294638,11242.47,5553.941,0.004824219,394.7874,0.005300782
238.59502350610043,0.0006409451632407196,4765.560489621133,10995.73,6230.72,0.004761719,380.047,0.005228516
227.32522592989773,0.0005731000883340163,5214.894962366045,11133.52,5914.121,0.004855469,376.2017,0.005332031
220.70950744193385,0.000639086558390302,5580.8673504378185,11325.79,5680.196,0.004871094,392.8648,0.005363281
245.51221690408212,0.0005353718660892604,5741.217175234357,11279.64,5487.93,0.004916016,384.5332,0.005398438
240.442775357814,0.0006695630439152464,5483.429930700338,11146.34,5652.638,0.004841797,389.0194,0.005332031
232.8718057758007,0.0006196162622091985,5443.536615554821,11175.18,5725.699,0.004841797,363.3839,0.005361328
234.98771010727106,0.0005644113093887609,5720.817856352318,11196.97,5494.979,0.00484375,394.7874,0.005361328
240.55805757076308,0.0018323584113947489,5124.227683421308,11045.08,5969.878,0.004626954,389.6603,0.005121094
220.9831267196367,0.0006791839284365747,5165.263573193583,11182.23,6028.84,0.004794922,375.5608,0.005300782
244.31020132523972,0.0005755427451674477,5541.674217085927,11220.04,5655.843,0.004855469,375.5608,0.005378907
235.6439771931298,0.0006018575414787623,5491.386266045344,11129.67,5659.047,0.004871094,390.9421,0.005330078
211.76336851251625,0.0019062436786038961,5157.280570658726,11111.09,5988.464,0.004445313,379.4061,0.00503711
251.2934585020631,0.0019300206900057955,6000.913538285984,11405.25,5377.697,0.004458984,383.8923,0.005046875
253.8159400620778,0.0006101348488998255,5053.543900319925,11086.73,6037.171,0.004884766,385.815,0.00538086
233.89325314007615,0.0005840336386501965,5660.631566205794,11201.45,5585.986,0.004869141,376.2017,0.005314454
234.85759338757825,0.0005531074525993164,5217.8873875985,11226.45,5960.265,0.004886719,392.8648,0.00540625
238.40062846940765,0.0005244780676942083,5824.186649265321,11277.72,5461.012,0.004976563,371.7154,0.005484375
242.8861381423326,0.0005523912582496385,4766.957378477277,11132.24,6301.218,0.004869141,394.7874,0.005445313
256.26311639070127,0.0005989707778636734,5474.664809941682,11154.67,5715.445,0.004806641,395.4283,0.005322266
263.43601893554455,0.0009165034792789223,5399.945412110948,11240.55,5851.955,0.004701172,401.1963,0.005181641
230.20903282920256,0.0005940534392474848,5858.817581743762,11227.73,5357.83,0.004851563,364.0247,0.005394531
227.8333185720502,0.0006139988590341971,5367.420044466005,11226.45,5890.408,0.004925781,367.8701,0.00541211
210.98228549656542,0.0005411288641951754,4800.391515216992,11038.67,6214.697,0.004875,376.8426,0.005357422
221.10378316366462,0.0006016971774377536,6324.338907951975,11497.54,5218.757,0.004853516,375.5608,0.005447266
226.0022948157801,0.0005838772937646489,5573.665235164451,11142.49,5559.068,0.004859375,374.9199,0.005332031
228.1495408795329,0.0005310297334988833,4772.1900357987815,11016.24,6287.759,0.004845703,381.9697,0.005365235
236.39790093078489,0.0005896049450066994,5101.168289250635,11196.33,6073.061,0.004841797,386.4559,0.005363281
253.57557103010106,0.0007332649988554048,5470.213183176212,11181.58,5753.898,0.004841797,392.2239,0.005294922
237.67466882089204,0.0006331730694822795,5605.820425954847,11285.41,5685.324,0.0048125,383.2514,0.005306641
235.10103335182214,0.0005553433743089741,5124.6160120635695,11146.98,6062.807,0.004902344,379.4061,0.005414063
216.65159914968766,0.0007147686436637305,5493.966494354552,11178.38,5692.373,0.00484375,360.8203,0.005292969
228.88050060500788,0.0006148561623024933,5427.349949504102,11213.63,5763.512,0.0048125,363.3839,0.005314454
233.54397087458239,0.0006194070373027589,5373.542587136113,11167.49,5778.252,0.004871094,371.0746,0.00534961
245.54989451441543,0.0005521069220948699,5445.621889673066,11168.77,5717.368,0.004871094,381.9697,0.005345704
243.50517342123314,0.000461265908305575,5179.392431592315,11122.62,5938.475,0.004900391,374.279,0.005408203
250.511527716445,0.0006071232937673592,5124.670197522956,11190.56,6089.083,0.004837891,396.0692,0.005365235
255.65248176923944,0.0006087800610114141,5719.114414668736,11320.02,5568.041,0.00491211,385.1741,0.005455079
248.62947775753236,0.0005221289275400549,5864.7700807959345,11266.18,5431.531,0.00494336,373.6381,0.005419922
241.97824256058598,0.0006588980807183994,4751.8689505863285,10925.87,6217.261,0.004800782,374.279,0.005267578
235.05733817843137,0.00048201462330146416,5455.2920659673555,11202.73,5771.203,0.004945313,387.7377,0.005423828
224.7492572965906,0.0006810570688274144,5151.841174340673,11111.73,5966.674,0.004841797,379.4061,0.005316406
232.76648199172917,0.0020165908053229285,4413.048822516414,11001.5,6542.191,0.004640625,366.5883,0.005152344
230.51944100667026,0.0008895842470852053,4723.479491824474,10961.76,6166.631,0.004642578,394.7874,0.005167969
255.21832581589877,0.0005793844281481674,5615.1772205094785,11300.79,5651.356,0.004851563,382.6105,0.005347657
238.70741939396166,0.0005104190534524909,5305.698079680628,11141.85,5846.187,0.004830078,370.4337,0.005351563
233.23510548746083,0.0005866463598685288,5239.406427351958,11164.92,5935.911,0.004798828,401.1963,0.005335938
243.4324295886706,0.0006880927224101748,5610.998206474104,11266.82,5650.715,0.004826172,381.9697,0.005285156
245.6165699903222,0.001941171296853908,5538.206517776724,11227.73,5697.5,0.004607422,392.2239,0.005150391
235.93145157400446,0.0005691285049314579,5004.202334871921,11084.81,6140.354,0.004914063,403.119,0.005423828
229.96986261784258,0.0007662267556578196,5010.06461558731,10988.04,5927.58,0.004708984,366.5883,0.005208984
212.53019916397182,0.0007724476902655746,6069.274943211552,11277.72,5310.404,0.004712891,387.0968,0.005216797
249.45339200526792,0.0004385834069137353,5184.826745352367,11063.66,5899.38,0.004947266,388.3785,0.005421875
241.35156209443505,0.0006654285586046383,5358.319071131169,11160.44,5771.203,0.004828125,390.9421,0.005294922
226.4642841262945,0.000601299676613009,5139.171430737705,11066.87,5913.48,0.00494336,399.9145,0.005416016
226.42632189401215,0.00044739330421468494,5704.792117022425,11203.37,5439.863,0.004931641,397.9919,0.005435547
239.90973469092282,0.0005819065164371156,5235.940149858336,11163.64,5904.508,0.004902344,376.8426,0.00544336
241.35646347933155,0.000700869965120555,4930.698104768358,11143.77,6230.72,0.004783203,385.815,0.005253906
238.40931905815611,0.0004789519581396713,6075.909729810299,11384.75,5341.167,0.004945313,385.815,0.005457032
221.41462885026084,0.0006527401071888281,5290.860288677316,11150.82,5867.336,0.004828125,362.1021,0.005388672
241.42956576108023,0.0005120345230384463,5032.624511522811,11079.68,6083.315,0.004914063,406.3234,0.005376953
237.6583282719334,0.00031380305723047007,4710.942736376302,10936.77,6222.388,0.004900391,409.5279,0.005357422
245.0458888495277,0.0005564203232242477,5278.918268790286,11147.62,5867.977,0.00494336,381.3288,0.005416016
243.962938080374,0.0008989005877173185,6147.682277686922,11450.12,5313.608,0.004716797,392.2239,0.005267578
228.32354069328846,0.0005307176448970119,5074.7037748427265,11058.53,5989.105,0.004785156,383.2514,0.005341797
222.13002122919912,0.00048449973360821183,5118.972343403854,11093.78,5974.364,0.004929688,355.6932,0.005435547
222.01990377523603,0.0005201501639650042,5794.257934141261,11353.98,5535.997,0.004929688,386.4559,0.005478516
237.08079920052006,0.0007143335050001737,4488.906912292719,10884.21,6338.389,0.00471875,376.8426,0.005195313
230.90298589670152,0.000521202729228791,5909.826838003264,11250.16,5377.697,0.004941407,366.5883,0.005486328
204.5385763093641,0.00043540958582425303,5281.060004864571,11012.39,5781.457,0.004960938,372.9972,0.005449219
246.5713492978043,0.0004695556084410239,5163.505117395048,11123.26,5977.569,0.004898438,365.3065,0.005404297
220.18425012326523,0.0005564371834462018,5990.308260756049,11395.64,5265.542,0.004927734,387.0968,0.005441406
245.64954350925203,0.00042495033088674563,5489.229617163667,11177.1,5692.373,0.004869141,389.6603,0.005345704
237.5786600540434,0.0007499384826352084,5405.686869006115,11187.99,5825.037,0.004785156,385.815,0.005253906
235.16570025530834,0.0018066369682034136,5133.1226485139105,11157.23,6014.74,0.004660157,374.279,0.00513086
254.2649656590207,0.0005932711028663966,4585.832479876931,10972.01,6410.81,0.004810547,353.7706,0.005324219
237.82536173909307,0.0005956829273625131,5202.392706099237,11116.85,5971.16,0.004882812,377.4834,0.005355469
213.5630455126313,0.0018220800744222921,5592.027694331669,11284.77,5684.683,0.004671875,390.9421,0.005183594
252.21830155324767,0.0005039313183729835,5190.335253298268,11249.52,6023.712,0.004935547,415.9368,0.005423828
250.9014045566642,0.0004860064712413698,6202.456357563408,11642.38,5293.741,0.004976563,396.7101,0.005466797
224.30067461971583,0.0007344949872473774,5688.560333523909,11260.41,5591.754,0.004837891,388.3785,0.005326172
244.60050722708638,0.0005899109774205744,5555.896769219272,11254.65,5674.428,0.004925781,386.4559,0.005404297
233.95213216542479,0.0005921485865049702,5346.484100452153,11219.4,5912.839,0.004925781,362.743,0.005388672
255.31426113345196,0.0007037864642320039,5003.161824720017,11154.67,6225.593,0.004769532,379.4061,0.005302735
247.4408289046638,0.0005489068600435073,5727.784313281568,11227.09,5524.46,0.00494336,385.1741,0.005417969
237.45874198343643,0.0006041053486859848,5334.105712577998,11202.73,5867.977,0.004945313,387.7377,0.005466797
214.0574750842524,0.0006662234906899354,4621.752996247696,11002.14,6365.947,0.004746094,385.815,0.005208984
230.12350089667845,0.0005620404487575298,4991.179598765164,10988.04,5972.442,0.004869141,392.2239,0.005388672
237.07437208499903,0.000734420141262024,4990.273263838333,11104.04,6144.841,0.004792969,385.815,0.005318359
225.55343142599799,0.0018477357362791534,5239.201580404762,11081.61,5807.733,0.004646485,364.0247,0.00519336
218.97819166245597,0.0006084159203672789,4964.654859736647,10975.86,6016.022,0.00475,374.279,0.005214844
244.1242842827395,0.0005669927312674779,4406.183003942854,10971.37,6526.81,0.004705078,372.3563,0.00522461
244.21902788616546,0.0006948055928093306,5544.59344541101,11182.23,5627.644,0.004810547,397.9919,0.005304688
225.70022165128657,0.0005345162373534129,5694.06490297675,11275.15,5571.886,0.00494336,374.9199,0.005410157
243.8440346576826,0.00041946132609537974,5478.675193141895,11241.83,5763.512,0.004841797,386.4559,0.005359375
226.6404769256832,0.000565292988436544,5101.821786836504,11068.15,5948.729,0.004914063,389.0194,0.005429688
252.59492407232761,0.0007162963845636659,5321.515960255,11172.61,5880.794,0.004808594,387.0968,0.005275391
246.164498810448,0.0005777702685330481,5574.159339246942,11196.33,5645.588,0.00484375,395.4283,0.005306641
232.82570029189645,0.0005320049944293188,5406.014191734415,11222.6,5796.838,0.004947266,390.3012,0.005417969
222.64433803897728,0.00047966637394086494,4682.374273742083,11023.29,6307.626,0.004859375,369.7928,0.005347657
250.11024608009578,0.0006453595332968928,5641.559057540998,11291.18,5611.622,0.00478125,396.0692,0.005308594
245.9719687414908,0.0008024059046182031,5288.656211982062,11249.52,5937.834,0.00471875,402.4781,0.005273438
248.9576859615253,0.0005486145926181306,5278.631077107982,11210.42,5962.187,0.004859375,394.1465,0.005339844
242.83672305213526,0.0005270969204017124,5417.637152038634,11248.88,5832.087,0.00494336,383.2514,0.005404297
243.5796043532034,0.0006285045142746202,5205.810081039196,11130.96,5932.065,0.004841797,392.8648,0.005355469
243.17044230398872,0.0007444516498401183,5555.701222935147,11152.75,5541.764,0.00484375,371.7154,0.005322266
236.7356650609146,0.0005435485972198811,5666.892643905763,11178.38,5505.875,0.004955078,414.0141,0.005447266
241.85022742953254,0.0005463889026153728,5347.58200734947,11148.9,5830.805,0.004945313,390.9421,0.005445313
227.45655030735898,0.0006406234245342101,4945.043763567814,11085.45,6140.354,0.004681641,385.1741,0.005181641
237.1395153168442,0.0007413284195928739,5456.708663498556,11187.99,5748.771,0.004884766,409.5279,0.005359375
245.22376376782455,0.0020077390626442046,5233.618789469745,11201.45,5989.746,0.004607422,410.8096,0.005085938
224.30831100479776,0.001993183282797019,5407.3978585867635,11241.83,5839.777,0.004640625,397.351,0.005207031
218.09738988125957,0.0008700624587953181,5292.88794023318,11233.5,5917.966,0.004695313,379.4061,0.005183594
244.77500629445868,0.000830117535336755,4971.310218078913,11009.83,6083.315,0.004621094,396.0692,0.005146485
244.22744105465551,0.0005790604823767808,5266.741711887458,11158.51,5904.508,0.004873047,376.2017,0.005365235
243.4299738700349,0.0006006776723423977,5335.500184329061,11175.82,5867.336,0.00494336,385.1741,0.005400391
231.27235166732302,0.0005732328634236004,5723.16011366662,11266.18,5551.378,0.004917969,390.3012,0.005396485
247.27282754870083,0.001859920020397461,5202.2639453147,11140.57,5932.065,0.004669922,392.2239,0.005150391
249.98429685571523,0.0004821653544948017,5555.598371511479,11188.63,5632.13,0.004945313,400.5554,0.005447266
224.9214705649386,0.0005602956815434026,5451.973229831577,11191.2,5708.396,0.004837891,392.2239,0.005330078
239.8501812776775,0.0007010508202815028,4841.820393821777,10941.89,6164.067,0.004828125,386.4559,0.00528125
247.943478757194,0.0006402293972307796,4834.163163921475,11047.0,6232.002,0.00484375,396.0692,0.005318359
209.87482459616717,0.0007316247276587419,5836.745317633586,11250.8,5370.006,0.00469336,387.7377,0.005179688
210.93452869535102,0.0006554807481502143,5133.035959103002,11157.87,6035.89,0.004845703,362.1021,0.005292969
227.72606055759871,0.0006246472029722319,5694.687205264122,11287.33,5607.135,0.004898438,384.5332,0.005404297
246.80784999542635,0.0005311758619594663,5462.607320354298,11215.55,5710.318,0.00491211,408.887,0.005453125
226.40707461135437,0.000542334055249552,5216.246055323755,11189.92,5984.619,0.004933594,364.0247,0.005449219
232.17573528737452,0.0007113341671204961,4713.826773809207,11055.97,6340.312,0.004798828,380.6879,0.005308594
222.19878199462445,0.0006622253624657947,5136.505234840062,11138.65,5985.26,0.004824219,383.2514,0.005332031
244.09739979165548,0.0019919704677823164,5010.884624536052,11134.16,6133.945,0.004595703,379.4061,0.005125
253.5186053942254,0.0019330163000548372,5475.484737085029,11079.68,5659.047,0.004669922,369.7928,0.005166016
259.94377289314974,0.0019251973918836681,5751.51341851672,11319.38,5628.285,0.0046875,377.4834,0.00540625
236.40654485281374,0.0007477367777895701,5660.797044545756,11191.2,5571.886,0.004769532,383.8923,0.005269532
234.46759640690675,0.0005939205647787709,4857.016837708929,10963.04,6111.515,0.004751953,376.8426,0.005197266
225.24516433675595,0.0005012981437280666,5238.034700476779,11077.76,5892.331,0.004931641,374.279,0.005373047
237.4230655234245,0.0005134481139071755,5022.173844252921,10991.88,5948.729,0.004837891,376.8426,0.00534961
241.24064457608614,0.00048824596928716984,4815.055847943037,11013.03,6179.449,0.004888672,387.7377,0.005359375
251.09996206402616,0.0006651011570289508,5753.932907203599,11242.47,5487.289,0.004916016,383.8923,0.0054375
229.27583269054315,0.0005579373439327672,5088.554413009845,10977.78,5874.386,0.004914063,369.7928,0.005410157
231.55902230991526,0.0005291017705595706,5141.040770371507,11189.92,5999.359,0.004916016,378.7652,0.005414063
231.13592850084072,0.0004776453705756175,4806.279453157937,10950.22,6219.825,0.004929688,369.7928,0.005416016
229.703748409698,0.0005248481558049493,5295.438427875602,11121.34,5850.032,0.004904297,388.3785,0.005408203
210.44464644790253,0.0006560491696819929,4398.502694179352,10694.51,6563.982,0.004798828,379.4061,0.005318359
237.3607735132347,0.0007382933852512323,5196.309504005798,11097.63,5921.171,0.004810547,384.5332,0.00525
240.30520453112197,0.0006576509391462393,5655.140439083451,11287.33,5641.103,0.004828125,384.5332,0.005314454
245.9280266234127,0.0007545047700005719,4805.154015051724,11048.28,6274.941,0.004722657,381.3288,0.005210938
217.98734540108944,0.0017924436074788657,5388.648731153156,11248.88,5842.341,0.004701172,379.4061,0.005179688
223.09380252331462,0.0018407378783485446,5008.390393588525,11073.92,6068.575,0.004685547,403.7599,0.005179688
247.76570912989672,0.0007376909190251921,5642.50947729248,11266.18,5618.671,0.004853516,376.2017,0.005361328
229.09027325739007,0.000506445853378229,5054.817745018116,11086.09,5911.557,0.004914063,365.9474,0.005382813
226.28378912569121,0.0005424887469731742,5992.149126969346,11305.92,5382.183,0.004898438,397.9919,0.00544336
222.87131905902743,0.0005787958433724085,5253.336280755985,11198.25,5942.32,0.004882812,383.2514,0.005376953
257.4300799884951,0.000581685672577861,5583.9017301024,11204.66,5603.931,0.004826172,398.6328,0.005345704
213.18290101927664,0.00045793572965102214,5706.063988805277,11163.0,5448.194,0.004970703,374.279,0.005398438
224.5765728575709,0.000537513270877533,5226.248781035053,11107.88,5902.584,0.004957031,379.4061,0.0054375
228.4546682556897,0.000530691015358026,5352.137599236833,11050.2,5739.158,0.00491211,381.3288,0.005404297
235.22117573229266,0.0006455055534792477,4937.136015865791,10967.53,5937.834,0.004796875,378.1243,0.005316406
232.98452271216806,0.000646360262323811,5967.205990808651,11409.74,5416.791,0.004871094,380.6879,0.005425781
230.7608820300075,0.0005303052677831514,4556.175116421002,11064.3,6533.86,0.004869141,378.1243,0.00534375
227.7263508002112,0.0007075829759228172,5398.6825302267,11139.93,5722.495,0.004859375,383.8923,0.005371094
223.72426868685383,0.000661088779667907,4718.981636964546,11029.05,6319.803,0.004767579,371.7154,0.005216797
222.87331042478493,0.0006295330925041102,4525.979629734447,10959.84,6466.567,0.004826172,397.351,0.005320313
255.55739557644415,0.0006698239770955516,5037.750937514389,11154.67,6138.432,0.004824219,396.0692,0.005287109
233.3345626622011,0.00044669085683041377,5332.8283948086955,11160.44,5792.352,0.004914063,362.743,0.005425781
244.15030004572696,0.0018298927785412016,5255.337853992888,11143.13,5907.712,0.004669922,391.583,0.005169922
241.53270052440942,0.0007903547758926802,5435.6383194246155,11181.58,5710.318,0.0048125,374.9199,0.005308594
237.5800910394069,0.0018453406244562302,5348.437807442019,11127.11,5789.788,0.004521484,380.047,0.005152344
225.37769031249348,0.0005371972628900655,5199.237383956695,11136.72,5914.121,0.004917969,387.7377,0.005416016
229.45256355203247,0.0018701010571706468,5813.672135643692,11244.39,5371.288,0.004716797,370.4337,0.005248047
228.76110697066588,0.0006522954246805723,5083.853128282292,11124.55,6033.326,0.004798828,373.6381,0.005347657
233.33183642744376,0.0005922993984471247,5265.410048304472,11057.25,5898.739,0.004884766,399.9145,0.00540625
237.46732825832152,0.0006733174485452533,5471.659923861836,11126.47,5646.229,0.00478125,394.7874,0.005298828
245.73925164402866,0.0005722628215241139,5694.1110295066965,11271.95,5587.268,0.004988282,387.0968,0.005458985
248.38897692879678,0.0005297399553392054,6037.81661497207,11384.75,5307.84,0.004947266,381.3288,0.005455079
242.64979510950863,0.0004908126236017993,5272.6315035992475,11136.08,5831.446,0.004947266,373.6381,0.005414063
232.17992438504086,0.0004900490873458405,4703.788764332661,11067.51,6393.505,0.004855469,392.2239,0.005353516
250.7244578741075,0.0004202095703166427,5355.9326224428805,11015.59,5691.732,0.004851563,392.2239,0.005328125
228.38522571866062,0.0005856926800767521,4893.830127588533,10979.06,6029.481,0.004871094,380.047,0.005371094
222.05927374549043,0.0007743784663741442,5313.862037729418,11125.19,5758.385,0.004785156,357.6159,0.005287109
244.58325922943337,0.0006687866984751951,5349.744658235142,11195.68,5812.22,0.004783203,380.047,0.005316406
232.06785290093876,0.0005596741342338921,4494.575558484492,10872.68,6365.306,0.004888672,370.4337,0.005394531
242.31046380073838,0.00040493477768211014,5319.401833310818,11235.42,5994.232,0.004927734,374.279,0.005417969
231.21791268011592,0.000821457216975893,5498.50112715171,11246.32,5740.44,0.004796875,371.7154,0.005328125
247.21178238543388,0.0006559567625515168,4334.416473744634,10891.26,6480.025,0.004705078,390.9421,0.005195313
239.96706479445663,0.0005292464712265437,5691.888528632183,11300.15,5624.439,0.004929688,403.7599,0.005464844
243.3790175997178,0.0019378340511616804,5660.899233021102,11242.47,5580.218,0.004669922,369.1519,0.005158203
229.64323634591108,0.0004664935607211479,4905.590955925281,11093.78,6187.78,0.004900391,381.9697,0.00540625
244.23712081393955,0.00044124791884388306,5307.6972393712,11150.82,5860.286,0.004927734,392.2239,0.005402344
252.0082117472799,0.0006071019324973009,5851.179221290829,11330.91,5501.389,0.004884766,380.6879,0.005359375
218.74111486163596,0.0005764497604940361,4456.187386762888,10862.42,6462.081,0.004857422,381.9697,0.005339844
221.90093773862858,0.0006620236362057774,5174.04174226938,11104.04,5946.806,0.004841797,369.7928,0.005332031
222.1113737405869,0.000587564920468165,5621.971642295526,11222.6,5599.444,0.004900391,377.4834,0.005382813
215.2583822963376,0.000416953031010269,6074.764066701458,11336.68,5325.145,0.004929688,388.3785,0.005429688
245.74894483164337,0.0005973128724059753,5676.32540598501,11320.02,5600.726,0.004871094,381.9697,0.005333985
232.55389708394495,0.0005445759030074438,5803.5501174263945,11251.44,5380.901,0.00494336,366.5883,0.00540625
221.474999088195,0.0005000829668736611,4403.653384932829,10958.56,6592.181,0.004773438,383.2514,0.005240235
241.39908029883787,0.0006041310157563751,4633.875885091911,10944.46,6362.743,0.004705078,397.351,0.005164063
257.1730283918199,0.0005399349488212561,5503.85769185949,11252.08,5774.407,0.004914063,374.279,0.005392578
225.76266189498767,0.0006395907532620891,5533.303182370107,11082.25,5564.196,0.00488086,387.7377,0.005324219
218.435784369695,0.0006376311216683865,5592.495690085386,11218.76,5580.218,0.004886719,387.0968,0.005416016
231.1373982285122,0.00041174046093034333,5530.478450203242,11253.36,5734.031,0.004900391,375.5608,0.005363281
233.85786505208733,0.0007058430233888745,5286.878277299768,11067.51,5776.33,0.00478125,380.6879,0.005289063
237.94044580738458,0.0007530833691901059,5223.870009366397,11159.15,5918.607,0.004726563,381.9697,0.005263672
256.1640845464377,0.0004933137611660152,5798.435360689557,11359.11,5500.748,0.004945313,385.1741,0.005478516
215.2840443639687,0.0005773668500586498,5644.824219219423,11157.87,5519.333,0.004929688,381.3288,0.005402344
232.44627150863408,0.0005035340219738886,5585.442551525671,11158.51,5533.433,0.004933594,377.4834,0.005439453
253.04568448644991,0.0006546823999891483,5071.6709448357615,11143.13,6116.0,0.004873047,378.1243,0.005390625
220.48194062999247,0.0006523542884175918,5728.9007073391085,11283.49,5584.063,0.004837891,376.2017,0.005365235
251.3784731967421,0.0018196166479749313,4848.172957201984,11054.69,6196.752,0.004689453,409.5279,0.005146485
241.8385433899803,0.0005290975787378346,4822.743767666702,11113.01,6251.869,0.004886719,391.583,0.005345704
253.40158874545642,0.0006168648029207802,5019.566870582025,11105.96,6074.983,0.004810547,385.1741,0.005291016
244.90267680026668,0.0006151828983037411,5118.285139203545,11116.21,6015.381,0.004853516,371.0746,0.005314454
226.1311223033997,0.0006085742205211361,5345.286136633086,11135.44,5779.534,0.004810547,373.6381,0.005273438
246.55461593288115,0.0005715633094935818,5547.551576975784,11209.14,5691.091,0.00494336,385.1741,0.005390625
245.741001739387,0.0006919831223371557,5235.122304862858,11025.21,5746.208,0.004767579,408.887,0.005300782
233.90848538927008,0.0005683360491597973,5715.807645532139,11264.26,5528.306,0.004886719,360.1794,0.005394531
243.17429563682157,0.0005048946572630338,5359.219499328066,11193.12,5857.723,0.004972656,387.0968,0.005480469
238.72272112669756,0.00043652370063123117,5595.086736349974,11259.77,5647.511,0.004957031,371.0746,0.005488282
220.19616811151909,0.0018623747062561946,5695.142176450492,11296.3,5547.533,0.004728516,379.4061,0.005240235
227.97216010760644,0.0005213109677552955,5431.906333569294,11325.14,5864.772,0.004945313,383.8923,0.0054375
221.42891809128187,0.0007177244546050555,5438.800843508677,11112.37,5632.13,0.004839844,344.7981,0.005330078
240.43227393211527,0.0007285152678409378,5419.875032545356,11204.02,5792.352,0.004796875,366.5883,0.005328125
254.0706085480232,0.0008383252414251436,5192.849438868939,11077.12,5885.281,0.004679688,393.5057,0.005181641
222.6367183061482,0.0018526943041817523,4804.433190366377,10875.88,6085.879,0.004644531,371.7154,0.005132813
215.78786280744967,0.0005931036702116722,5525.04895657037,11131.6,5623.158,0.004851563,387.0968,0.005314454
238.16780001027658,0.0007918658685632288,5343.847970727844,11296.3,5932.065,0.004740234,371.7154,0.005228516
219.3116393814664,0.0018176815890120128,5187.855380767429,11132.88,5951.934,0.004710938,399.2737,0.005197266
233.37403315604175,0.0007187249312932677,5195.534099844716,11134.16,5932.065,0.004841797,387.0968,0.005318359
244.47278130968044,0.0005677626006157932,4710.256274120158,11057.25,6251.229,0.00494336,387.0968,0.005400391
243.01485434016593,0.0005324222946005056,4842.018107908587,11064.3,6100.619,0.004914063,389.6603,0.005371094
251.85815982257452,0.000640015830532612,5702.86600891947,11311.04,5590.472,0.004824219,380.6879,0.005345704
250.9318554955589,0.00044925945651269486,4639.077702420242,10968.17,6276.864,0.004900391,397.351,0.005359375
232.63212663896923,0.0008437282033309822,4988.568348059533,10975.86,5943.602,0.004685547,394.1465,0.005142578
245.25391321764965,0.0009803214051072088,5516.602086454445,11061.74,5568.041,0.004667969,394.7874,0.005214844
239.80722840318717,0.0006739345642083183,4659.950781652787,10959.2,6353.77,0.004650391,394.1465,0.005175781
242.77419830700046,0.000683272104739481,5557.883962340692,11114.93,5532.151,0.004810547,396.0692,0.00525
256.1946214306671,0.000582837891938854,4677.925736157437,10975.22,6335.826,0.004705078,371.7154,0.005253906
207.55808213758317,0.0007372764908285448,5519.72548335769,11200.17,5664.174,0.00475586,389.6603,0.005296875
251.55489233511653,0.000581390200772925,5632.466385635825,11352.06,5657.766,0.004914063,365.3065,0.005503906
235.13157868105387,0.0006702448006710478,5329.012106114744,11166.2,5832.728,0.004828125,387.7377,0.005333985
239.2926575085157,0.0008156857419663869,5391.353743803665,11157.23,5784.021,0.004732422,391.583,0.005259766
236.17706229177531,0.0007226169535686264,5145.669034841989,11171.33,6012.177,0.004853516,369.1519,0.005316406
242.69513048843373,0.0007449080456276106,5842.538658407192,11308.48,5436.659,0.004839844,384.5332,0.005355469
221.33316125247228,0.0007009512867704888,5568.135146197237,11294.38,5735.313,0.004839844,390.9421,0.005365235
255.59997832772072,0.0018868249309711275,4739.401791333936,11078.4,6338.389,0.004582032,405.6825,0.005101563
245.47622916233274,0.0006263404720355682,4531.415307009498,10929.07,6447.34,0.004916016,386.4559,0.005431641
234.01045258272922,0.00047880956397830824,5077.275878021385,11059.18,6005.768,0.00484375,373.6381,0.005335938
245.67347868189756,0.001810935012429646,5535.015389388534,11241.19,5691.732,0.004683594,391.583,0.005203125
245.95421759373855,0.0005646727933084647,4759.326127404131,10974.58,6184.576,0.004751953,410.1688,0.005230469
224.33778952874155,0.0005385381371930126,5056.887047079478,11121.34,6051.271,0.004914063,376.8426,0.005357422
218.30901452742555,0.0006131113467472294,5415.247109317568,11148.9,5733.39,0.004824219,402.4781,0.005367188
253.85230497637355,0.0006660465067685875,5125.539679088644,11060.46,5946.806,0.004794922,393.5057,0.005242188
224.4365421295792,0.0008533695235572717,5042.394130151309,11067.51,6042.298,0.004701172,387.0968,0.005177734
220.95162239184802,0.0008612329272353605,5111.186366285924,11146.34,6024.994,0.004658204,377.4834,0.005148438
245.18337716041822,0.0007588499918433555,5721.611419558126,11314.25,5616.107,0.004828125,384.5332,0.005337891
235.49079666192048,0.0006838615734370011,5285.177697457246,11165.56,5862.209,0.004802735,369.7928,0.005248047
247.7472790819369,0.0007478877452171827,5056.264580585537,11168.77,6092.288,0.004783203,403.119,0.005234375
240.06987541251456,0.0006409618274776846,5139.512848690412,11090.58,5989.746,0.004857422,383.8923,0.005339844
243.85470930557173,0.0005550514772893627,4993.420754045568,11095.71,6048.066,0.004808594,371.7154,0.005271485
227.7921534066246,0.0005246313277034414,5345.830235543217,11073.27,5730.186,0.004947266,388.3785,0.005435547
243.15424816070657,0.0008447235644098709,5421.695134651037,11246.96,5839.777,0.004728516,363.3839,0.005189453
240.8239080035404,0.0005596109930724386,5113.120544819747,11105.96,5948.088,0.004761719,368.511,0.005296875
240.0426366188709,0.000661640922853314,5464.995104531777,11193.12,5736.595,0.004841797,388.3785,0.005369141
244.84374774366216,0.00047155353904886017,4802.935805053745,11082.89,6250.587,0.004945313,381.9697,0.00546875
227.99459785940147,0.0005948594585216074,5385.0049998247005,11027.13,5618.671,0.004896485,378.7652,0.005324219
249.7108505727591,0.0006422535107889112,5291.962932501602,11166.84,5860.927,0.004681641,396.7101,0.005199219
241.54416494694325,0.0018932253667714942,5744.349637287875,11270.03,5487.289,0.004611328,370.4337,0.005080078
247.92482265813274,0.0019438546498332589,5138.723468344637,11097.63,5921.171,0.004669922,408.2461,0.00513086
243.47445236775468,0.0005883316925163577,5537.210999625696,11279.64,5729.544,0.004871094,378.7652,0.005398438
220.3512709364251,0.000562922520523753,4217.039799489259,10704.12,6472.976,0.004736328,377.4834,0.005291016
253.79702163589803,0.0005088895702664,5031.550008257021,11073.92,6042.939,0.00494336,397.351,0.005435547
252.79296665879465,0.0006623777182735019,5104.865649378811,11084.81,6018.585,0.004826172,374.279,0.005332031
220.1001918057119,0.0008497097988779187,5623.625765954242,11268.75,5640.461,0.004746094,372.9972,0.005228516
223.5573502729505,0.0019017339465887987,5921.429881022943,11291.82,5382.183,0.004595703,376.2017,0.00521875
227.90667969876733,0.0005924712342993329,5703.470857985615,11298.87,5544.328,0.004898438,399.2737,0.005404297
245.8230970853695,0.000922683112826331,5172.045771774244,11143.77,5943.602,0.004667969,365.9474,0.005154297
251.72065752858558,0.000566654113440458,4935.114940789741,11037.38,6123.051,0.00491211,383.8923,0.005375
251.51893439437697,0.00180986245613816,5946.756475587572,11323.22,5428.968,0.004728516,379.4061,0.005291016
253.00763538680363,0.0006285162032108496,5146.0030227781335,11222.6,6062.807,0.004859375,390.3012,0.005345704
222.17069086259247,0.0006280957240041058,5168.771213667119,11121.98,5953.856,0.004810547,374.279,0.005287109
251.14427795049983,0.0005316841491902705,5590.1105788375025,11279.64,5696.859,0.00496875,378.1243,0.005423828
240.64092456948674,0.0005627012382712478,5288.448877124671,11156.59,5834.01,0.004855469,410.8096,0.00534961
244.5666052672629,0.0018526297939894768,5492.905778488307,11182.87,5689.169,0.004683594,392.2239,0.005220703
247.9503968634161,0.0004955257201211226,5971.426155324472,11363.6,5389.874,0.004914063,380.047,0.005408203
230.51918871396722,0.0005480784598747001,5836.360763356036,11334.12,5511.643,0.004898438,371.0746,0.005396485
241.30096024754872,0.00046150353911020314,5798.360689395283,11248.88,5380.901,0.004927734,380.6879,0.005503906
213.9294204500265,0.0005795329156716918,5429.59478884096,11184.79,5770.562,0.004900391,355.0523,0.00541211
251.74082345447655,0.0006499485250487246,5718.711002023716,11245.03,5455.245,0.004810547,387.0968,0.005328125
246.58763966412326,0.0006470195627583245,5494.883162789797,11184.79,5688.528,0.004806641,363.3839,0.005306641
245.5884959641463,0.0006692567642825886,4722.997453754748,11112.37,6344.157,0.004814453,402.4781,0.005316406
243.03814696451784,0.0016986631071665567,4986.469438797022,11038.67,6087.161,0.004621094,377.4834,0.005138672
233.00749373361177,0.0017203445545285084,5304.693184434739,11052.77,5712.241,0.004775391,396.0692,0.005302735
210.43482074507034,0.00041398443946572493,5158.347552875282,11164.92,6034.608,0.00491211,351.8479,0.005435547
223.9334348141137,0.000594141771381635,5403.686555598473,11207.86,5853.236,0.004826172,384.5332,0.005304688
238.8940079307613,0.000728035771746491,5428.774251835705,11143.77,5721.213,0.004837891,389.0194,0.005322266
226.87378370749803,0.0005489962760083402,5812.626905972835,11371.29,5579.577,0.004898438,380.6879,0.005427734
243.8686748321795,0.0007336919767694646,5076.033090236585,11142.49,6090.365,0.004695313,385.1741,0.00525
236.02914163943814,0.0017949108538732653,4863.681731452814,10875.88,6113.437,0.004628906,356.975,0.005119141
226.15498399566553,0.000651362539535369,4989.9061181806155,11027.13,6037.812,0.004857422,361.4612,0.005328125
246.0273905815596,0.0005792041436742012,5735.081128153441,11261.05,5528.306,0.004837891,380.047,0.005365235
232.54189194622987,0.0006528486825455627,6359.915673670891,11605.21,5205.298,0.004824219,374.9199,0.005285156
222.2615855730671,0.000551524442085194,5291.6189836840085,11232.21,5890.408,0.004882812,402.4781,0.00540625
200.43470435304306,0.0004223157090433533,5384.471090159499,11161.72,5781.457,0.004927734,383.8923,0.00540625
251.73189404760313,0.00175786513162995,4601.487523438549,11020.72,6389.66,0.004603516,374.9199,0.005054688
246.04240451832632,0.0006044311522801838,5072.430357279941,11047.64,5950.652,0.004886719,396.0692,0.005390625
244.2668393810101,0.0019473766421428903,5962.195182188274,11381.54,5300.791,0.004488281,411.4505,0.005017578
249.1130546349495,0.0005494628525142469,4836.02042093361,11009.83,6150.608,0.004898438,391.583,0.005388672
228.0970833506816,0.0007242312519150523,5486.239862443211,11180.94,5689.169,0.00469336,376.8426,0.005216797
238.84432613822514,0.0007101293292131683,4437.89392575482,10959.2,6444.136,0.004644531,364.6656,0.005150391
217.19217229204324,0.0004842169111874742,5128.173882476341,11079.04,5936.552,0.004900391,390.3012,0.005398438
245.89908550699403,0.0005668285202816189,5580.085594649997,11287.33,5732.108,0.004916016,394.1465,0.005376953
225.96097317160337,0.0004886557966833876,5731.105390972007,11163.64,5453.322,0.00491211,366.5883,0.005425781
246.46488103307573,0.001720515281025073,5716.842207422525,11337.96,5627.003,0.004716797,366.5883,0.005177734
247.1269547513193,0.0006919263829680452,4975.307182837618,11046.36,6066.652,0.004857422,369.7928,0.0053125
242.23152622985572,0.0004886080326649687,4732.06298424557,11134.8,6312.754,0.004853516,383.8923,0.005361328
248.57831079157447,0.0004665866501070351,5667.539003993878,11279.0,5679.555,0.004945313,389.6603,0.005425781
233.5379365429535,0.0006486062395307078,6022.395229442099,11414.23,5372.57,0.0048125,364.6656,0.005322266
223.68381576434314,0.0005707013166303466,4695.031144535511,11038.03,6365.947,0.004828125,372.9972,0.005310547
257.9161404385665,0.0005347217426687492,5495.196543679691,11232.86,5744.285,0.004882812,394.7874,0.005357422
239.92921077830283,0.0019227257832710098,5163.599290067849,11031.62,5873.745,0.004658204,415.2959,0.005119141
227.0394112112406,0.0006431073266650303,5229.281316521947,11009.19,5767.357,0.004839844,415.2959,0.005330078
230.45741085679379,0.0005487109142974033,5747.187792644303,11231.57,5474.471,0.004916016,383.2514,0.005392578
250.47097007380296,0.0006036299687775661,5275.903391138911,11220.68,5899.38,0.004945313,391.583,0.005431641
249.06236105654068,0.0018767914710643872,5548.720210878395,11218.12,5657.766,0.004669922,388.3785,0.00519336
249.36178806069157,0.0005862866353116376,5173.383989725762,11128.39,5948.088,0.004945313,421.0639,0.005451172
243.90018223859838,0.0006742040076479545,5528.225538102353,11208.5,5646.229,0.004798828,380.6879,0.005320313
237.38725737058184,0.0005738294658997917,5968.041264411126,11286.05,5439.863,0.004871094,397.9919,0.00541211
240.70989199964228,0.0005696666034743273,5511.357806885749,11213.63,5699.423,0.004810547,381.9697,0.005304688
244.4385428591082,0.00047408106049254734,5113.295374417588,11180.3,6058.32,0.004931641,383.8923,0.005375
237.37200411921492,0.0005999922934573032,5567.361868508798,11269.39,5732.108,0.004828125,358.2568,0.005300782
219.52462580618163,0.0007128074749022302,5784.188792829204,11172.61,5407.819,0.004859375,376.2017,0.005361328
233.13322703215886,0.0006918720697751141,5698.187306528179,11196.33,5497.543,0.004853516,405.6825,0.005332031
230.42890851153024,0.0006427458534774109,4940.624615309267,11104.04,6137.791,0.004619141,375.5608,0.005138672
225.23522328207974,0.0017624679170706768,5408.081755118678,11205.94,5800.684,0.004658204,386.4559,0.005214844
251.99995379689582,0.0006233292328952619,4783.148703716562,10998.93,6167.271,0.004841797,369.1519,0.00528125
254.42835945416815,0.0006393262525463067,5392.0855794979525,11266.18,5880.794,0.004839844,397.351,0.005335938
232.33549087329803,0.0005299951800861207,5153.604403345303,11189.92,6049.348,0.004900391,385.815,0.005388672
255.90663698276336,0.0006504922328093281,4511.137211205513,10945.74,6405.042,0.004654297,379.4061,0.00519336
234.28509734009802,0.000907038831665657,5720.784918171657,11323.22,5568.041,0.004685547,387.0968,0.005359375
217.0545920594587,0.0006815912116752836,5182.338743496368,11093.78,5859.646,0.004648438,373.6381,0.005167969
232.55282612205295,0.0006289349607540168,5033.833396540233,11075.84,6032.044,0.004857422,364.0247,0.005347657
249.46847474997776,0.0008268105632846028,5277.656143155083,11292.46,5948.729,0.004648438,395.4283,0.005158203
239.11285743851698,0.0007042470753439978,5071.142150182171,11114.29,6050.63,0.004808594,391.583,0.005283203
241.90610398109288,0.0005450730681981931,5173.6087188536385,11154.67,5969.237,0.004927734,388.3785,0.00540625
230.84424093264568,0.0006125968860067879,4893.1982482195,11070.07,6196.112,0.004884766,365.9474,0.005390625
242.11059384340965,0.0005904697576930408,5060.478554142759,11168.13,6074.983,0.00475,376.2017,0.005234375
245.74331542860378,0.0006309486643546618,5622.289054831702,11328.99,5735.313,0.004931641,386.4559,0.00547461
217.9716181257205,0.0004922525624678318,4788.900295482404,11023.29,6199.316,0.004929688,367.2292,0.005373047
220.81040742646974,0.000627527480595112,5888.796800523728,11280.28,5336.039,0.004869141,372.9972,0.005376953
247.21491586608994,0.0005129865685330824,5863.461110411433,11255.29,5385.387,0.004945313,385.815,0.005439453
248.7182333760804,0.0006294835680977722,5675.639312540097,11259.77,5564.836,0.004828125,380.047,0.005318359
216.19610379816663,0.0005502929709730772,5078.880616752155,11117.5,6032.044,0.004914063,378.7652,0.005435547
225.33655660024561,0.0004897767223468457,5375.056829806539,11257.21,5838.496,0.004947266,399.2737,0.005421875
247.15693421733735,0.0006765063989795458,5689.343593850627,11107.88,5475.753,0.004839844,372.9972,0.005337891
240.7038425972442,0.0005830538062935452,5248.113807657644,11196.97,5964.11,0.004869141,362.1021,0.005376953
242.41557581611258,0.0006543891030890513,5598.662676244658,11222.6,5637.257,0.004826172,389.0194,0.005306641
234.97006905367007,0.0006063909553837397,5348.049507411085,11202.73,5842.982,0.00491211,382.6105,0.005378907
246.40709621335594,0.0006796272947957798,5253.344297124086,11129.03,5848.109,0.004824219,421.0639,0.005289063
230.02430826830545,0.0005446344143559158,5894.199931588717,11359.11,5432.172,0.004929688,406.3234,0.00546875
252.6504270488145,0.00048479591662100175,5915.835113326246,11284.77,5374.493,0.004929688,384.5332,0.005451172
235.25896377248364,0.0006818622027178849,5410.092276681775,11201.45,5791.711,0.004796875,384.5332,0.005335938
240.97403533751003,0.0005953123716750707,5392.290644606682,11252.08,5855.8,0.004855469,389.6603,0.005365235
240.5958091574769,0.0006257391618028069,5364.548099826928,11071.99,5672.506,0.00491211,383.8923,0.00540625
228.40183211509074,0.0005670067491644287,4660.511533757155,11034.18,6427.473,0.004916016,392.2239,0.005408203
227.70437564191027,0.0018644165872971979,5052.042184753058,11114.29,6064.089,0.004582032,369.1519,0.005052735
252.79399376459114,0.0006625126267402952,5330.316528295021,11187.35,5814.783,0.004806641,384.5332,0.005251953
242.03131741028645,0.0006457903147957144,5397.20563622447,11196.33,5785.943,0.004828125,414.655,0.005357422
240.46737380282886,0.0004898900334602724,4412.744797315255,11001.5,6412.732,0.004869141,399.2737,0.005345704
249.1821788346882,0.0006097709977509336,4396.197525087766,10890.62,6433.24,0.004710938,406.9643,0.00519336
244.89555230220157,0.0006715668463911311,4708.6665830905085,10999.57,6273.019,0.004824219,381.9697,0.005310547
232.21559426890747,0.0007870000879982521,5299.325077366029,11107.88,5852.595,0.00475,360.1794,0.005207031
220.03959162062915,0.0005908292497478439,5192.931134601617,11272.59,5988.464,0.004884766,389.6603,0.005416016
228.76389456326362,0.001921112303405425,5129.326787681196,11115.57,5985.9,0.004667969,390.9421,0.005181641
215.09648721288193,0.0006764764832203739,5496.388129989129,11161.72,5625.721,0.004830078,366.5883,0.005304688
206.14118439286523,0.0003845040763232342,5409.941103595706,11221.32,5830.805,0.00494336,365.9474,0.00544336
254.47276732122756,0.0005065951686527241,5136.247712261196,11114.93,5946.165,0.00491211,396.7101,0.005410157
219.63672708449468,0.00066720861803688,5252.989958329588,11141.85,5896.817,0.00484375,365.9474,0.005322266
247.647554965442,0.0004993546722926136,5038.911108760173,11102.76,5985.26,0.004947266,399.9145,0.005431641
214.16440580536315,0.0006256332820332184,5225.83810679275,11169.41,5956.419,0.004927734,347.3617,0.005392578
248.36179800005178,0.0004602232213897959,5673.9449685058435,11337.96,5655.202,0.004855469,382.6105,0.005427734
239.02661431189998,0.0005771753040209658,5150.5548110376285,11125.19,5980.132,0.004826172,389.6603,0.005318359
224.63199952535032,0.0005417042188773715,5588.603869392148,11254.65,5649.434,0.004955078,376.8426,0.005441406
228.7594433080151,0.0006986204160621808,5296.336635649613,11129.67,5834.01,0.0048125,366.5883,0.005300782
236.85551157233715,0.0005279319225032099,5052.844030167242,11121.34,6046.785,0.004921875,379.4061,0.005423828
249.46857042646474,0.0006596382251694052,5082.785734270309,11181.58,6042.939,0.004796875,376.8426,0.005332031
259.0177084608666,0.0005899050664991013,5578.631870792052,11206.58,5608.417,0.004886719,380.6879,0.005371094
226.22358254004584,0.0005736550331964452,4535.323297728796,11001.5,6494.766,0.004884766,378.7652,0.005375
219.71536955934886,0.0006245694575364858,5589.181202364161,11113.65,5507.797,0.004857422,390.9421,0.005333985
241.0101130937497,0.0009267506190933697,5181.627023601913,11122.62,5942.961,0.004650391,372.9972,0.005175781
251.62529236100784,0.0018418804967955547,5442.18701727991,11209.14,5773.125,0.004638672,390.9421,0.005119141
224.00115192026078,0.000422828501565816,5371.0172772597,11193.76,5875.027,0.004884766,369.1519,0.005376953
256.2669036380739,0.0005392868295231782,5199.338106582912,11167.49,6002.563,0.004929688,388.3785,0.005439453
218.17889490880654,0.00046082030539698713,6207.74463874736,11523.82,5199.53,0.004947266,368.511,0.005445313
241.58692022554362,0.0007377405855539091,4827.825259898189,11032.9,6211.493,0.004736328,373.6381,0.005306641
235.4355062621439,0.0017982741239802697,4608.3865084202425,10974.58,6389.02,0.004669922,380.6879,0.005179688
243.1956912246743,0.0019777974148208802,4112.799213992308,10901.52,6591.54,0.004398438,359.5385,0.005033203
236.29311023737438,0.0004045874097846142,5475.618888314966,11093.78,5583.422,0.004988282,393.5057,0.005457032
224.3495544901594,0.001991653777010138,5907.009281341189,11254.01,5409.741,0.004429688,376.8426,0.005060547
240.44234607269672,0.0007226281292026088,5504.926998752551,11209.14,5728.263,0.004808594,383.8923,0.005298828
244.37162153861317,0.0005957065649275164,4875.297549128055,11075.2,6162.145,0.004859375,375.5608,0.005361328
237.56664328534293,0.0006123018053978114,6054.802356652184,11320.66,5344.371,0.004945313,367.8701,0.005416016
248.86808620839753,0.0005805806077582692,5570.8025769249825,11167.49,5580.218,0.004867188,372.3563,0.005316406
234.1370788831013,0.0019915565399303134,5940.096936885639,11251.44,5294.382,0.004492188,399.2737,0.005105469
250.95580380279105,0.0018369645600074887,4565.1993190018875,11012.39,6522.965,0.004611328,376.8426,0.004990235
242.92957659923576,0.0007420160716070306,5587.832098569934,11305.92,5680.837,0.004796875,372.9972,0.005287109
250.75301162730204,0.0005887662355031429,5850.069284244444,11180.94,5363.597,0.004914063,378.7652,0.005384766
228.88604712737086,0.0007281576132460713,4457.885098973834,10928.43,6463.362,0.004710938,393.5057,0.005177734
231.1458270473883,0.00043524274007739256,5429.762423318572,11160.44,5714.804,0.00494336,390.9421,0.00544336
217.46176391644656,0.0006320395364676057,5682.965945551033,11341.81,5626.362,0.004896485,380.047,0.005404297
210.81139045307697,0.0005728188931698642,5449.953731581931,11254.65,5755.821,0.004765625,362.1021,0.005226563
245.6568521362656,0.0007766973468329638,4297.970361121424,10947.66,6596.026,0.004666016,366.5883,0.005109375
234.48322591700924,0.0005195863553784754,5601.080746219517,11263.62,5644.948,0.004900391,376.8426,0.005375
241.79943265426567,0.0005044223643109,5038.383441940866,11146.34,6062.166,0.004898438,408.887,0.005410157
213.21653531558613,0.0019967628438319067,5285.100246484254,11204.02,5916.043,0.004472657,367.8701,0.005048828
236.62169652127204,0.0007781483768880338,5622.648147797991,11216.19,5580.218,0.004740234,386.4559,0.005277344
222.1300529863578,0.0007187664964209936,5245.796542686182,11065.58,5766.716,0.004814453,383.2514,0.005332031
235.94735380318835,0.00046778595116637946,5702.649713118634,11269.39,5570.604,0.004957031,381.9697,0.005457032
243.81835999047436,0.0005687679791416095,5284.956333037055,11233.5,5926.938,0.004886719,383.8923,0.005392578
217.4061860043701,0.0005796602646625427,4699.7834722113275,11009.83,6327.494,0.004705078,365.3065,0.005277344
246.48045132396908,0.0007807028671776965,6069.197141525381,11395.64,5320.658,0.004763672,390.9421,0.005271485
239.84902486484316,0.0006375904589092308,5804.879251659145,11256.57,5466.781,0.004925781,376.2017,0.005404297
255.08737978982037,0.000532361790864442,5211.882228729892,11189.28,5987.823,0.0048125,381.3288,0.005365235
226.6073154881994,0.000619171985879072,5460.957378361115,11212.35,5736.595,0.004941407,383.2514,0.005453125
223.94619860760696,0.0005188064823360985,5246.237757915878,11233.5,6003.204,0.004947266,390.9421,0.005423828
250.94606452433771,0.0006160251746918293,5408.588711579447,11160.44,5758.385,0.004896485,378.7652,0.005416016
229.50569273137341,0.0005311021030183743,4597.574111268389,10872.68,6358.897,0.004888672,380.6879,0.005355469
225.28851041231076,0.0005704523550926195,5531.432442534778,11201.45,5651.356,0.004884766,376.2017,0.005365235
233.32252954099377,0.0005038002034135322,5786.49735045749,11184.79,5412.305,0.004960938,377.4834,0.00546875
237.21501699971975,0.0005643598203099074,5199.351375861428,11070.07,5904.508,0.00491211,393.5057,0.005392578
231.76165133333117,0.0006701489527763921,5663.560768925538,11292.46,5626.362,0.004859375,376.8426,0.005376953
242.66031660980997,0.0007300851761794507,5112.635282319651,11167.49,6234.565,0.004871094,355.0523,0.0053125
237.94589249390768,0.0004304914749695955,5198.560083977163,11137.36,5926.298,0.00497461,406.3234,0.00546875
258.71817095491804,0.0005739668624355016,5644.416666462507,11267.46,5669.301,0.004873047,390.9421,0.005351563
236.05626985552573,0.0004846382632639135,5399.146218218031,11253.36,5848.75,0.004855469,379.4061,0.005347657
233.8998990078745,0.00040348937032705845,5447.533070878684,11163.64,5726.981,0.004927734,373.6381,0.005417969
256.5819222879694,0.0006719276342267959,5262.096173196263,11159.79,5817.987,0.004841797,401.8372,0.005300782
241.87631148723986,0.0005601586926965501,4847.509152403562,10966.25,6089.083,0.004769532,388.3785,0.005287109
242.12796210689578,0.0005869561687212394,4643.4614966518475,11034.18,6355.052,0.00469336,385.815,0.005148438
253.6787523615772,0.0005423318340609619,6128.937682117232,11420.0,5340.525,0.004931641,389.0194,0.00547461
223.11634179358015,0.0005214535534717662,5365.806634285633,11084.17,5782.098,0.004925781,379.4061,0.005400391
258.87603452007414,0.000569843299593206,5013.23717628363,11219.4,6171.117,0.004708984,396.0692,0.005220703
250.50720039387167,0.0005386602176336122,4836.533188970588,11032.26,6182.012,0.004917969,392.2239,0.005353516
247.78831799907317,0.0006306316651581075,5433.246404979496,11246.96,5822.474,0.004841797,385.1741,0.005369141
236.2297154999427,0.0018970914011462215,4618.20325815617,10951.51,6278.786,0.004611328,401.1963,0.005126954
255.65470221359823,0.0008199588709848456,5416.007529705022,11187.35,5799.402,0.004638672,375.5608,0.005181641
237.61986021117855,0.0004631920086566247,4340.44878277852,10831.66,6473.617,0.004871094,401.1963,0.005345704
250.342208106996,0.0005062799674916833,5117.5560095995315,10971.37,5946.806,0.004917969,397.351,0.005386719
246.26645797706186,0.0005516791185366934,5417.696158513338,11278.36,5889.767,0.004859375,363.3839,0.005335938
206.32271701054358,0.0008286271429337494,5357.800369384182,11051.48,5752.617,0.004708984,362.1021,0.005222656
244.85992312485303,0.001783199478139564,5157.492090922265,11081.61,5908.994,0.004664063,378.1243,0.005160157
214.600018594906,0.0006337913373169624,5301.554871927848,11204.02,5894.253,0.004875,376.2017,0.005314454
232.44831760596492,0.000559041218558671,5887.905764335102,11210.42,5388.592,0.004828125,392.2239,0.005333985
229.9387503117147,0.0005637027317735629,5630.031590852789,11285.41,5665.456,0.004841797,379.4061,0.005365235
223.93730607492924,0.000636476421171389,5657.315834093589,11341.81,5612.903,0.004810547,378.1243,0.005277344
239.28886015219564,0.0007223512973848911,5561.208758231146,11248.24,5662.251,0.004837891,385.815,0.005347657
256.18928115313514,0.0019765653366492,5465.613521208419,11203.37,5760.307,0.004464844,376.2017,0.004988282
242.74582070260635,0.0005842342741188684,4906.635235099798,11020.72,6098.697,0.00491211,381.3288,0.005408203
247.57374502765353,0.0006976521951517101,5124.802042857939,11000.21,5904.508,0.004785156,395.4283,0.005304688
233.69310032297622,0.0007219771662593573,6016.106281485646,11325.14,5284.768,0.004822266,371.7154,0.005339844
228.97767521648854,0.0018640750717313123,4960.786378876688,11021.36,6113.437,0.0046875,370.4337,0.00519336
212.70080624898816,0.0018333330222842922,4598.309850767113,11041.87,6533.86,0.004636719,365.3065,0.005214844
235.8797999048174,0.0019398859911426414,4660.52650773798,10957.27,6277.504,0.004625,385.1741,0.005078125
248.88772180272423,0.0005205476843338458,5693.996010540658,11285.41,5604.571,0.00494336,388.3785,0.00540625
243.3026391339152,0.0006299005325159973,5369.319588997463,11203.37,5810.297,0.004917969,394.7874,0.005425781
251.46579213069495,0.0007063018121399096,4896.676931875414,10967.53,6046.785,0.004783203,378.1243,0.005300782
235.38067586037405,0.0007372063059418251,5318.0307426729705,11164.28,5875.667,0.00478125,388.3785,0.005251953
259.69588803480946,0.0008456387788311903,5191.0544225485655,11145.05,5978.209,0.004699219,379.4061,0.005185547
234.78940698271157,0.001989747598973494,5054.326047460235,11120.7,6058.961,0.004640625,379.4061,0.005111328
252.31496247612975,0.0005451810757857407,5253.342510309196,11148.9,5915.402,0.004769532,393.5057,0.005308594
229.97938287416858,0.0004941383057770189,6034.37582593022,11320.66,5291.177,0.00497461,383.2514,0.0054375
228.22669045393815,0.0005718286995870806,5036.978894792011,11075.84,6074.983,0.004898438,364.0247,0.005402344
249.53442897435917,0.0018262829183540667,5619.603808705315,11187.99,5521.897,0.004673828,390.9421,0.005197266
210.07551077537838,0.0006055918653614222,5241.3611893449615,11176.46,5943.602,0.004839844,348.0026,0.005326172
231.8954532118688,0.00040615031382784206,5249.271691782256,11177.1,5931.425,0.004900391,376.8426,0.005359375
238.06159225716246,0.0006323441961499885,4659.605145874383,11066.87,6405.683,0.0048125,375.5608,0.005257813
250.23328537093968,0.0006334141368713491,5842.144976964445,11394.36,5529.588,0.004810547,373.6381,0.005322266
233.52329188995316,0.0005004685438968416,4802.065361583867,10979.71,6187.14,0.004900391,378.1243,0.005341797
230.39751763833124,0.00034895588199097697,5752.962886616028,11258.49,5535.355,0.004990235,383.2514,0.005457032
216.45710402577978,0.0006693917442843089,5859.173850487463,11227.73,5357.83,0.00488086,357.6159,0.005375
239.66202519622425,0.0006690004010149595,5700.1344828941465,11093.78,5531.51,0.004857422,373.6381,0.005322266
226.2189965587537,0.0006757102856727835,4674.405531519804,11008.54,6318.521,0.004796875,376.8426,0.005222656
246.25717348677009,0.000787460814691661,5099.097762454594,11120.06,6021.79,0.004654297,390.3012,0.005136719
212.13762520250236,0.0005336511114077638,4643.534910734113,10860.5,6207.648,0.004888672,366.5883,0.005345704
227.28798962635832,0.0005930039393713109,5702.759698252532,11334.76,5512.925,0.00494336,383.2514,0.005470703
251.73508733294256,0.0018145766800787516,6262.904356550328,11480.88,5277.077,0.004726563,406.3234,0.005246094
225.9264608821727,0.0005971851198536147,6023.9270911337235,11364.88,5318.735,0.004882812,375.5608,0.005386719
264.90244695880716,0.0006874137219214685,4782.565889237468,11082.89,6296.731,0.004792969,379.4061,0.005208984
252.56536417554122,0.00042286577214725154,4872.56286956045,10975.22,6102.542,0.004935547,374.279,0.005419922
227.65953197715274,0.0005779603623469059,5365.648406814372,11255.29,5892.972,0.004873047,385.815,0.005384766
249.39747277446085,0.001789508307884226,5133.971621288346,11106.6,5929.502,0.004683594,367.8701,0.005166016
245.18165396592272,0.0005189293624130008,4450.159403619657,10931.64,6508.225,0.004917969,403.7599,0.005375
254.93933785904653,0.0007944220825014192,4981.483538415743,11064.3,6053.193,0.004636719,385.815,0.005109375
244.550768582588,0.0007715692145041607,5203.1540582899315,11179.66,5962.828,0.004740234,415.2959,0.005271485
222.22291370306385,0.0005782767769434454,4939.1506824375065,11080.96,6137.791,0.004873047,357.6159,0.005296875
231.5319915546108,0.0009164905046127771,5360.674421450256,11196.33,5817.987,0.004701172,361.4612,0.005203125
240.25133526512818,0.0005998767286773418,5013.646433520573,11113.65,6080.111,0.004824219,386.4559,0.005310547
254.7597805729233,0.0006367592099578829,5087.525441819144,11136.72,6070.498,0.004810547,362.1021,0.005248047
247.89488039026185,0.0007885238788130216,5685.564138207802,11254.65,5567.4,0.004666016,394.1465,0.005220703
239.59145871902788,0.0008992122672929909,5766.944730859291,11302.71,5560.991,0.004712891,385.1741,0.005216797
257.8792683682543,0.0006586958758620439,4940.375759933789,11204.02,6206.366,0.004855469,372.9972,0.0053125
221.32699417143385,0.0006530152286752266,4850.576774010151,11045.72,6183.294,0.004826172,399.9145,0.005326172
246.6389348157329,0.00047278807646480495,6099.038206050052,11485.37,5292.458,0.004976563,352.4888,0.005466797
227.96542676834835,0.0006781327924738166,5801.542101240513,11218.76,5382.183,0.004902344,372.9972,0.005365235
253.84094545681674,0.0007207699301340256,4709.323090687537,10972.01,6283.273,0.0048125,393.5057,0.005316406
254.95699321706874,0.001886162604538939,4552.307579253955,10964.32,6414.014,0.004642578,375.5608,0.005164063
234.44721985483966,0.0005005566226782408,5329.213351576444,11142.49,5794.916,0.004947266,378.7652,0.00540625
236.41794755455555,0.0005184293548355777,5130.269386877129,11132.88,6013.458,0.004933594,358.2568,0.005425781
232.37148982513992,0.0006113923496502188,4193.2367081552,10796.41,6504.379,0.004736328,387.0968,0.005273438
240.9373138895549,0.00047990435833131305,5686.584796555236,11323.86,5607.135,0.004931641,385.815,0.005476563
253.00998891699533,0.0006009802151180631,4867.252171340772,11071.35,6212.775,0.00472461,374.279,0.005283203
238.45841536931619,0.0007686996161740303,5349.610984498242,11166.84,5839.777,0.004740234,393.5057,0.005285156
215.23898044815323,0.0006168956375398239,4438.990011562736,10911.13,6464.003,0.004751953,373.6381,0.00522461
245.2231736445089,0.0006321430976622751,5534.6433283097285,11176.46,5681.478,0.004853516,389.6603,0.005320313
250.54851064023734,0.0006602263877060376,5116.650057408875,11123.26,5989.746,0.00478125,383.8923,0.005298828
224.35161121633828,0.0007477051098126261,5522.261926670899,11126.47,5647.511,0.004746094,390.3012,0.005304688
213.66843432500323,0.0005758176716308836,5055.386572684816,11021.36,5992.309,0.004871094,382.6105,0.005347657
225.7900426475084,0.0006666765444776899,5760.42177678911,11311.04,5495.62,0.004855469,380.047,0.005345704
241.17202482996072,0.0007927052869772947,5409.927295598813,11171.97,5784.021,0.004732422,368.511,0.005259766
233.13820791111172,0.0005930323503165837,5736.105949879759,11341.17,5582.141,0.004957031,387.7377,0.005455079
253.82364713827226,0.0006930259162324002,6218.6865981550945,11642.38,5270.668,0.004882812,394.1465,0.00544336
254.2144818174436,0.0007344075819153328,5940.346164337622,11352.06,5430.891,0.004796875,391.583,0.005302735
249.09743506067088,0.0005794019372066463,5430.58742498382,11254.65,5849.391,0.004855469,382.6105,0.005318359
231.4964096085114,0.0017835669818610242,5615.29910547421,11229.65,5605.853,0.004757813,378.1243,0.005248047
251.03939104926016,0.0005854720716760103,5290.451859705976,11145.05,5890.408,0.004855469,387.0968,0.005314454
208.58783503603382,0.0006971938340729245,4934.968025045297,11158.51,6245.46,0.004826172,362.743,0.005283203
247.71101022223613,0.0008141008042078169,5638.02937243251,11159.79,5543.046,0.004808594,381.9697,0.005332031
244.80575415074142,0.0005516746211614614,4277.726679244884,10848.32,6606.28,0.004736328,383.8923,0.005210938
252.9249811295432,0.0005573631635621314,5262.946885608529,11258.49,5958.983,0.004857422,389.6603,0.005328125
222.98546905917797,0.0019525882199536836,5396.511236764538,11261.05,5841.701,0.004673828,407.6052,0.00519336
228.72475484364807,0.0006669543900869883,4601.713512607705,10900.24,6379.406,0.004783203,385.1741,0.005226563
216.62323247152557,0.0007018478049813,6211.409632955842,11469.34,5294.382,0.004857422,367.8701,0.005369141
222.12997985409618,0.0005683230734426859,5518.822939048692,11248.88,5734.672,0.004810547,396.0692,0.005322266
250.37907766581418,0.0019840562506276515,5500.958136241142,11273.87,5780.175,0.004640625,406.3234,0.005117188
234.3071297851142,0.0006765796183859567,5677.848867911117,11309.12,5605.853,0.004839844,392.8648,0.005335938
225.3308496059841,0.000663643008283791,5574.6259070799515,11241.83,5641.103,0.004839844,374.279,0.005332031
236.281103011931,0.0005908932862995867,5947.56615218565,11418.07,5450.758,0.004910157,381.9697,0.005417969
235.08340007676964,0.0004850332907573465,5199.7723538898435,11087.37,5889.767,0.00494336,397.9919,0.0055
262.8970294750123,0.0005627599175353271,5660.029371601449,11272.59,5632.771,0.004914063,385.815,0.005410157
220.73615351264246,0.0017075964000810731,5194.249250905025,11080.96,5892.331,0.004712891,399.9145,0.005181641
220.08814203557253,0.0005930104943776867,4755.599892937155,11078.4,6333.262,0.004810547,398.6328,0.005314454
237.48685453667574,0.0005282158860005305,4822.401006338332,11088.02,6258.278,0.004871094,373.6381,0.00534375
231.64673015620508,0.0005881311947283353,5558.844544619513,11232.21,5663.533,0.004884766,409.5279,0.005361328
245.95601974544368,0.000667958272531133,5770.961131401138,11381.54,5488.571,0.00484375,374.9199,0.005353516
239.3384441768371,0.00037411159907039897,4326.082474949036,10897.67,6536.424,0.004857422,385.815,0.005310547
249.9854253066945,0.0018904454002897613,5078.691593227435,11184.15,6121.769,0.004671875,378.7652,0.00519336
250.24638658883595,0.0006518978456809964,4834.898234562093,11089.3,6238.411,0.004695313,385.815,0.005210938
211.65412337445852,0.0019134719506439164,5471.322457052866,11068.79,5580.859,0.004669922,367.2292,0.005136719
222.5796770784391,0.0005564531078211141,5232.153192205644,11157.87,5937.834,0.004916016,364.0247,0.005376953
226.55943625528727,0.0005068761028467428,5327.753173118945,11234.78,5941.038,0.004855469,397.9919,0.005335938
225.98784518440488,0.0005507307210478651,5654.74166253311,11265.54,5580.218,0.004888672,387.7377,0.005365235
250.0584688168006,0.0009207862325675724,4844.9288323661,11005.98,6198.675,0.004658204,380.047,0.005169922
211.83887424196132,0.0018213752881367463,5825.991345086766,11295.02,5484.084,0.00453711,356.3341,0.004990235
253.37959473116268,0.0016420071543092143,4548.0568956948155,10916.26,6373.638,0.004611328,376.2017,0.005117188
221.4417825378414,0.00055952679564692,4852.963755505223,11011.11,6209.57,0.004794922,387.7377,0.005294922
239.37975238409987,0.0007352534573637901,4836.029702543945,10941.89,6149.968,0.00478125,398.6328,0.005363281
258.74787276478656,0.000534310015813033,5670.7665994457675,11250.16,5599.444,0.004945313,397.351,0.005408203
233.64111328069933,0.0006405315168334642,4814.3001095878535,10896.39,6089.083,0.004722657,385.815,0.005226563
241.3757258017563,0.0006977487647607245,5237.670589142931,11179.02,5939.756,0.004763672,412.0914,0.005279297
229.39912030122358,0.0005137847524230708,5499.127592367455,11237.34,5717.368,0.004916016,369.7928,0.005455079
238.7191888274968,0.0006484299612088056,5503.424567983448,11218.76,5689.169,0.004824219,381.3288,0.005306641
233.9696691172778,0.0005910293482430238,4999.481584330763,11146.98,6138.432,0.004871094,379.4061,0.005363281
235.5343685197826,0.00048099605653110567,5618.04068411391,11248.24,5625.08,0.004933594,381.9697,0.00547461
246.54214314811782,0.0005536816537733008,5598.608949920531,11299.51,5712.241,0.004857422,381.3288,0.005347657
253.1286790922085,0.0006426091576987808,5805.755588376703,11314.89,5512.925,0.004931641,398.6328,0.005455079
235.3780463532466,0.0004522941605113087,5268.17025338294,11064.3,5726.34,0.004927734,385.1741,0.005423828
226.40964967619763,0.000533201978689491,5225.391075895939,11097.63,5850.032,0.004917969,394.1465,0.005410157
248.67169383692152,0.0005382422589478406,5454.497469986774,11235.42,5802.606,0.004886719,386.4559,0.005361328
250.88950916808568,0.0005922832964225674,6220.545917734973,11418.71,5218.757,0.004855469,372.3563,0.005429688
238.49825013278618,0.0006341185182920466,5388.502121813824,11104.04,5765.435,0.0048125,389.0194,0.005298828
233.22723589871228,0.0006125941001979985,5334.77191578864,11193.76,5860.286,0.004748047,390.9421,0.005261719
216.08642056882934,0.0006695083774464988,4285.303248329698,10835.5,6606.28,0.004732422,375.5608,0.005158203
227.65268799487532,0.0008507800151135986,5904.637879576868,11345.65,5464.857,0.004869141,375.5608,0.005386719
248.0238822584859,0.0006141093656649929,5508.815490886032,11243.75,5734.672,0.004914063,385.1741,0.005419922
242.27997435853098,0.0007709164173977774,6099.376947955334,11401.41,5265.542,0.004796875,396.7101,0.005322266
239.81293111461076,0.0005166752606549251,5133.0720523820055,11167.49,6049.348,0.00497461,369.1519,0.005460938
213.37930878543048,0.0005614724504725024,5090.904573375179,10988.68,5934.629,0.004867188,372.3563,0.005330078
251.11949534789184,0.000658776748171004,5761.101218699323,11276.44,5462.935,0.004841797,381.9697,0.00534961
251.44494833790532,0.0007441549721130217,5027.706189712087,11055.33,6023.712,0.004683594,406.3234,0.005169922
237.69287434495098,0.0007273223558667356,5452.164307591618,11120.7,5642.384,0.004826172,409.5279,0.005314454
239.53665318444143,0.0006341956398899057,5071.134827470418,11108.52,6062.166,0.004841797,379.4061,0.005328125
240.61208047030993,0.000426940937274136,5383.638341155392,11196.33,5804.529,0.004927734,380.047,0.005404297
210.0394474394368,0.0005150835200901968,4407.363136776563,10856.01,6358.897,0.004914063,355.0523,0.005431641
219.99582523715733,0.0009233566438215512,5516.666407231951,11184.15,5671.865,0.004697266,383.8923,0.005166016
213.20124002586778,0.00043917265015299333,5756.232784988961,11258.49,5532.792,0.004990235,374.279,0.005462891
213.94850164340298,0.0018864685085217153,4854.815800827774,11121.98,6185.217,0.004613282,369.1519,0.005138672
222.75739509605768,0.0008255517562133249,5792.023895131968,11317.45,5489.211,0.004746094,374.279,0.005310547
225.8248130912587,0.0004890226558150976,4742.086937169092,10988.04,6260.841,0.004933594,371.0746,0.005419922
246.15914858465888,0.0005214614676563169,5441.013472063344,11200.17,5750.694,0.004925781,390.9421,0.005384766
230.82194922597225,0.0006185217991133163,5619.4406063494935,11308.48,5740.44,0.004929688,390.9421,0.005419922
243.8514292112473,0.00044374881677731554,4901.4672490566245,11017.52,6146.123,0.004855469,396.0692,0.005328125
251.02617840650302,0.0006199063662721871,5392.188199251889,11198.89,5812.22,0.004839844,380.6879,0.005322266
247.33753287272023,0.0008673141282753822,4836.213667742286,11002.14,6206.366,0.004638672,397.9919,0.005080078
230.41193132421915,0.0004660752339768905,5753.421677694789,11328.35,5544.328,0.004945313,398.6328,0.00541211
248.8453472143929,0.001748363282438729,4981.127604265707,11088.02,6099.979,0.00466211,387.0968,0.005128907
236.47060188983792,0.000515459592536919,5299.373382296457,11159.15,5775.688,0.00484375,378.7652,0.005345704
258.70600203790025,0.0006111040908950656,5523.917974561186,11256.57,5756.462,0.004871094,393.5057,0.005384766
231.76186768592007,0.0006067580543518046,4917.9599911806135,11048.92,6176.885,0.004808594,384.5332,0.005291016
248.76235174395805,0.0005766553334352728,5542.899849380925,11219.4,5697.5,0.004902344,402.4781,0.00540625
225.48793636795023,0.0005115947014875552,4490.299841407511,10914.98,6366.588,0.004914063,376.2017,0.005373047
254.91788095124946,0.0018724189466011538,6012.634249679102,11409.74,5361.675,0.004685547,383.8923,0.004970703
221.3119372305225,0.0007731080104024009,5128.615825390951,11111.09,6016.022,0.004753906,382.6105,0.005253906
244.94277640285094,0.001777257478960747,5644.624354389305,11222.6,5589.831,0.004671875,383.8923,0.005132813
229.07247407079237,0.0005442101801910968,5982.239899241976,11345.65,5336.039,0.004841797,377.4834,0.005410157
235.1849555928697,0.0006419356020831009,5752.3361761035685,11311.04,5529.588,0.004882812,380.047,0.005431641
224.44864984118638,0.0006438064457355497,4994.833122162929,11101.47,6091.647,0.004814453,372.3563,0.005287109
216.80600337774675,0.0005326605104761886,5113.559600343432,11130.96,6034.608,0.004835938,375.5608,0.005316406
235.2004900133765,0.0006294889472667055,5645.728876664111,11263.62,5605.853,0.004855469,379.4061,0.005363281
233.5351704257181,0.0006280808768471903,5370.509764309343,11220.04,5823.755,0.004857422,374.279,0.005310547
249.62498392689585,0.00175637336469697,5678.238450052673,11186.71,5517.411,0.004683594,376.8426,0.00519336
221.28282823594355,0.0005705998242516249,4687.3899445125835,10975.86,6307.626,0.004736328,385.1741,0.005222656
225.879136442739,0.001929065756664934,4754.382161308262,11030.98,6319.163,0.004613282,381.3288,0.005083985
221.45049851124,0.0008194970538361634,4801.822431852345,11063.02,6274.3,0.004666016,367.8701,0.005123047
251.79892322764928,0.000496946817117487,4909.327443303714,11095.07,6184.576,0.004898438,378.1243,0.005375
225.49097061511057,0.0007205126477619543,4679.9248123989355,11038.67,6389.02,0.004664063,364.6656,0.005183594
225.31427245882125,0.0019113625763120198,5322.819003570714,11116.21,5802.606,0.004642578,371.7154,0.005169922
253.7092259896074,0.0018614789488020091,5774.560592044186,11277.72,5492.416,0.004669922,371.0746,0.005171875
249.87027609302007,0.001843678000596131,5267.864570344104,11179.66,5917.325,0.004671875,404.4008,0.005150391
230.09996161996614,0.0005962316321677015,4711.5697559224955,10968.17,6281.991,0.0048125,371.7154,0.005300782
245.6436536207446,0.0005565985794217473,5582.9797556221465,11179.02,5618.03,0.004900391,389.6603,0.005363281
241.50688055611207,0.000621840310846835,5558.930851740215,11283.49,5730.186,0.004839844,374.279,0.005316406
237.3536926511874,0.00180845890531313,5023.279889029488,11102.76,6061.525,0.004628906,382.6105,0.005185547
234.80876628384166,0.00045474542570751416,5055.725286096627,11095.71,6034.608,0.004957031,381.9697,0.005464844
236.44748235314574,0.0009229981401707237,5408.181086303644,11195.68,5769.921,0.004828125,360.8203,0.005300782
232.81165658002416,0.0005876170723419892,5787.045368376,11300.15,5546.251,0.004931641,419.7821,0.005453125
224.05219754349338,0.0006135855732216078,5675.375111544737,11138.0,5490.493,0.004871094,374.9199,0.005408203
225.90395279683725,0.0006546007011889735,5539.361000871511,11082.25,5558.427,0.004869141,398.6328,0.005326172
243.16572463996044,0.0017628443655229396,5474.050483323131,11200.17,5748.771,0.004669922,359.5385,0.005167969
243.40966309006373,0.0005927880674761924,4999.003996967864,11138.65,6090.365,0.004841797,401.8372,0.005337891
249.06063941250412,0.0007298713625262641,5177.791318290401,11146.34,5946.806,0.004841797,354.4114,0.005345704
221.33922263076312,0.0007212339516687572,5378.633870610188,11150.18,5812.22,0.004800782,393.5057,0.005228516
243.71951387080787,0.000574234879180609,5568.2749401860765,11249.52,5649.434,0.004857422,386.4559,0.005347657
240.9827498747466,0.0006358782266315442,4830.27859949344,10987.4,6205.084,0.004707031,386.4559,0.005203125
236.46636037839113,0.0006143559730032329,6053.927256035443,11394.36,5344.371,0.004871094,396.0692,0.005410157
233.5634029381506,0.0005814938413066205,5268.2789483511615,11192.48,5925.657,0.004841797,387.0968,0.005318359
246.53316530908089,0.0007764481901161356,5356.6750899292165,11160.44,5817.347,0.00475586,381.9697,0.005283203
226.72220209650294,0.0008406066222014656,5182.314108429793,11170.05,5978.209,0.004679688,364.0247,0.005197266
255.66708805508713,0.000534245681464441,6127.542095805698,11412.3,5243.751,0.004914063,410.1688,0.005470703
225.69168674147542,0.00189174762121681,5259.0629046538825,11191.84,5928.861,0.004595703,372.9972,0.00509375
219.94201343244268,0.000582805827702932,4889.408749507147,10959.2,6049.348,0.00472461,369.7928,0.00519336
242.74737641487565,0.0005432440982699868,5411.066273212875,11236.7,5814.142,0.004957031,374.9199,0.005453125
240.30935772163537,0.0009572136092584283,5421.243964923429,11245.03,5792.352,0.004716797,397.351,0.005191407
231.55791792089215,0.0007528543700110184,4768.068147610506,10988.04,6209.57,0.004779297,352.4888,0.005326172
232.73378501269505,0.0016848679850692875,4246.856948909164,10894.47,6535.783,0.004619141,387.7377,0.005150391
229.04615157436817,0.0006517198042049803,5540.500575210683,11248.88,5694.937,0.004873047,377.4834,0.005369141
211.21711316677568,0.0006064559770315354,5084.089465430479,11186.07,6124.973,0.004898438,372.9972,0.005355469
221.07070270277376,0.0005661624105907261,5649.3680716851895,11113.65,5471.908,0.004855469,381.9697,0.005328125
243.66692465904063,0.0008018895407896323,4864.93047002457,10966.89,6092.929,0.00466211,381.9697,0.005179688
250.65836484828174,0.0006533175417610925,5658.626629168708,11290.54,5641.103,0.004841797,381.3288,0.005378907
232.65511214173338,0.0006968829404788417,5725.536953134864,11314.89,5564.836,0.004841797,393.5057,0.005353516
233.53150762514053,0.0004866676120370111,4533.103120785039,10992.52,6444.136,0.004839844,387.0968,0.0053125
251.98381952841393,0.0006091545153739632,6277.884951537725,11591.75,5211.066,0.004923828,383.8923,0.005435547
227.7937136891121,0.0006634766478662527,5251.341822277703,11063.02,5753.258,0.00478125,385.1741,0.005296875
215.02242400873592,0.0006039140040181545,5338.5995012094045,11082.89,5771.203,0.004751953,365.9474,0.005271485
227.53710431656856,0.0008208875158152372,5227.464464244585,11016.88,5795.557,0.004660157,385.815,0.005169922
214.38908556091286,0.0019256325274199894,5438.161275311663,11188.63,5763.512,0.004685547,351.207,0.005199219
231.99023196127956,0.0006536302842962743,5506.401406028101,11254.65,5772.484,0.004800782,376.8426,0.005287109
224.55869213158078,0.0007411926637200678,5434.87267321843,11100.83,5634.693,0.004806641,356.3341,0.005253906
216.0402894570881,0.0005810208053648582,5380.31439530764,11243.11,5851.955,0.004914063,376.2017,0.005419922
239.43718810019055,0.000753103835164006,5133.526773436119,11118.78,6035.89,0.004691407,385.815,0.005210938
219.91322942677093,0.00087043895393878,5186.69337676233,11166.84,6003.204,0.004753906,389.6603,0.005189453
233.77500054237976,0.0005770142152330968,5316.423989376276,11208.5,5933.988,0.004886719,387.7377,0.005345704
234.36202974526603,0.0005168321187963273,4866.023689042291,11033.54,6158.299,0.004917969,383.8923,0.005421875
218.6235329309048,0.002003766384034802,5732.56635737458,11295.02,5589.19,0.004697266,388.3785,0.005253906
234.83940202220785,0.0017365880975546092,4523.995471174038,10950.87,6462.081,0.004642578,387.0968,0.005138672
241.2132960674295,0.0007274871197552056,4723.670806530648,11047.64,6314.036,0.004753906,366.5883,0.005236329
234.12055930784788,0.0006398517381075073,5214.016032223706,11143.77,5917.325,0.004841797,397.351,0.005365235
240.52581729350635,0.0006430763698629667,5179.033379287357,11023.93,5848.75,0.004814453,371.7154,0.005275391
223.9552967971445,0.0008678144221555132,5505.756811763706,11243.75,5712.241,0.004650391,377.4834,0.005144531
246.25551485935472,0.0006279846676837893,5534.465133531521,11257.85,5680.196,0.004873047,390.9421,0.005353516
246.59702472502147,0.0017769448868737334,4641.893552095404,10892.54,6296.731,0.004638672,385.1741,0.005115235
253.24658758590112,0.0005289657298711709,4523.933219050934,10988.68,6360.82,0.004900391,392.2239,0.00540625
212.38018047388059,0.0005709612420369125,5176.828935910064,11205.3,6017.304,0.004873047,367.2292,0.005378907
232.77546796918415,0.0007066671819176434,4849.999593401768,11063.66,6244.819,0.004794922,384.5332,0.005234375
245.95060846188184,0.0007770321306317518,4602.839854114011,10952.15,6333.903,0.004628906,393.5057,0.005091797
241.08127431461307,0.0006833376779783778,5537.560545245639,11303.99,5748.131,0.004839844,385.815,0.005318359
254.0648583273368,0.0018811920858466996,4503.9293603006645,10795.13,6397.992,0.004636719,385.815,0.005091797
241.78722817176944,0.0005128553894474784,5261.477849097023,11202.09,5933.347,0.004914063,378.7652,0.0054375
246.88519945661602,0.000488337945678231,5861.7669738613195,11268.75,5396.283,0.004814453,387.7377,0.005332031
227.50012538077146,0.0007020548423323973,5419.496853346714,11162.36,5763.512,0.004830078,368.511,0.005271485
242.94982020999726,0.00045153970750645657,4799.271377483289,10984.19,6219.184,0.004839844,371.0746,0.00528125
230.0299764226418,0.00195622463943289,5197.385414139842,11092.5,5901.303,0.004435547,383.2514,0.005080078
238.0255043437261,0.0005241903104513844,4238.7562474389115,10827.81,6515.274,0.004900391,377.4834,0.005373047
237.18743611023285,0.0019668055324751593,5044.57723706147,11059.82,6039.094,0.004398438,385.1741,0.005035156
238.6950767880036,0.0005411051175119111,5540.179706161937,11216.83,5663.533,0.004931641,385.1741,0.00547461
214.27810951989923,0.0017839233036378351,5447.550328533385,11120.06,5650.715,0.004701172,371.7154,0.005261719
251.03694332194425,0.0006077217052372299,5281.1974623741935,11138.65,5860.927,0.004841797,396.7101,0.005332031
250.75519876061108,0.0005895855888497247,4871.785231353731,11152.75,6245.46,0.004839844,378.7652,0.005330078
250.5353882195612,0.0007554816170131827,4680.873467477372,11022.0,6354.411,0.004634766,366.5883,0.005183594
239.5237800856607,0.0017461406676429563,5846.7973807671715,11311.69,5468.063,0.004732422,377.4834,0.005259766
239.18516990696756,0.0006590682758213799,5754.14741854685,11179.66,5468.063,0.00484375,397.351,0.005322266
228.59056478949591,0.0005214675504614478,6186.274922234664,11369.37,5353.343,0.004972656,398.6328,0.005470703
234.70008609265182,0.0005504610400084545,5919.221921902075,11200.81,5469.985,0.004927734,364.6656,0.005404297
239.54855139506515,0.0017756813649604914,5312.924293685397,11112.37,5810.938,0.00465625,385.1741,0.005152344
238.43004876454532,0.0006235069996455469,5552.031105577878,11218.76,5639.821,0.00491211,383.8923,0.005390625
230.5607873969364,0.0018518029207067993,5593.275966511418,11210.42,5604.571,0.004689453,366.5883,0.005179688
248.38385627911404,0.0005970364064376131,4573.980730434595,10948.3,6387.096,0.004701172,376.8426,0.005195313
240.15443969391885,0.0007535952258488289,4748.555106178357,11045.72,6271.096,0.004667969,394.1465,0.00515625
235.3800044478449,0.0007492552343431875,5604.538518614301,11296.3,5670.583,0.004867188,384.5332,0.005376953
238.5474065009666,0.0005252243847440687,5425.729311190658,11233.5,5803.888,0.00491211,390.9421,0.00540625
249.98980867606284,0.0006035685646955187,5117.13485784032,11139.29,6015.381,0.004808594,390.3012,0.005246094
237.2113173125524,0.0006089599953709489,5398.625583924752,11093.78,5621.234,0.004796875,393.5057,0.005285156
247.3860766008698,0.0005343717709217938,5123.032328995952,11052.13,5892.972,0.004871094,371.0746,0.00534375
249.83762660157882,0.0004958506816586138,5396.664969480963,11250.16,5858.364,0.004947266,404.4008,0.005425781
240.76005211443052,0.0005948964671261162,4800.161078438012,10882.93,6271.737,0.004734375,382.6105,0.005242188
249.28235714676808,0.0007305059304887535,4871.901195902313,11064.94,6174.322,0.004767579,354.4114,0.005208984
233.5146078829937,0.0005013941146105981,5821.728195947756,11263.62,5535.997,0.004929688,378.1243,0.005451172
220.6411865593754,0.0005444582813618525,5892.237073305914,11344.37,5487.289,0.004927734,380.047,0.005478516
255.42475640007436,0.0005667668745018427,5578.887774475076,11290.54,5700.063,0.00478125,394.7874,0.005271485
252.42818370060454,0.0005013054523827367,4758.859338171256,11029.69,6235.206,0.004769532,379.4061,0.005332031
251.5848805443939,0.0005799025571348664,5377.507555904214,11201.45,5841.701,0.004886719,409.5279,0.005390625
236.47083408057685,0.0005654069070584225,5266.013886122525,11165.56,5881.436,0.004839844,371.0746,0.005294922
221.7566384210402,0.0006135326966165489,4769.538654172147,11045.72,6234.565,0.004814453,385.815,0.005310547
242.51863160234572,0.0019274972835679875,5709.6116653055415,11293.74,5623.158,0.00459375,369.1519,0.005152344
245.2690468844228,0.0006089062995908929,5221.4057151827865,11113.01,5850.032,0.004884766,396.7101,0.005464844
246.11052542933592,0.0007676550974920716,5575.653887776578,11243.75,5650.075,0.004751953,371.0746,0.005214844
228.92770884161712,0.0006910575638896939,5124.477236315393,11023.93,5916.684,0.004810547,372.3563,0.005302735
234.12175157516072,0.000513114969077273,4967.347074978248,10949.58,5972.442,0.004867188,387.7377,0.005345704
220.67714729241445,0.0006270016262489072,5436.811647869327,11221.32,5777.611,0.00491211,349.2843,0.00540625
223.65081659572036,0.0004683256859502617,4836.3554577702025,10974.58,6144.2,0.004886719,381.3288,0.005394531
222.11747951569282,0.0005656074047949832,5249.271747303054,11123.26,5848.109,0.00491211,385.815,0.005423828
247.89012986864336,0.0006325506779771612,5789.017438815543,11239.91,5380.901,0.004898438,385.1741,0.005363281
210.89306693447958,0.0019418837162785622,5169.127036378751,11095.71,5948.088,0.004609375,387.7377,0.005126954
234.71333805438366,0.0006629810817009341,6166.932853952927,11400.77,5280.923,0.004841797,387.0968,0.005355469
230.31896236909841,0.0005482460515320031,5628.46246298776,11287.33,5665.456,0.004871094,383.2514,0.005382813
224.8093421053018,0.0006725058796482838,5914.630846903919,11359.11,5454.604,0.004814453,380.6879,0.005287109
216.96309669102027,0.00044787750244559414,5317.095452137264,11233.5,5889.767,0.004855469,397.9919,0.005314454
249.8735239716304,0.0005777315343324103,5615.455795593527,11313.61,5953.856,0.004884766,376.8426,0.005414063
241.64500944238546,0.0006850975621631322,4163.802999694298,10838.07,6589.617,0.00466211,405.6825,0.0051875
240.62549044158678,0.0006233710089387958,4319.798438124106,10938.05,6571.032,0.004720703,380.047,0.005212891
223.5151673933149,0.000745980730926261,5472.21143729906,11132.24,5596.24,0.004826172,362.1021,0.005287109
253.3827431181121,0.0007057450224351056,5129.674008412586,11130.96,6014.1,0.004783203,376.8426,0.005240235
225.5078678042651,0.0006343197350265594,5611.067952066185,11232.21,5642.384,0.004841797,393.5057,0.00534961
234.0130554404523,0.0005845764850136078,4957.006794740534,11078.4,6150.608,0.004902344,388.3785,0.005373047
251.28201177938493,0.0006058568863230554,5928.970209708334,11380.9,5432.172,0.004857422,392.2239,0.005394531
240.53700362917067,0.0018926757650113923,5963.336261396907,11345.65,5450.758,0.004714844,389.6603,0.005210938
222.25609491109404,0.0004955008320669178,5253.361575653181,11273.23,6054.475,0.004972656,372.3563,0.005451172
237.98099606228195,0.0006369435800895582,4934.585230789682,11054.69,6140.354,0.004619141,398.6328,0.005169922
252.97795179012667,0.0018254395875064472,5506.342870231041,11222.6,5739.158,0.004685547,387.0968,0.005205079
236.54024272907404,0.0005255957468656528,5315.286685687856,11218.12,5889.767,0.004929688,414.0141,0.005388672
227.4804282095459,0.000530660445901806,5182.450978064721,11002.14,5844.264,0.004933594,384.5332,0.005404297
240.0959387053419,0.0007066790914782691,5096.493681834598,11139.93,6034.608,0.004798828,376.8426,0.005275391
244.23932268339317,0.0005030993562690276,5854.761002221066,11389.23,5523.819,0.004990235,381.3288,0.005503906
244.7714214591027,0.0006339983510495713,5287.1178750248555,11024.57,5767.357,0.004777344,380.6879,0.005222656
221.93618008008704,0.0008986630307400308,5626.382393116555,11200.81,5597.522,0.004685547,376.8426,0.005171875
228.02923855302868,0.001869882334153827,5536.973719513674,11207.86,5728.904,0.004652344,373.6381,0.00515625
253.31018411404042,0.0017869723942495047,4711.617777327987,11091.86,6357.616,0.00465625,372.3563,0.0051875
240.3539527760622,0.0006496297331721055,5368.944082112539,11293.1,5955.138,0.004845703,394.7874,0.005375
240.76911367200105,0.0006255597755468418,5055.859923423586,10947.66,6007.05,0.004839844,390.9421,0.00534961
213.4672603120577,0.0005361487586445502,5518.0358474953755,11218.76,5735.954,0.004916016,381.3288,0.005455079
229.21102261877382,0.0005824376645644281,5067.337222914542,11136.08,6102.542,0.004884766,386.4559,0.00541211
227.4225684399917,0.0005485392505026422,5170.536730294453,11171.33,6013.458,0.004900391,415.2959,0.005365235
240.65605417568688,0.0005027486348919449,4940.730699142633,11072.63,6096.774,0.004828125,403.119,0.005298828
242.82592779570854,0.0006658795621815163,5714.393931635341,11176.46,5441.786,0.004822266,389.0194,0.005318359
251.8175319039494,0.0006442117036817294,5513.402250621276,11278.36,5773.766,0.004806641,367.2292,0.005300782
226.45165284960433,0.001837426804309599,4948.679738770536,11096.35,6171.117,0.00471875,377.4834,0.005212891
243.60619085502256,0.0007209180887138155,5172.070369525382,11146.98,5939.116,0.00475586,394.1465,0.005257813
227.19469926920888,0.0007156329631531286,5312.769935991716,11066.22,5739.158,0.004841797,392.2239,0.005308594
241.18592096307995,0.0006359539498623055,5396.6958831935335,11171.97,5780.816,0.004857422,370.4337,0.005347657
252.52015782443908,0.0008056935763957198,5366.924604483225,11132.88,5764.794,0.004708984,380.047,0.005277344
258.0988979956061,0.0005995848717722735,5477.37940190392,11198.25,5705.191,0.004898438,399.9145,0.005345704
245.47600794940104,0.0005898684716095648,5030.874120690824,11088.02,6075.625,0.004931641,397.351,0.005408203
213.06787161506313,0.0019509983437027223,5592.410739677225,11211.07,5635.975,0.004462891,364.0247,0.004990235
232.96624871968388,0.0005036121795642224,5515.410420293541,11240.55,5736.595,0.004972656,374.9199,0.005451172
227.08706202537155,0.0005640940769303836,5826.383449001227,11314.25,5457.808,0.004855469,376.2017,0.005351563
216.5543697734104,0.001836868166915495,5419.200675734325,11173.89,5756.462,0.004658204,374.9199,0.005179688
243.57693983505052,0.0018178864166959363,5063.809461055629,11169.41,6171.117,0.004628906,373.6381,0.005185547
227.40374829099014,0.0005827635316882558,5523.722481078204,11052.13,5587.908,0.004841797,390.3012,0.005289063
222.21265740917357,0.0008293947682104022,5882.809765570534,11267.46,5362.957,0.004960938,359.5385,0.005486328
219.66462241413967,0.0006109398604678657,5275.880331941215,11273.23,5942.961,0.004839844,372.3563,0.005333985
253.6388241756683,0.0006399934586153882,5526.228656676152,11305.92,5785.302,0.004841797,378.1243,0.005386719
231.25819791131102,0.0007545346723736765,4765.616764085515,11048.92,6281.35,0.004753906,395.4283,0.005298828
230.71199727042372,0.0006659980144620205,5257.729600065812,11007.26,5710.959,0.004857422,358.8976,0.005347657
233.09183124098945,0.0006788125747572379,5427.642113218587,11146.34,5721.213,0.004828125,379.4061,0.005314454
236.47652357861236,0.0019171033745189945,5327.309266870125,11254.01,5912.839,0.004699219,374.279,0.005185547
231.40938183693567,0.000576931594216284,5484.555661998126,11052.13,5605.853,0.004855469,376.8426,0.005365235
236.5658230544805,0.000559292727405698,5441.541486180289,11160.44,5717.368,0.004916016,396.0692,0.005388672
246.39682528004633,0.000557009194496906,5454.094550648795,11211.07,5760.307,0.004931641,400.5554,0.005460938
247.0468941245579,0.0007788400333248573,4849.0484798105035,11112.37,6267.892,0.004654297,403.7599,0.005150391
238.09908438784652,0.0018226736684418756,5835.875426492514,11300.15,5483.444,0.004759766,382.6105,0.005291016
243.60678038707226,0.0006680919012125617,5786.8694118233625,11317.45,5436.018,0.00484375,395.4283,0.005335938
239.02287077428983,0.000615592926656127,4875.027974082948,11095.71,6256.996,0.004857422,376.8426,0.005300782
236.18215795532606,0.0008658948115695867,4828.489486565935,11134.8,6298.654,0.004658204,365.9474,0.005185547
226.9432849254587,0.0005725840419026223,4483.30801776933,10859.22,6407.605,0.004705078,385.815,0.005222656
224.89760895974928,0.0005205328813639321,4958.448571441555,11020.08,6082.674,0.004929688,369.7928,0.005449219
239.90568488785655,0.001964833195150922,4974.805658703518,11083.53,6123.691,0.004564453,389.6603,0.005054688
220.79296305796856,0.001882828913244538,5234.613696726557,11145.69,5896.817,0.00465625,397.351,0.005132813
255.3596511323361,0.0006750179397843917,5534.394663720118,11273.87,5743.003,0.004644531,385.1741,0.005181641
254.63108762383348,0.0005542103312586696,5095.3010452330145,11193.12,6073.702,0.004873047,389.6603,0.005375
248.20660854198772,0.0006172471075535995,5486.638525966881,11149.54,5717.368,0.004916016,422.9865,0.005357422
210.8216499391672,0.0007012995253907444,4851.157437068039,10941.25,6135.868,0.004785156,374.279,0.0053125
224.37423307567445,0.0004952692463682113,4711.185197039936,10914.98,6296.731,0.004888672,367.8701,0.005341797
224.8502598783153,0.0004102298214380232,5692.71448565452,11228.37,5552.019,0.004988282,373.6381,0.005453125
241.77933289158554,0.0005751240622587348,5535.81939761353,11183.51,5645.588,0.004916016,385.815,0.005451172
232.12395881171744,0.000579383757926997,4556.80500376425,10872.68,6284.555,0.004871094,376.8426,0.005332031
221.6525867586753,0.0004851886162297829,5321.694721801523,11068.15,5774.407,0.004888672,355.6932,0.005378907
220.79036800063975,0.0006882986529259523,5125.8966591030785,11114.29,5941.038,0.0048125,388.3785,0.005345704
223.35120336271586,0.0006649307066435274,4869.502098723508,10984.83,6154.454,0.00475586,385.815,0.005296875
245.15138784385869,0.000640787468558338,5046.270252822629,11096.99,6057.039,0.004769532,374.279,0.005228516
232.06013280947005,0.0008832883712185159,5342.079676373254,11186.71,5816.706,0.004730469,401.8372,0.005306641
213.64141504197482,0.0005067897394498719,5338.299707184989,11199.53,5776.97,0.004988282,369.7928,0.005417969
252.657633820445,0.0006811844151031958,5237.615196606278,11055.33,5855.8,0.0048125,380.6879,0.005302735
233.78409945419926,0.0007006755849145896,4729.255743190087,11023.29,6326.212,0.004675781,380.047,0.005166016
247.57641814250078,0.0006585654375072793,4866.410995977222,11050.2,6111.515,0.004851563,365.3065,0.005361328
241.59821394526804,0.00047700603956080014,5204.712645533642,11179.66,5992.95,0.004960938,387.7377,0.005464844
258.6926315039965,0.0004015946084323851,5712.779217259609,11215.55,5446.272,0.004927734,399.9145,0.005408203
233.0121479267263,0.0007392852556880636,5436.0047361483685,11060.46,5642.384,0.00478125,390.9421,0.00528125
259.150505550773,0.0018137566267391067,5596.759701699691,11261.05,5655.843,0.004685547,389.0194,0.005177734
230.75131209278084,0.0005532496133701922,5140.391839645873,11028.41,5874.386,0.004900391,370.4337,0.005394531
248.97103465624832,0.00042927395842810493,4739.956930395485,10925.87,6210.852,0.004873047,365.3065,0.005328125
216.5533186270708,0.0004989816651406301,5012.696545443408,11107.24,6102.542,0.004917969,378.7652,0.005423828
227.90278949346362,0.0005102544866685103,4988.040939098336,10979.06,6016.663,0.004917969,385.815,0.005375
249.53046591950684,0.0006532705055927404,5399.603837601007,11193.76,5780.816,0.004783203,414.655,0.005294922
241.5089076135745,0.0005845145974460795,4056.5896473040643,10653.49,6535.783,0.00478125,387.0968,0.00522461
222.47916673072672,0.0005744670567136992,5032.58529876849,11136.08,6076.266,0.004859375,364.0247,0.005376953
249.00070886364645,0.0006682745914022571,5526.768577411279,11237.34,5694.937,0.004888672,400.5554,0.005345704
239.69212411744783,0.0008842639385595432,5372.93411946742,11236.7,5850.673,0.00475586,385.815,0.005267578
249.65955620252134,0.0005571089335707326,5524.266792235822,11304.63,5750.053,0.004855469,398.6328,0.005382813
240.8569967823495,0.0006075987512363302,5365.864190171792,11142.49,5785.302,0.004824219,393.5057,0.005316406
234.51658367530743,0.0007200596599742558,5536.977070433712,11270.03,5783.379,0.004855469,374.9199,0.005333985
234.42976952967143,0.0005391196193201375,5217.869057196051,10997.65,5786.584,0.004917969,389.0194,0.005408203
228.26481609655985,0.0017583788215508151,5616.5567219522745,11271.95,5641.743,0.00465625,365.3065,0.00525
243.54348040215652,0.0018043200057013325,5625.61667770821,11186.71,5560.351,0.004658204,412.7323,0.005173828
245.2103132003285,0.0005100419191023843,5496.407718678753,11170.05,5733.39,0.004916016,383.2514,0.005376953
239.33183262160196,0.0006383089622538167,5463.916091578446,11198.89,5709.036,0.004857422,381.9697,0.005345704
229.57751805158546,0.0018643507669080547,5589.258198597583,11205.94,5625.08,0.004716797,369.7928,0.005238282
249.77057028066352,0.0006933159547490015,4708.366909094243,10910.49,6240.333,0.004814453,385.815,0.005292969
220.21046616045717,0.0006370154326601371,4977.058315257245,11007.26,6107.028,0.004824219,371.0746,0.00525
247.0893332198899,0.0006305167571770584,5124.344653345395,11167.49,5998.077,0.004929688,387.0968,0.005402344
234.30502154581066,0.0006284817990555539,4917.456347807263,11045.72,6146.123,0.004900391,378.1243,0.005337891
232.3595841423927,0.001973472246474228,4555.080182820372,11065.58,6488.998,0.004617188,383.2514,0.005166016
241.0651309588341,0.0006726943464254644,4725.242089519274,10986.75,6212.134,0.0048125,387.7377,0.005320313
239.26718416918789,0.0005257749375071856,5082.626043538847,11143.13,6035.249,0.004884766,368.511,0.005390625
244.6765297717149,0.0007896583004672346,5000.130488828352,11075.84,6078.188,0.004634766,383.8923,0.005099609
215.0982150295635,0.0006182214058042521,5791.382001769211,11296.94,5473.189,0.004871094,370.4337,0.005363281
246.36043961280006,0.0009566491966118605,5406.003410974351,11138.0,5744.285,0.00484375,379.4061,0.005359375
237.22153823115937,0.0004625269717549765,5312.292943345282,11158.51,5860.286,0.004958984,385.1741,0.005447266
234.11842530178384,0.0005626215442260105,5334.699686750643,11223.88,5927.58,0.004826172,380.047,0.005369141
228.73403230884495,0.0005952146200083725,5214.5039881087105,11025.21,5748.771,0.004867188,370.4337,0.0053125
233.83563511752743,0.0018099020031994636,5815.191857215905,11243.11,5383.465,0.004667969,381.9697,0.005158203
246.1081539107025,0.0007051541328271449,4919.102071408791,11118.14,6194.83,0.004808594,376.2017,0.005253906
239.5708596271814,0.0006005672477043529,5071.690206290809,11198.25,6092.288,0.004751953,384.5332,0.005207031
204.92843303329298,0.0006543420005701985,5428.587755319656,11099.55,5659.688,0.004841797,380.6879,0.0053125
235.44928971236862,0.0006965883304689779,5402.401245627094,11204.66,5821.833,0.004837891,371.7154,0.00534375
238.52545133978654,0.0004775757708223925,5212.456252020095,11159.15,5924.375,0.004900391,381.3288,0.005419922
222.67852804907196,0.0005849327059675235,5000.507822071714,11135.44,6122.409,0.004871094,371.7154,0.005376953
250.172916452673,0.0017622393284781124,5548.184767028187,11243.11,5728.263,0.004683594,392.2239,0.005201172
246.7021788284977,0.0006746719579523751,4948.947167665269,11119.42,6171.117,0.00484375,390.9421,0.005326172
245.2016278530576,0.0005365450329434267,5597.089801796261,11300.79,5694.937,0.004884766,384.5332,0.005351563
232.9323287838947,0.0007426374734053268,4827.570862829222,11036.74,6233.284,0.004736328,357.6159,0.005222656
212.8248901220659,0.0003761334629636191,4883.986882101435,11011.11,6116.0,0.004900391,378.1243,0.005357422
236.86336299164614,0.0005481649168635087,5138.854357636851,11130.31,5965.392,0.004884766,389.6603,0.005330078
215.55940558700385,0.00041122771349801746,4664.57946542369,11026.49,6379.406,0.004900391,371.7154,0.005341797
242.81081460311614,0.0005297544325075039,5398.504029036452,11196.33,5791.711,0.004927734,403.119,0.005423828
238.7691437166066,0.0006346987529387582,4995.374984101871,11115.57,6139.073,0.004796875,369.7928,0.005316406
244.5441799468066,0.0006238465577616088,5398.121921372326,11204.66,5773.125,0.004857422,398.6328,0.005318359
266.4530844166808,0.0008781127009437264,5144.323259001225,11078.4,5939.116,0.004664063,379.4061,0.005148438
237.61663427983305,0.00041788688018060425,5034.711373245035,11068.15,6007.69,0.00497461,365.9474,0.00547461
211.560363224747,0.0006118295413922283,5666.5515253138465,11250.16,5586.626,0.004869141,383.2514,0.005328125
246.6480826516334,0.0019239462319149392,5788.686546902597,11329.63,5542.405,0.004685547,376.8426,0.00519336
245.46726623964466,0.000506222269413869,5463.02687266336,11270.67,5794.916,0.00494336,410.1688,0.005427734
249.1826967538014,0.0005060167502365305,5123.677239479626,11183.51,6034.608,0.004947266,378.7652,0.005402344
229.4591142645283,0.0006789241862737164,5580.370858026379,11159.15,5550.737,0.004869141,387.7377,0.005363281
246.4260644795402,0.0005895276379991326,4938.577188635194,11187.99,6175.604,0.004914063,366.5883,0.005402344
240.13192579640852,0.0019444896932327986,4883.589697510989,11095.71,6211.493,0.004582032,385.815,0.005126954
235.50153757727196,0.00048295362034732944,5552.244682614663,11239.91,5698.782,0.00497461,371.7154,0.005482422
221.39439447592648,0.0019036781524929952,5308.351973740984,11111.09,5777.611,0.004494141,367.8701,0.005060547
246.23447885990578,0.0018176821169740775,5121.417231177818,11169.41,6114.078,0.004671875,376.8426,0.005181641
225.53573254405276,0.000636825666453323,5346.434577083352,11221.96,5894.253,0.004841797,390.9421,0.005333985
253.09274007639323,0.00044137039780339776,4642.202816401984,10972.66,6355.693,0.004867188,396.0692,0.00534375
241.274747771461,0.0005972515608015,5183.84672417749,11190.56,6004.486,0.004884766,358.8976,0.005388672
214.4178019887779,0.0004314918622260102,4382.181534164734,10862.42,6530.656,0.004916016,366.5883,0.005355469
248.92636372915274,0.0005080337197453639,5503.746111340823,11175.18,5674.428,0.004927734,399.9145,0.005388672
236.40149385891047,0.0005749000952063986,4648.687401356742,11021.36,6341.594,0.004873047,378.1243,0.005378907
251.4947554007012,0.0005621330721349484,5364.614694047928,11072.63,5730.826,0.004869141,398.6328,0.005345704
217.49674322412062,0.0003753779151066441,5541.9543750817165,11236.7,5707.114,0.004929688,375.5608,0.005453125
236.2201788858128,0.0007719999797552952,5656.405840639429,11150.18,5513.565,0.004884766,403.7599,0.005388672
230.17170249682417,0.0007251331511580972,5246.398938514783,11143.77,5894.253,0.004763672,375.5608,0.005248047
243.25446383351348,0.0004275809743717381,4690.359874568901,11010.47,6340.312,0.004871094,383.2514,0.005359375
247.16462705880406,0.000651773337049596,5045.970589066359,10979.06,5871.181,0.004808594,378.7652,0.005285156
217.35563206477764,0.00048199714202458953,6113.887975286686,11459.73,5286.691,0.00494336,343.5163,0.005441406
233.84860857612532,0.0005986342722738975,5064.509988992765,11081.61,5982.696,0.004886719,412.0914,0.005392578
239.85277551226253,0.0005236764039120442,4599.71137723349,10977.78,6326.854,0.004914063,386.4559,0.005417969
248.83118088239263,0.0005833775685467194,4939.78281448816,11136.08,6170.477,0.004898438,380.047,0.005408203
236.70034250026134,0.0005510693754456284,4682.3624351647995,11067.51,6431.318,0.004720703,382.6105,0.005283203
244.3279363481749,0.0006055607115848084,5441.909834729561,11252.72,5795.557,0.004927734,367.8701,0.005404297
217.61855403416666,0.0005451154189352006,5012.04750936516,11063.02,5937.834,0.004871094,388.3785,0.005361328
230.70215679858876,0.0004717643469719362,5071.5360988646935,11079.04,6030.122,0.00491211,384.5332,0.005408203
244.96148706254718,0.0005597850302055831,5596.544661882341,11280.28,5651.356,0.004855469,398.6328,0.005394531
265.51218000458397,0.0007218011362283008,5561.896305929151,11303.35,5696.859,0.004830078,383.8923,0.005328125
206.54595699114188,0.0006048317796937587,5188.635485348203,11175.18,6000.641,0.004896485,355.6932,0.005357422
247.53276642778167,0.0007022355732003841,5335.4155710214545,11234.14,5891.049,0.004855469,387.0968,0.005330078
238.58714295600652,0.0006763705767367623,5372.358917392646,11241.19,5885.921,0.0048125,390.9421,0.005292969
244.25027268254476,0.00039839444248427393,5517.136279277274,11246.96,5726.981,0.004896485,387.7377,0.005353516
246.44367780226918,0.0005148838519988864,5533.428901720926,11247.6,5682.76,0.004916016,376.8426,0.005410157
231.12971721681444,0.0017879949867288165,5906.096259299704,11220.68,5425.764,0.004712891,376.2017,0.005232422
252.37341427428308,0.000571108657729476,5046.614651577,11168.13,6082.674,0.004896485,385.1741,0.005373047
254.8409999395969,0.0005189863913474128,5787.041512052194,11201.45,5400.769,0.004916016,386.4559,0.00541211
255.20286899777042,0.0006753876107641033,5829.2922808532585,11339.24,5471.267,0.004824219,383.2514,0.005300782
254.70292337969366,0.0005234373980269673,4934.791378903707,11054.05,6142.277,0.004962891,396.7101,0.005451172
233.91254375609506,0.0006361031635431574,5456.922773511404,11328.35,5807.092,0.004792969,359.5385,0.005273438
236.553866073256,0.0008562451472227492,4793.10859889345,11078.4,6329.417,0.004667969,389.0194,0.005154297
227.320688420613,0.0007695255843860936,4949.887248461875,11112.37,6199.957,0.004667969,351.8479,0.005226563
258.4535083344918,0.000611297906831139,5264.638872822174,10991.24,5789.147,0.004869141,370.4337,0.005341797
243.8934982828586,0.000540226753651726,5824.342451938967,11297.59,5519.333,0.004917969,382.6105,0.005421875
246.4398777437885,0.0005336966284827257,5621.217911969747,11114.93,5499.466,0.004900391,387.0968,0.005361328
235.92404899417113,0.0005257136055524163,5545.141115107332,11259.77,5724.417,0.004914063,397.351,0.005439453
222.65847356461822,0.0005626613436401607,5612.796238744339,11187.99,5599.444,0.004828125,372.3563,0.005285156
231.28028717066144,0.00044523655711787994,5315.3800029932245,11193.12,5874.386,0.004957031,389.6603,0.005427734
244.8563216571336,0.0005549287799108154,5463.256381440827,11221.32,5777.611,0.00488086,409.5279,0.005363281
213.29765451061382,0.0006206198996489888,5303.911656253923,11129.03,5857.082,0.004675781,367.8701,0.005175781
233.44349711439028,0.00189174183591657,5009.257274510217,11150.82,6118.564,0.004625,390.3012,0.005142578
212.09400955482045,0.0005503894823929935,5745.682465970173,11310.4,5619.953,0.004886719,368.511,0.005375
246.010916730108,0.0006233706460822691,5759.905830182916,11274.51,5508.438,0.004871094,380.047,0.005335938
236.71788204771627,0.000609639788994299,5565.7439299956295,11259.13,5668.02,0.004884766,389.6603,0.005365235
217.44142350293578,0.0005984805556244041,4952.257616120931,11086.09,6140.996,0.004884766,380.6879,0.005361328
227.44192650729718,0.0005302631715303525,4797.760257759179,11017.52,6230.72,0.004916016,380.047,0.005375
246.886858060266,0.0007460375333444435,5776.1344416955235,11257.85,5458.449,0.004839844,399.9145,0.005365235
231.50228987818923,0.0006175177656809367,6039.053773546904,11375.13,5293.1,0.004925781,390.9421,0.005423828
255.48658036764843,0.0006730055533355241,4529.624279769146,11043.79,6460.799,0.004763672,378.7652,0.005289063
247.30154642444057,0.0005710947257880866,5234.503079580852,11142.49,5926.298,0.00484375,383.2514,0.005365235
235.14405234879519,0.0005665964785919868,5187.558857187092,11191.2,6027.558,0.004884766,367.2292,0.005376953
212.54097215842359,0.0006015537280749573,5318.503730582315,11030.33,5672.506,0.004955078,365.3065,0.005390625
243.17170185281879,0.0018500674601859195,5576.700665558217,11280.28,5679.555,0.004685547,375.5608,0.005261719
239.09861626091606,0.000543113523875271,5481.069938687664,11184.79,5770.562,0.004898438,374.9199,0.005378907
244.00287944401035,0.0005996317599377117,5054.2050699487545,10979.06,5865.413,0.004871094,386.4559,0.005326172
246.2576388157867,0.00193650314944746,4997.384618610311,10984.19,6025.635,0.004644531,363.3839,0.005105469
245.35828618861524,0.0006293592954149044,5324.953213235688,11036.1,5791.07,0.00488086,372.9972,0.005375
233.38823542122674,0.0005331702281027563,5171.13958331001,11125.19,5953.215,0.004882812,364.6656,0.005355469
222.91710217516064,0.0004908156710825818,5457.631312677681,11141.21,5605.853,0.004916016,388.3785,0.005417969
223.44398843136793,0.0006128692769861424,4937.805184571471,11111.09,6174.322,0.004929688,394.7874,0.005402344
244.2940363196221,0.0017728898596605304,5813.006317251906,11273.23,5431.531,0.004958984,398.6328,0.005439453
226.04743782948628,0.0007183970831858564,4943.483933895966,11170.69,6096.774,0.004783203,398.6328,0.005242188
243.1709160711736,0.0006073892139518013,5081.928007418669,11115.57,6038.453,0.004916016,394.7874,0.005398438
247.05951217206967,0.0007392046925082789,5695.446407518554,11332.83,5628.285,0.004828125,394.1465,0.005316406
237.15013930983906,0.0008416919385589723,4639.43821663269,11007.9,6319.163,0.004617188,383.8923,0.005167969
211.56930048464238,0.000550736666109813,5508.778348665554,11277.72,5812.86,0.004927734,396.0692,0.005419922
232.67171144134608,0.000858977253188711,5755.688827716264,11285.41,5503.311,0.004746094,417.8594,0.005242188
238.60207164196154,0.000502579232949427,4337.2850935930655,10820.76,6643.452,0.00490625,372.3563,0.005355469
227.28158571688434,0.0004487557067893227,4986.2954324538005,11115.57,6142.277,0.004855469,381.3288,0.005345704
244.60662434579592,0.000528085049752575,5929.790601141945,11370.01,5445.631,0.004960938,381.9697,0.00544336
253.7846890387356,0.00047228205828400585,5103.9471278693145,11167.49,6072.42,0.004929688,397.9919,0.00541211
246.74523869514744,0.0005701325378512966,5173.035496848715,11175.82,5986.542,0.004896485,376.8426,0.005373047
244.74386229343355,0.0006062754386221874,4776.0949940531855,11095.07,6308.908,0.004751953,371.0746,0.005324219
236.96792325766464,0.0005807817747727857,6011.592896746175,11444.35,5328.349,0.004925781,376.2017,0.005519532
227.142227911296,0.0006283655876786448,5034.9111964822705,11124.55,6067.293,0.004882812,406.9643,0.005388672
226.07953624049668,0.0005870682195826126,4676.306189892702,11080.32,6393.505,0.004707031,344.7981,0.005167969
239.91158615636908,0.0006053480373763273,5421.01629572963,11261.05,5841.701,0.004896485,394.7874,0.005365235
241.93020742658814,0.0005751468063787002,4356.538006412862,10908.57,6597.949,0.004707031,367.2292,0.005177734
234.57499090680773,0.0007392748367921418,5480.537575756273,11233.5,5751.976,0.004871094,392.2239,0.005408203
228.15997047885764,0.0017222104975707694,6091.514373727969,11302.71,5299.509,0.004828125,365.9474,0.005333985
246.5971228408258,0.0005122251138449736,4889.9812058219495,11059.82,6169.194,0.004898438,365.9474,0.005363281
235.45468086419513,0.000731518928171655,5315.969523463448,11120.7,5800.042,0.00478125,374.279,0.005271485
219.19342425905683,0.000727344724641559,5785.33098253482,11306.56,5486.648,0.004859375,392.2239,0.005363281
241.26808170460856,0.0006451739116944007,5333.1827513756,11212.99,5892.331,0.004828125,406.9643,0.005314454
215.86526097667834,0.001825028976653249,5455.059147946475,11094.42,5617.389,0.0046875,367.8701,0.005146485
238.6473291236849,0.0007362738323742296,5075.523263645289,11141.21,6062.807,0.004740234,390.9421,0.005265625
218.41714882671198,0.0007072393756114606,5797.623778342594,11311.04,5518.692,0.004800782,378.1243,0.005289063
214.36017517648392,0.0007972597378824013,5765.417309034663,11329.63,5569.323,0.004794922,374.279,0.005294922
245.24673706639732,0.0005274136115037254,5882.289960199454,11328.99,5410.382,0.004898438,374.279,0.005441406
229.50627646869367,0.0005031012894801805,5101.5483550738745,11023.93,5891.049,0.004914063,377.4834,0.005419922
252.19607175502557,0.0004909751895159457,5284.356985199995,11181.58,5891.049,0.004947266,383.8923,0.005449219
231.43891577098668,0.000643671170268248,4359.077785310396,11000.21,6404.401,0.004765625,392.2239,0.005326172
234.63207341278198,0.0005768894058547994,4969.680896997258,11120.7,6158.299,0.004720703,376.8426,0.005216797
247.45889432214383,0.0005934681634829912,5082.572755547402,11243.11,6097.415,0.004902344,388.3785,0.005460938
226.086081292388,0.0006065916831651603,5503.686148853923,11212.99,5711.6,0.004900391,378.7652,0.005404297
230.8115929948573,0.0006135682512958747,5177.130814420769,11030.33,5808.374,0.004828125,390.9421,0.005271485
236.56731512664723,0.0019067665693888313,5117.653911457481,11150.18,6021.149,0.004636719,378.1243,0.005117188
248.61256280334837,0.0006323148340031952,4949.171650160393,11188.63,6233.924,0.004783203,366.5883,0.005339844
243.81032008930237,0.0018413291646449492,5349.086739770183,11209.78,5887.845,0.00465625,385.815,0.005199219
241.42419749238528,0.0007175690519924235,5379.094238652158,11177.1,5803.247,0.004806641,372.3563,0.005273438
227.80189381044246,0.0006128951096573134,5458.139310280805,11204.02,5745.567,0.004841797,381.9697,0.00528125
235.48456287220353,0.0006503039005911019,5457.8668961207995,11202.73,5756.462,0.004884766,381.9697,0.005392578
243.40806459586491,0.0005632054225768732,5422.512664837187,11223.24,5786.584,0.004841797,367.2292,0.005369141
229.96632744737082,0.0005264397984194868,5411.087477684873,11195.04,5791.07,0.00494336,408.887,0.005457032
233.878338156152,0.0008706156220544955,6051.4614453655495,11366.8,5265.542,0.004796875,390.3012,0.005332031
216.23937652597112,0.0007306773916911572,5509.290464247313,11225.17,5704.55,0.004828125,383.8923,0.005302735
216.1498131173962,0.0004993910723276551,5097.900948852416,11160.44,6032.685,0.004919922,369.7928,0.005400391
235.62733967675342,0.0005024260392721214,5940.751187747206,11258.49,5389.874,0.004873047,376.2017,0.00534375
225.28613035762285,0.001888700600482975,4707.425051345892,11084.81,6334.544,0.004640625,364.6656,0.005125
233.48610010782755,0.0017901069858281093,5554.759082952003,11141.85,5544.969,0.004689453,371.7154,0.005197266
234.606571353913,0.0007405808296128996,5722.311655856291,11291.18,5607.135,0.004767579,379.4061,0.005246094
234.52347228395652,0.0005129113215838729,5841.398408593015,11293.1,5362.957,0.00491211,386.4559,0.005439453
230.12504437946382,0.0006937027959517878,5192.953365006633,11146.98,5960.906,0.004794922,405.0416,0.005289063
242.20588758511894,0.0005400695445745973,4914.147985535591,11027.13,6136.509,0.004931641,387.7377,0.005400391
251.12824622707654,0.00044947904663018243,5438.053225964592,11079.68,5718.009,0.004867188,389.0194,0.005326172
235.42894523062216,0.0005822012700107911,5597.241199451678,11253.36,5648.152,0.004914063,401.8372,0.005394531
258.5138971163893,0.0004502603746616086,5385.575319614735,11313.61,5927.58,0.004929688,385.1741,0.005439453
231.7312685277223,0.0005291596930697402,4987.128307734299,11070.07,6091.006,0.004919922,390.3012,0.005404297
212.46028991328754,0.002179437324266906,5296.875017093457,11139.29,5795.557,0.004447266,368.511,0.005050782
234.0058556802036,0.0006250644610393887,5492.04396953738,11051.48,5557.787,0.004857422,393.5057,0.005314454
243.10786364589234,0.000806814355359659,5471.119750740305,11137.36,5582.781,0.004691407,389.6603,0.005232422
220.79272359182653,0.0005189000607091787,4411.925177708423,10827.17,6277.504,0.004888672,381.9697,0.00534375
239.21636797602287,0.0009010224573855242,5386.857390075937,11028.41,5708.396,0.004708984,411.4505,0.005195313
245.30026169681057,0.0006513739435745797,4903.911203145248,11095.07,6142.918,0.004783203,385.1741,0.005273438
224.81769619352747,0.0005815192034117645,4801.6331821687545,10984.83,6217.261,0.004898438,344.1572,0.005375
229.01051029306802,0.0006830469127943054,5290.007299342829,11132.24,5839.777,0.004841797,365.9474,0.005285156
217.9486154892912,0.00047726112731440954,4810.697264120624,10913.69,6240.333,0.004900391,371.0746,0.005421875
259.4726826669675,0.0007107875984808835,5159.070867519483,11049.56,5867.977,0.004708984,383.2514,0.005212891
228.54425640824735,0.000590332036280661,5204.060429710491,11250.8,5971.16,0.004857422,408.2461,0.005345704
239.40288947972468,0.0007037599107697965,5316.7662808355635,11082.89,5723.136,0.004824219,364.6656,0.005320313
215.01281596578778,0.0007565216778143315,5432.441140930125,11223.88,5740.44,0.004699219,370.4337,0.005179688
255.724528013503,0.0006120975703580067,6071.961657908496,11373.85,5396.923,0.004945313,378.1243,0.00544336
252.44965631707262,0.0004884619120108797,4397.531584816349,10973.94,6533.86,0.004958984,383.8923,0.005451172
224.80243531716056,0.000629068638066653,5427.041854610974,11245.67,5796.197,0.00491211,397.351,0.005425781
222.62727029533684,0.0007362932864279193,4986.654968812373,11034.82,5955.779,0.004826172,356.975,0.005347657
233.92000782690948,0.0005313628851300483,4841.28028027911,11029.05,6150.608,0.004900391,390.9421,0.005367188
218.03927837723637,0.0017999434241863306,5251.9862246239945,11084.81,5817.987,0.004658204,372.9972,0.005132813
238.58129156421586,0.00187494828031948,5320.917141792404,11073.27,5757.103,0.004671875,363.3839,0.005166016
245.93252173450165,0.000623054476660027,5251.605452780022,11036.1,5792.352,0.004708984,374.9199,0.005244141
228.96710450643485,0.0007242909645575737,4736.713813809769,11052.13,6280.068,0.004785156,368.511,0.005251953
234.78174141033713,0.0007434764300586267,4952.318389151053,11112.37,6148.686,0.00478125,403.7599,0.005267578
244.82620848880993,0.0007647796242994353,5180.552387575954,11199.53,5992.309,0.004654297,387.7377,0.005167969
237.78089399081014,0.00048088946987338165,4541.952122511733,10962.4,6360.82,0.004916016,393.5057,0.005382813
229.87470662597394,0.0007023902256616139,5485.418671909878,11240.55,5700.705,0.004886719,391.583,0.00540625
219.4604021749982,0.0005727181289700524,5391.704333009848,11117.5,5693.655,0.004917969,367.8701,0.005369141
236.2025750704324,0.0008100799994966328,5919.864779435279,11359.11,5448.835,0.00472461,386.4559,0.005291016
243.00129758853217,0.0006931704685321402,5683.914237628507,11286.69,5595.599,0.004839844,387.0968,0.005324219
213.84722468133558,0.0007874124611113077,5594.23817749128,11211.07,5669.301,0.004744141,401.1963,0.005257813
250.19353276385107,0.0005989524504561347,4419.211521500434,11010.47,6562.7,0.004810547,395.4283,0.005347657
240.040049199845,0.0018231602244486813,4624.250079249683,10820.12,6270.455,0.004695313,376.8426,0.005173828
247.0554723404851,0.0017759898453829858,5321.408667398793,11259.13,5932.065,0.004669922,390.3012,0.005136719
249.13459929897303,0.0017375559238159402,4985.950987262111,11081.61,6069.216,0.00466211,409.5279,0.005201172
260.3857189959203,0.0006137643072448041,5639.120981151019,11316.81,5624.439,0.004828125,363.3839,0.005341797
223.81757069923702,0.0007780552578555632,4777.8892998690535,11001.5,6230.72,0.004648438,372.9972,0.00513086
235.46834737282958,0.0008249570030389702,5076.148834601303,11033.54,5982.055,0.004669922,394.1465,0.005166016
233.9836409249221,0.0005105414843651897,5265.884610727569,11227.09,6000.641,0.00494336,392.8648,0.005373047
244.345428850047,0.0005815669752970423,6107.142893848856,11384.11,5366.802,0.004871094,405.0416,0.005351563
230.12347252461515,0.0007667970537307981,5810.76377869609,11357.19,5473.189,0.004740234,360.8203,0.005267578
213.28687326494045,0.0004940616305359106,5201.377123027293,11057.89,5820.551,0.004931641,381.9697,0.00541211
231.89164039088462,0.0006602296667880751,5611.194473157921,11210.42,5582.141,0.004830078,387.7377,0.005322266
238.7272573566463,0.0005977177080035873,6152.058763592118,11436.66,5340.525,0.004886719,387.7377,0.005462891
231.49529540226834,0.00038168702218619756,5875.873037026391,11381.54,5454.604,0.00497461,378.7652,0.005457032
231.79559769622537,0.0007214416293183992,4821.562539136454,11094.42,6258.919,0.004796875,409.5279,0.005232422
217.88346099602947,0.00074914568310377,4756.855737744683,11059.18,6263.405,0.004695313,374.279,0.005185547
230.7165656201799,0.0006634572415164078,5536.526442512441,11214.27,5733.39,0.004869141,371.7154,0.00540625
257.94146473387093,0.0007379864545757153,5196.564612019399,11197.61,6030.763,0.004753906,394.7874,0.005261719
251.29118824958735,0.00048383797423865425,5198.386634940135,11128.39,5932.065,0.004931641,381.3288,0.005392578
234.9586826267179,0.0006262105885576753,4812.291734213222,11076.48,6218.543,0.004679688,385.1741,0.005197266
238.66114920657873,0.0005174318834212163,5232.260723584443,11144.41,5917.966,0.004929688,361.4612,0.005392578
250.42848854195526,0.0005766344218038237,5308.29368605936,11165.56,5864.772,0.004900391,394.1465,0.005345704
222.97395562110063,0.0006374251961351529,5278.782713480417,11150.82,5899.38,0.004828125,367.8701,0.005298828
229.94434321507995,0.0006727108852408222,4629.456311516673,11050.2,6373.638,0.004654297,377.4834,0.005166016
223.388435629955,0.0006318880994868658,5066.549650728879,11160.44,6090.365,0.004681641,371.7154,0.005246094
238.05954264608985,0.0006755452270464278,5274.751580276111,11187.35,5939.756,0.004814453,390.3012,0.005361328
248.5077648499131,0.0006188682711098383,5967.759092857975,11334.12,5319.376,0.004871094,385.815,0.005365235
226.6207187641169,0.0005692794636595153,5461.521025135644,11154.03,5712.241,0.004853516,396.7101,0.005359375
217.6651099177145,0.0006437168464058717,5305.507763519861,11197.61,5880.794,0.004841797,384.5332,0.005347657
246.5954394278865,0.0006595729607370442,4968.435774703033,11164.28,6157.018,0.004794922,405.6825,0.005300782
238.90690476340555,0.00046709481390031665,5744.811652524793,11256.57,5487.93,0.004957031,382.6105,0.005451172
246.35196444153652,0.002000833996406976,5363.770209376055,11159.15,5777.611,0.004625,421.0639,0.005136719
213.83112253073455,0.0004898027536531123,5308.990731197561,11243.75,5941.038,0.004945313,360.1794,0.00546875
227.30679786187105,0.000643179009088583,5132.946272889202,11152.75,6012.817,0.004828125,397.9919,0.005285156
243.86642032476576,0.0009503247078938655,5214.392539976131,11121.34,5916.043,0.004617188,370.4337,0.005080078
248.92000436573338,0.0004698692855546189,4612.9925091558725,11000.85,6338.389,0.00490625,385.1741,0.005386719
233.53739146796937,0.0007091005593273019,4369.044893315304,10875.24,6571.032,0.004783203,387.0968,0.005238282
220.56210736349865,0.0006181485409711683,5134.323226775126,11000.21,5942.32,0.004916016,372.3563,0.005419922
218.63468397092288,0.0005513847061041463,5872.4709778983,11259.13,5522.538,0.004886719,376.8426,0.005361328
246.08432072219907,0.0004889128675538565,4476.03094422527,10947.66,6444.776,0.004914063,381.9697,0.005404297
221.01679109794543,0.0005744926843610917,5268.020939682218,11150.82,5873.104,0.004869141,388.3785,0.005357422
250.21876925903592,0.0006384764273830153,4536.176290896972,10810.51,6360.82,0.0048125,374.279,0.005304688
231.4070468060079,0.000637334674004835,5448.501477806059,11206.58,5760.307,0.004875,369.1519,0.005376953
252.07462509754643,0.0018020275492965612,4667.388481831844,11066.22,6323.008,0.004666016,396.7101,0.005183594
236.45268077226515,0.000593038790839016,5563.947202858413,11213.63,5593.677,0.004896485,380.047,0.005402344
243.35649569063332,0.0005122535750626424,5414.446513924147,11275.15,5867.336,0.004945313,393.5057,0.005408203
253.64838206647664,0.0006762221767767848,4931.448061315554,10967.53,6010.895,0.004632813,370.4337,0.005119141
236.00149149613242,0.00046931648382053323,5694.836021618103,11278.36,5608.417,0.004945313,379.4061,0.005392578
236.29864100606162,0.001969471272861361,5184.756500262591,11203.37,6023.712,0.00444336,374.279,0.00500586
233.31922709482743,0.0006609308436016196,5329.470724063853,11229.65,5895.535,0.004855469,368.511,0.005376953
237.3460170170632,0.0004150064091038298,4951.587089867617,11083.53,6133.945,0.00491211,402.4781,0.005369141
246.92215603526446,0.0007382450943467195,5160.424733018722,11036.1,5971.801,0.004794922,386.4559,0.005275391
240.27480285745082,0.0005893656678935451,5574.608257111877,11255.93,5691.732,0.004871094,374.279,0.00538086
215.87136508614472,0.0008443281653344985,5169.205217437907,11111.09,5904.508,0.004753906,365.9474,0.005273438
228.63171151554428,0.0006103101767223175,5271.332548543045,11052.77,5703.909,0.004835938,356.3341,0.00528125
254.92887216905402,0.0006209686798714533,4698.320767578861,11036.74,6424.268,0.00478125,381.3288,0.005289063
241.64862496765787,0.0005220387222369988,4539.815050915215,10882.93,6325.571,0.004933594,392.8648,0.00546875
229.85188337277583,0.0005195465045984429,4716.2086279359155,11005.34,6299.936,0.004902344,374.9199,0.005365235
244.38811603068413,0.0018700382679992468,4778.520776610031,11031.62,6247.383,0.004667969,414.655,0.005203125
236.6343123690786,0.0005766299744880144,5469.862592987028,11286.05,5796.838,0.004869141,405.6825,0.005333985
225.69403778820117,0.0005427662750136714,5475.425874530477,11284.77,5827.601,0.004900391,399.2737,0.00538086
219.10703817986087,0.0005926210202776659,5522.35991002633,11145.05,5651.356,0.004853516,392.2239,0.005330078
222.8393971778512,0.0007812696751710676,4977.305013734503,11084.17,6130.1,0.004679688,397.351,0.005181641
231.6930003685095,0.0018417605431879668,5544.457927987276,11223.88,5689.169,0.004490234,383.8923,0.005087891
224.07319191716766,0.0005168254930958063,5117.270501927954,11134.8,6048.066,0.00494336,369.1519,0.00540625
244.63593223785637,0.0005103668569859654,5395.4302276936505,11211.07,5864.131,0.004929688,365.3065,0.0054375
233.40198270961997,0.001947490865824432,5534.339948090973,11271.95,5769.921,0.004626954,376.8426,0.005119141
221.1890915689682,0.0006595485438221498,4093.2970849903954,10838.07,6592.822,0.004648438,382.6105,0.005216797
208.84849192917196,0.0004965017707961323,5475.64107530506,11248.88,5800.042,0.004958984,358.2568,0.005421875
249.9914097915294,0.0008580926665253825,4587.844008303217,11055.97,6394.146,0.004636719,410.8096,0.005152344
218.94208890330214,0.0006223667617295918,5610.875471312785,11273.23,5605.853,0.004841797,383.8923,0.005333985
245.42052559887418,0.0005316348457046476,5542.9412280174865,11285.41,5722.495,0.00494336,373.6381,0.005490235
216.50932220780714,0.0006170159684811801,5275.887865207526,11255.29,5987.823,0.004810547,375.5608,0.005287109
233.99811376739376,0.0006566712740667383,4965.5242298876865,10954.71,6084.597,0.004851563,379.4061,0.005316406
241.36046518107173,0.0018987191487218958,5230.954446111997,11207.86,6004.486,0.004623047,392.8648,0.005142578
244.1189905287069,0.0018076480130484924,5350.759930469214,11207.86,5878.872,0.004654297,379.4061,0.00521875
234.17887830167663,0.0018648383979090154,5832.559707056085,11239.91,5436.018,0.004701172,375.5608,0.00519336
231.53805965763237,0.0005000178207242613,4500.774880409417,10996.37,6543.473,0.004888672,362.1021,0.005365235
229.71094205831895,0.0006478097768921349,5400.682188428149,11121.98,5693.655,0.004826172,378.7652,0.005318359
237.44734128538244,0.0005532934806348962,4542.725159368242,10984.19,6430.036,0.004857422,401.8372,0.005289063
239.35956826247195,0.0018108970108561256,5309.541556087789,11200.17,5867.336,0.004703125,381.3288,0.005185547
237.71227824343632,0.0005852872460818859,5112.927504270238,11195.04,6042.298,0.00491211,371.7154,0.005417969
247.64084977979766,0.0005874448639547077,5430.470141658434,11195.68,5735.313,0.004841797,391.583,0.005314454
220.73433693659783,0.000745992246623886,5455.229845037752,11096.35,5678.273,0.004699219,367.8701,0.005212891
230.57696566803168,0.0006817273813321124,5050.428331026165,11012.39,5919.889,0.004679688,362.1021,0.005191407
246.51932739202175,0.0005161249309508154,5742.958345408021,11215.55,5437.3,0.004882812,379.4061,0.005392578
246.5463601338919,0.0007399813596494845,5636.675959273223,11120.7,5446.913,0.004701172,381.3288,0.00519336
235.95764980614413,0.000756776401217176,4423.624365937794,10781.03,6302.5,0.004638672,389.6603,0.005150391
240.86135507720036,0.001906408521708185,6016.51688493422,11416.15,5439.863,0.004710938,376.2017,0.005375
247.56087190396778,0.0006746401711331299,5348.850372303136,11065.58,5736.595,0.004871094,391.583,0.005296875
241.64592793168214,0.0005445867317378938,4855.98877659669,11101.47,6271.096,0.004869141,389.0194,0.005332031
249.35248899296803,0.0008047544249982555,5294.941142248219,11204.66,5908.994,0.004695313,383.2514,0.005230469
256.59693194001125,0.0005290324266184391,5124.667701400799,11203.37,6133.945,0.004933594,423.6274,0.005410157
223.95545795899122,0.0007825134474655328,5817.150092275824,11286.05,5554.582,0.004960938,383.8923,0.005480469
245.1361035826294,0.0007670748815927981,5247.1176019192535,11257.21,5997.437,0.004699219,385.815,0.005203125
257.88015507371193,0.0005838835885629387,4743.287862749819,10973.3,6201.239,0.004888672,381.9697,0.005376953
247.39458692377912,0.0019522898421551547,5282.244892820354,11155.95,5867.977,0.004644531,388.3785,0.005199219
246.54241237293024,0.0005843254152710145,6036.940556327408,11336.04,5389.233,0.00491211,406.9643,0.005378907
241.5034866526644,0.0003947887130038226,5488.823153256291,11219.4,5694.937,0.004914063,376.2017,0.0054375
234.05697417182776,0.0007488598019146915,5684.868136788353,11156.59,5528.306,0.00478125,379.4061,0.005308594
236.40834025050643,0.0004224988560506094,4732.627207325071,11124.55,6403.119,0.004841797,381.3288,0.005285156
224.09530341121342,0.000647697467996366,5154.383708591541,11010.47,5941.679,0.004841797,387.7377,0.005363281
243.1879358107716,0.0007112731640657502,5124.257402421364,11193.12,6114.719,0.004845703,381.9697,0.005294922
244.5145933101272,0.0005323332407200157,4480.352528749246,11004.06,6460.158,0.004919922,378.1243,0.005421875
245.79910908756622,0.0005659999697276131,5916.0924269303905,11348.22,5405.896,0.004841797,387.7377,0.005335938
244.47598929581912,0.0006743895224804672,5472.681958753238,11212.99,5735.313,0.004867188,347.3617,0.005316406
224.8358104258484,0.00065530762218957,5393.794266699032,11166.84,5749.413,0.004841797,365.3065,0.005298828
234.76344205099983,0.00028966357422898837,5736.709930163502,11326.43,5508.438,0.004900391,376.8426,0.005429688
229.64624721597545,0.0006962454943287528,4716.2866061966415,10997.65,6263.405,0.004798828,386.4559,0.005335938
241.56069918190917,0.0005225816264865236,5145.830219561064,11181.58,6028.84,0.004914063,358.8976,0.005375
231.53667438671621,0.0005989061602993562,4774.479516718594,10978.42,6210.852,0.004841797,384.5332,0.00534375
217.46075802240324,0.0007269118781318981,5128.612904571026,11144.41,6034.608,0.004794922,396.7101,0.005332031
224.65147622282956,0.0008094860073842297,5413.907068616603,11162.36,5780.816,0.004732422,368.511,0.00522461
245.34808823251944,0.0006848466671535703,5744.660450846215,11274.51,5551.378,0.004830078,388.3785,0.005333985
254.34151546639913,0.0007482779775012808,5800.309729215642,11223.88,5363.597,0.00484375,397.351,0.005345704
229.05268567270778,0.0006677207469678465,5397.290077618255,11182.87,5784.661,0.004826172,390.3012,0.005332031
234.30594772041962,0.0006064510335887901,4982.816896521572,11144.41,6103.824,0.004828125,393.5057,0.005291016
238.48397939237745,0.0018215822444507099,4720.8755470913065,10992.52,6369.792,0.004667969,391.583,0.005105469
241.59291155864327,0.00039366102383318283,4814.532398607555,11043.15,6205.725,0.004869141,388.3785,0.005326172
232.09178766541936,0.0008778644778090945,5567.166240021126,11221.96,5677.633,0.004673828,376.8426,0.00513086
227.67927632355546,0.0004603379679851418,4474.296230485767,10862.42,6366.588,0.004900391,365.9474,0.005355469
227.98321746742147,0.0005755218887940684,5063.087559335104,11021.36,5934.629,0.004857422,368.511,0.005330078
228.6007696073065,0.0005671630998083119,5131.613320593007,11166.84,6033.967,0.004898438,409.5279,0.005371094
244.4664045672691,0.0004710611925896269,4848.158958444055,11160.44,6267.892,0.004826172,397.9919,0.005332031
238.74818616240768,0.0007421487566152771,5544.445748363667,11272.59,5723.777,0.004664063,372.3563,0.005146485
249.6662204632988,0.00046880940328706253,4682.981650562429,11029.69,6436.445,0.004798828,386.4559,0.005306641
256.11407317015426,0.0008992775728457062,5202.525589348113,11142.49,5939.756,0.004681641,402.4781,0.005167969
244.8582315347911,0.000568309682870869,5460.695538641438,11245.67,5802.606,0.004908203,380.047,0.005421875
223.79529314557382,0.0007128956203153677,5329.454786267486,11233.5,5952.574,0.004798828,378.1243,0.005259766
241.8375457732746,0.0006079012960107188,5328.390904509653,11184.15,5834.65,0.004927734,387.7377,0.005466797
215.78501916468633,0.0006639776780459676,4926.7858705060335,11118.78,6214.697,0.004675781,380.6879,0.005144531
243.06703019909074,0.0006771377621607711,5098.396979674244,11211.07,6116.642,0.004779297,403.7599,0.005230469
235.3348460905652,0.0004948744936697249,5751.868844978411,11163.0,5437.3,0.00497461,368.511,0.005501953
255.59287090471517,0.0004947341344040501,4744.745147772092,11030.33,6306.985,0.004929688,388.3785,0.005392578
264.4675673866162,0.0007196979531430145,5459.882862722344,11264.9,5821.192,0.004841797,379.4061,0.005408203
239.55721903370326,0.0005162272004672775,5546.961218897025,11234.14,5725.059,0.004958984,391.583,0.005464844
221.97080606793827,0.0007790573957386265,5022.876170201326,11212.99,6218.543,0.004699219,405.0416,0.005183594
230.6677427840103,0.0005654863191954323,5639.70343829149,11238.62,5609.058,0.004841797,393.5057,0.005318359
