Station5_mp_87,Station5_mp_82,Station5_mp_89,Station5_mp_83,Station5_mp_84,Station5_mp_86
5050.36074368197,11350.78,0.00471875,6310.19,0.005185547,0.001728128196566373
5773.167493662686,11502.67,0.004900391,5726.34,0.005451172,0.0005565759306681057
5434.831461165539,11384.11,0.00491211,5932.707,0.00540625,0.000558386863351343
5557.2469177862895,11412.3,0.004927734,5839.777,0.005396485,0.0005480308400073608
5301.047487412728,11343.09,0.004884766,6045.503,0.005375,0.0004984662069996882
5368.317635675064,11403.97,0.004910157,6058.961,0.005419922,0.0005906244672455428
5486.530445874588,11413.59,0.00491211,5927.58,0.005402344,0.0005344106420770259
5425.757565380506,11345.01,0.00491211,5923.734,0.005386719,0.0005504141185390737
6018.875871254451,11507.16,0.004882812,5505.875,0.005361328,0.0006366972726793412
5256.728028134905,11382.18,0.004712891,6114.719,0.005222656,0.001747523119477567
5424.093261774561,11357.19,0.004800782,5929.502,0.00534375,0.0007100805288414043
5162.7435805167925,11341.17,0.004916016,6171.117,0.005402344,0.000609409624649062
5602.62422816713,11471.27,0.004884766,5850.032,0.005410157,0.000542773001702135
5575.22321301165,11453.96,0.004765625,5878.231,0.005287109,0.0006673780260034467
5836.415444289893,11501.39,0.004927734,5678.915,0.005433594,0.0005836488460341497
5366.670172835229,11373.85,0.004712891,6017.945,0.005228516,0.0017323778982896356
5136.06579996971,11330.27,0.004732422,6195.471,0.005294922,0.0004939712678849709
5610.389668893369,11408.46,0.004929688,5689.81,0.005429688,0.0005359204629278068
5235.468825193514,11428.97,0.004902344,6128.818,0.005396485,0.0005736365640450705
6062.815305311426,11536.64,0.00494336,5417.432,0.005501953,0.0005051153436141565
5225.378732984817,11322.58,0.004714844,6033.326,0.005191407,0.0016936832111788629
6053.769620998956,11536.64,0.004896485,5482.803,0.005421875,0.00055186949942837
5451.839276424666,11421.92,0.004748047,5937.834,0.005283203,0.0006879236506828205
5731.079250605589,11480.24,0.004923828,5748.131,0.005390625,0.00063000632995651
6261.410800718955,11616.75,0.004960938,5379.62,0.005517578,0.00044558235516859454
4924.067681284708,11281.56,0.004699219,6312.754,0.005160157,0.0018386688221199649
5759.060046073609,11390.51,0.004945313,5644.307,0.0054375,0.00043475902773680163
5422.059571365875,11364.88,0.004853516,5964.11,0.005388672,0.0005940342907097719
5874.635345914552,11548.81,0.004779297,5653.279,0.005396485,0.0006465724890941078
5332.234665436712,11334.12,0.004826172,5939.756,0.005355469,0.0006475258203741341
4600.48321381037,11104.68,0.004753906,6540.91,0.00534375,0.0007065882044858269
5639.429108945123,11487.93,0.004927734,5840.418,0.005431641,0.0005570526403414163
5457.7266746080795,11424.48,0.004730469,5982.055,0.005257813,0.0017105407937120201
5193.5633237464945,11288.61,0.00491211,6085.238,0.005390625,0.0006018509147058608
4838.3125486863055,11300.15,0.004751953,6488.998,0.00534375,0.0007076163980092565
4794.32652187909,11174.54,0.004779297,6402.478,0.005361328,0.0003749079351075389
5214.163259736153,11303.99,0.004730469,6067.934,0.005205079,0.0016295590613823272
5651.267679072313,11440.5,0.004726563,5814.142,0.005208984,0.0017792127099531027
5864.063898275747,11489.85,0.004955078,5625.721,0.005472656,0.0005029244384243568
5477.631201055051,11412.95,0.004896485,5928.861,0.005375,0.0005340202747360508
6318.795783654683,11652.64,0.004945313,5307.84,0.005488282,0.0004905608521193507
5030.0129798615835,11298.23,0.004855469,6289.041,0.005361328,0.0005418531076388309
6047.236020190041,11497.54,0.004945313,5437.3,0.00546875,0.0005087837052053053
5615.88627264975,11454.6,0.004814453,5841.701,0.005330078,0.0006777740212294918
5343.31166293976,11368.08,0.004919922,6008.972,0.005386719,0.0005703534294277648
4713.370389326836,11202.73,0.004806641,6483.23,0.005345704,0.0006315215838203928
5702.509151271023,11454.6,0.004582032,5715.445,0.005171875,0.0017631576989035687
5717.894455421991,11419.35,0.004914063,5697.5,0.005394531,0.0005503275110810089
4978.726271835416,11320.02,0.00475,6351.848,0.005302735,0.0006504398344382593
4936.0388551852775,11314.89,0.00475,6372.356,0.005326172,0.0004730702918388252
5820.346488141342,11468.7,0.004728516,5643.666,0.005253906,0.0007813969025107709
5541.0643946861655,11382.18,0.004910157,5889.126,0.00547461,0.0004642682107920379
5453.608110727256,11421.92,0.004931641,5965.392,0.005400391,0.000529023698459694
5441.754009754061,11421.28,0.00494336,5953.856,0.00544336,0.0004878249854666109
5733.536770127631,11393.08,0.004941407,5680.196,0.005449219,0.0005566340436311978
5926.005256804009,11445.63,0.004910157,5532.792,0.005408203,0.0006099704666700581
5076.898031970776,11300.15,0.004931641,6196.112,0.005447266,0.0005243887069079258
5378.855812488698,11374.49,0.004914063,5957.701,0.005382813,0.0004415973025030858
5835.11701043561,11537.28,0.004929688,5663.533,0.005441406,0.000469361651361126
5674.104036107628,11484.08,0.004931641,5826.96,0.005453125,0.000504432670603946
5112.739505954967,11370.65,0.004814453,6232.002,0.005330078,0.0006349042237911252
5930.2396181540125,11530.87,0.004916016,5596.881,0.005431641,0.000585558137849321
5995.794750031442,11511.64,0.004917969,5525.742,0.005425781,0.0005950474030730426
5495.007176649617,11433.45,0.004941407,5926.938,0.005435547,0.0004722497318016766
5079.081903477365,11342.45,0.004810547,6287.118,0.005324219,0.0006451740666403947
5668.867409196451,11422.56,0.00491211,5735.954,0.005386719,0.0005556678808497184
5583.899046302559,11399.49,0.004882812,5818.628,0.005376953,0.0005101228411014305
5409.374433629955,11438.58,0.004931641,6062.166,0.005396485,0.0004809854572496063
5337.955534498914,11392.44,0.004902344,6058.961,0.005373047,0.0005764874543270919
6063.329200718725,11448.83,0.004757813,5481.521,0.005291016,0.0016790998320172015
5468.77754975233,11398.85,0.004828125,5907.712,0.005359375,0.0006506184488094251
5019.09640879498,11334.76,0.004871094,6299.295,0.005373047,0.0005268380763494479
6209.163697748764,11609.06,0.004771485,5420.637,0.005316406,0.0018184624537351834
5356.702894768345,11364.88,0.004746094,5991.668,0.005300782,0.0017979249750841053
5499.285281001577,11434.1,0.004699219,5923.093,0.005246094,0.0018805070218792961
5419.917185667984,11421.28,0.004898438,5987.182,0.005369141,0.0006410340357799041
5857.890721382332,11479.6,0.00491211,5621.234,0.005402344,0.0006224886807592929
5329.59615759197,11368.08,0.004867188,6021.149,0.005384766,0.0005996855763422709
5397.946360113369,11386.67,0.004949219,5990.387,0.005396485,0.0004354913054951785
5409.602478135691,11468.7,0.004738281,6005.768,0.005271485,0.0007261033290043565
5893.749512833365,11543.69,0.004960938,5603.931,0.00546875,0.0005755215566784929
5895.120266612314,11451.4,0.00494336,5575.091,0.005451172,0.0004941812835886363
5675.345364626974,11467.42,0.004929688,5783.379,0.005421875,0.0005126884703578213
5420.035522584583,11343.09,0.004751953,5923.734,0.005347657,0.0006953730990378441
5281.232525126921,11380.26,0.004931641,6092.929,0.005414063,0.0005413060923337081
5062.51483760118,11345.01,0.004931641,6296.091,0.005402344,0.0005732412436147712
5263.9085979049905,11411.66,0.004904297,6139.714,0.005402344,0.0005819169361941187
5398.370407728973,11410.38,0.00494336,6001.282,0.005402344,0.00043394933589462807
4912.4132874575325,11229.65,0.004798828,6336.466,0.0053125,0.0006591675430151326
6171.110002040054,11559.07,0.004898438,5380.901,0.005410157,0.0005213717405549197
5702.361168329333,11370.65,0.004914063,5703.269,0.005414063,0.0003653484269083611
5092.372904809774,11358.47,0.004917969,6271.096,0.005445313,0.0005021228055634599
5466.325858504808,11393.08,0.004896485,5929.502,0.005375,0.0005640125079929403
4794.695225863519,11220.04,0.004916016,6446.699,0.005402344,0.0004695651977588667
5298.204118266157,11409.1,0.004757813,6107.028,0.005326172,0.0016975302357990134
5270.713120879481,11404.61,0.004867188,6149.327,0.005357422,0.0005291607868973213
5502.243800936495,11386.03,0.004929688,5880.154,0.005445313,0.000509300195727416
4796.1462866849415,11176.46,0.004779297,6417.218,0.0053125,0.000664631852422577
5395.356153661776,11382.82,0.004824219,5992.309,0.005378907,0.0006302365877227788
5360.124693593114,11422.56,0.004902344,6051.271,0.005421875,0.000566865953498636
4780.471682490745,11300.79,0.004748047,6488.998,0.00534375,0.00047792428417562424
5454.525544910622,11455.88,0.004933594,5980.132,0.005417969,0.00048080990694978747
5621.897500432476,11411.02,0.004960938,5761.589,0.005462891,0.00046694014265287025
5446.205248998167,11414.87,0.0048125,5987.182,0.005333985,0.0006623133710166488
4963.480435460751,11298.87,0.004916016,6378.765,0.005408203,0.000480134038620205
4886.121049058779,11244.39,0.004917969,6324.93,0.0054375,0.0004710868347722521
5901.543582620763,11472.55,0.004921875,5577.014,0.005423828,0.0005476626710994926
4983.843714698089,11334.76,0.004837891,6347.361,0.005396485,0.00046766442599974726
5247.492766290023,11386.03,0.004716797,6132.023,0.005269532,0.0017336935772408776
5777.594067493462,11483.44,0.004960938,5732.75,0.005433594,0.0004162344667940738
5664.754730255329,11439.86,0.004941407,5778.894,0.005423828,0.0006453407141261699
5292.351565662664,11439.86,0.004902344,6128.818,0.00540625,0.0005612371216100558
4708.1440230289045,11215.55,0.004767579,6536.424,0.005359375,0.0006787159802193503
5020.743902338382,11278.36,0.00475,6248.024,0.005251953,0.000689057161093009
5976.323000858315,11493.7,0.00478711,5500.748,0.005333985,0.0007439969296880311
5567.180324031087,11446.91,0.004955078,5905.79,0.005447266,0.0003592199252129031
4881.774350030221,11228.37,0.004810547,6377.483,0.005341797,0.0006496948637396262
5409.92028668913,11346.93,0.004898438,5971.801,0.005376953,0.00041167638187190663
5837.1473055145225,11468.7,0.004917969,5653.92,0.005408203,0.0005847841248842659
5607.638000352717,11343.09,0.004712891,5725.699,0.005169922,0.0018353849026626402
5540.657589567,11386.03,0.004914063,5848.109,0.005419922,0.0005259753312128877
5823.941922049748,11464.22,0.004839844,5650.075,0.00534375,0.0006183837570872769
5492.414187589404,11375.77,0.004669922,5864.772,0.005175781,0.0017399244224278036
5106.911460616394,11359.11,0.004931641,6230.079,0.005433594,0.00039828862717137127
5340.486496546462,11378.98,0.004822266,6045.503,0.005361328,0.0005980011970052977
5716.543123360678,11419.35,0.004931641,5744.285,0.005423828,0.0005622053143027509
5083.838525361793,11297.59,0.004898438,6223.67,0.005371094,0.0005060477367187836
5481.780714883348,11443.71,0.004902344,5943.602,0.005421875,0.0005471696723394444
4826.277538268819,11175.82,0.004751953,6315.958,0.005298828,0.0006803709206522979
4867.742686940865,11229.65,0.004761719,6394.787,0.0053125,0.0005857580598969042
5908.707341925681,11480.88,0.004808594,5607.135,0.005347657,0.0006524165971327967
5330.892939959416,11388.59,0.004916016,6074.343,0.005419922,0.0005814052442550967
5137.512766319489,11336.68,0.004767579,6173.681,0.005300782,0.0007953333839275207
5588.458716170266,11452.04,0.004728516,5847.468,0.005244141,0.001841319947040574
4569.873459335915,11111.09,0.004699219,6576.8,0.005195313,0.0018313741652622043
5570.737147547734,11447.55,0.004914063,5855.159,0.005455079,0.0004939533968245642
6205.140090123017,11571.25,0.004916016,5400.128,0.005490235,0.0006130149795417763
5626.846644580499,11382.18,0.00478125,5778.252,0.005306641,0.0006532196166679458
5128.651023528998,11368.08,0.004835938,6155.095,0.005357422,0.0004950662975381396
5116.351697407271,11334.76,0.0048125,6228.156,0.005357422,0.0006299041880404652
6092.667746694755,11596.24,0.004933594,5429.609,0.005441406,0.0005690587123127641
4846.613694530434,11301.43,0.004886719,6389.66,0.005353516,0.0005547351249753213
5448.819686175012,11380.9,0.004958984,5960.265,0.005496094,0.0004609124106308484
5575.146422964796,11447.55,0.004970703,5846.828,0.005494141,0.0005277229600171336
5488.269729640748,11402.05,0.004898438,5909.635,0.005394531,0.0005010367261223472
5379.664143445635,11431.53,0.004701172,6028.199,0.005171875,0.0017691376944646382
5514.1303676232465,11435.38,0.004882812,5921.171,0.005375,0.0005235698183358569
6291.001470170537,11582.78,0.004894531,5391.156,0.005386719,0.0005365400215885751
4910.667552459902,11295.66,0.004896485,6378.124,0.005375,0.00043558978810965285
5583.719977667401,11436.66,0.00491211,5852.595,0.005431641,0.0005632789995102656
4571.814117099542,11111.09,0.004886719,6483.871,0.005361328,0.0005535639357459669
5504.167992801124,11415.51,0.004955078,5875.027,0.005460938,0.0005614018122074906
5506.759418139842,11418.71,0.004925781,5900.662,0.005449219,0.00046692865483241954
6035.15245897333,11573.81,0.004978516,5560.991,0.005513672,0.0005120838133382419
5509.0590293293935,11425.76,0.004902344,5935.271,0.005400391,0.0005559014874478522
5415.193915200006,11440.5,0.004697266,6037.171,0.005175781,0.0018222291202700342
5045.3979837686065,11364.24,0.004794922,6280.709,0.005326172,0.0006327966644383422
5532.091310277968,11430.25,0.004914063,5900.021,0.005435547,0.000559405291498221
5710.381062540244,11421.92,0.004757813,5673.146,0.005222656,0.000701817686413757
4643.968173954846,11239.26,0.004751953,6481.948,0.005332031,0.0007007794255451203
5529.359315174846,11395.64,0.004699219,5837.855,0.005220703,0.0019510350925100698
4779.203898261127,11255.93,0.004919922,6544.114,0.005392578,0.0005581355137741936
5151.316117510395,11312.97,0.004751953,6173.681,0.005271485,0.0005029612102235729
5167.56141727143,11378.34,0.004791016,6203.162,0.005345704,0.0005783447154297933
5727.237220175777,11430.25,0.004748047,5668.66,0.00525586,0.0018695504240143976
4934.931048221461,11334.76,0.004904297,6398.632,0.005376953,0.0005592824531418629
5436.359986881725,11427.69,0.004900391,5996.154,0.005353516,0.0005144251779840836
5679.1319030977,11423.84,0.0048125,5767.357,0.005328125,0.0006463578948020699
5977.283670834339,11553.3,0.004927734,5549.455,0.005435547,0.0005777300744600883
5744.7345193301635,11458.45,0.004962891,5720.572,0.005453125,0.00044666660886592374
5356.790482085227,11355.91,0.004882812,5989.105,0.005369141,0.000415983096346475
5870.121686253972,11484.72,0.004990235,5632.771,0.005517578,0.00038329029881828197
4623.093229945181,11071.99,0.004783203,6385.174,0.0053125,0.0005914032271225163
5217.794200707424,11323.22,0.004810547,6062.807,0.005265625,0.0006757777575936865
5196.6238217462405,11375.13,0.004894531,6173.04,0.005375,0.0005284139733287045
6661.987552551607,11641.1,0.004957031,5220.039,0.005519532,0.0006283753001671043
5313.853750291544,11270.03,0.004947266,6053.834,0.005439453,0.00046543456022146885
4991.153815057478,11346.29,0.004900391,6321.085,0.005396485,0.0004917382052226188
4817.254239794224,11229.65,0.00475,6361.461,0.005310547,0.000678538024121654
5739.13858845838,11510.36,0.004763672,5785.302,0.005316406,0.0007677077728450358
5414.133723165618,11443.07,0.004884766,6030.763,0.005359375,0.0003921052739108686
5430.798532024848,11413.59,0.00491211,5970.519,0.005417969,0.0005256296398104423
5538.26013598567,11437.3,0.004925781,5883.999,0.005414063,0.0005397623708071332
5882.155922261203,11423.84,0.004896485,5534.074,0.005373047,0.00056611548240728
5037.599248894825,11361.67,0.004837891,6290.322,0.005314454,0.000471054222811051
5487.438496391473,11317.45,0.004931641,5824.396,0.005423828,0.0005099588815025127
5913.111587228122,11471.27,0.004763672,5530.229,0.005306641,0.0007155413582554704
4887.024026053869,11225.17,0.004882812,6273.659,0.005404297,0.0004079155944964459
5618.115568406151,11450.76,0.004964844,5823.755,0.005451172,0.000534793127790211
5607.93828965546,11421.92,0.004884766,5822.474,0.005373047,0.0006221032154775125
4822.065287865432,11325.79,0.004798828,6602.435,0.005298828,0.0006527029830098911
5390.0831378083785,11432.17,0.004896485,6017.945,0.005402344,0.0005307356014264387
5757.815785671317,11500.11,0.004728516,5747.49,0.005238282,0.001814718309651394
4757.658546211919,11208.5,0.004740234,6517.838,0.005269532,0.0007150094757464929
5476.517402830845,11366.16,0.004898438,5743.003,0.005421875,0.0006164908647454327
5525.848758778123,11439.22,0.00491211,5917.966,0.005410157,0.0004963605295853444
4690.073099962723,11169.41,0.004753906,6536.424,0.005298828,0.00041888010919423644
5827.022268951235,11515.49,0.004763672,5673.788,0.005326172,0.000703213576563869
5473.019112017965,11436.66,0.004783203,5971.16,0.005345704,0.0006709042367363828
5374.346306254015,11452.68,0.004914063,6042.298,0.005435547,0.0005619377998751587
4565.470983468026,11094.42,0.004931641,6383.251,0.005416016,0.0005114824582771773
5208.3098476875675,11367.44,0.004767579,6164.067,0.005371094,0.0007176605942537032
5548.225391944979,11440.5,0.004916016,5900.021,0.00540625,0.0005026024653560252
4807.062850987972,11284.77,0.004871094,6467.849,0.005388672,0.0005644258054646684
5500.525693255159,11435.38,0.0048125,5935.911,0.005345704,0.0007546823366700321
5567.054484487229,11438.58,0.004900391,5865.413,0.005390625,0.000611658895729435
5092.305921841448,11334.76,0.004763672,6249.947,0.005240235,0.0005870998435994545
5480.808798491214,11448.83,0.004914063,5969.878,0.005421875,0.0004922302415039602
5833.5799410483905,11502.67,0.004914063,5596.881,0.005435547,0.0006287063774159151
5371.3210731228855,11405.9,0.0048125,6032.044,0.005388672,0.0006501722803031056
4756.204143620887,11193.76,0.004779297,6441.572,0.005357422,0.0006056683265695162
5448.157226546562,11429.61,0.004931641,5986.542,0.005423828,0.0004809233253424761
5497.771401312115,11371.29,0.004701172,5864.131,0.005189453,0.0017482748807296136
5445.594930540665,11330.91,0.00497461,5916.684,0.005482422,0.0005719419171117251
5325.057957869068,11348.86,0.004769532,6050.63,0.005300782,0.0007239405782688503
4934.637987791737,11312.97,0.004751953,6388.378,0.00528125,0.0005114346640579013
5255.398142239411,11392.44,0.004945313,6119.205,0.005431641,0.0004332024405548871
4788.219145489898,11202.09,0.004753906,6405.683,0.00534375,0.0006803395025423846
5888.130847758843,11521.9,0.004927734,5615.467,0.0054375,0.0005648908326956802
5281.795965755041,11374.49,0.004878907,6101.26,0.00534375,0.00041333638339232726
4940.158992461185,11246.32,0.004931641,6324.93,0.005402344,0.000514433896355454
5043.167582304573,11292.46,0.004960938,6191.625,0.005417969,0.00048811957083388246
5275.279882814333,11312.33,0.004925781,6092.288,0.005431641,0.00047000921830195027
4988.065721561782,11318.09,0.0048125,6301.858,0.005332031,0.0006260448990025198
4396.762931576422,10921.38,0.004933594,6523.606,0.005384766,0.00047570996056345565
5523.844200815975,11420.0,0.004785156,5918.607,0.005347657,0.0006647930755841582
6163.582978309263,11569.32,0.004732422,5445.631,0.005246094,0.0018266553865784
5235.982628147793,11406.54,0.004884766,6162.786,0.005376953,0.0005380054622066996
5475.954354394317,11380.9,0.004927734,5908.994,0.005404297,0.0006054220494497597
5352.8930545999565,11428.97,0.004882812,6075.625,0.005357422,0.0005849980997390931
4952.137683442217,11328.35,0.004685547,6376.842,0.005160157,0.0017431342643586193
5424.672441038659,11344.37,0.004945313,5952.574,0.005421875,0.0005100521889881157
5899.977896934909,11472.55,0.004976563,5550.096,0.005509766,0.0004923785911014117
6067.956068989919,11532.79,0.004957031,5474.471,0.005455079,0.000539449048477001
6431.563829784067,11657.13,0.004728516,5221.961,0.005201172,0.0006545452004961813
5241.555745004335,11389.87,0.004878907,6128.818,0.00538086,0.0003736346646165179
5420.129230295781,11409.1,0.004828125,5973.724,0.005345704,0.0006614235335356029
5334.090255507336,11380.9,0.004769532,6036.53,0.0053125,0.000742604180058345
4840.05399450576,11244.39,0.004875,6366.588,0.005373047,0.000527654121914943
5989.71798160594,11469.99,0.004955078,5530.87,0.005466797,0.0004892775095230804
5446.944786198134,11420.64,0.00494336,5944.883,0.005453125,0.00048222042628308837
5417.083612141233,11392.44,0.004884766,5996.795,0.005361328,0.0005101953146584134
5482.49776209804,11309.12,0.004900391,5883.358,0.005359375,0.0005967969214717767
5744.050430218029,11487.93,0.004927734,5744.926,0.005392578,0.0005851241423051271
5005.021348313335,11264.26,0.004869141,6265.969,0.005345704,0.0005008216852492208
5892.875565035169,11450.76,0.004931641,5621.234,0.005419922,0.00048296513906668896
5900.827622565862,11516.13,0.004947266,5632.771,0.005453125,0.0004556645950593957
5743.514425807625,11465.5,0.004914063,5723.777,0.005402344,0.0005494433557885023
6058.0825113916135,11594.96,0.004927734,5568.041,0.005490235,0.0004766829018863419
5232.585828783731,11395.0,0.004898438,6153.172,0.005359375,0.0004248761228534772
4993.353055543021,11320.66,0.004916016,6328.776,0.005369141,0.0005871260741371067
5912.053910151299,11491.77,0.004923828,5604.571,0.005433594,0.0005824286262485561
4709.512971280735,11105.96,0.004916016,6308.908,0.00540625,0.0005217546308001903
5786.782318046325,11448.19,0.004927734,5638.539,0.005476563,0.000546177387169242
5479.764343536906,11472.55,0.004949219,5946.165,0.005457032,0.0005767491327692637
4791.926135269232,11198.25,0.004855469,6488.357,0.005337891,0.00046838776429084644
5811.813273988627,11496.26,0.004945313,5742.362,0.00546875,0.0005154048652724581
5107.047642758658,11330.27,0.004837891,6175.604,0.005324219,0.00036583199892058064
4870.93356150103,11145.69,0.004722657,6392.224,0.005240235,0.000535776210599166
5180.824545397786,11296.94,0.004933594,6119.846,0.005447266,0.0005077078371880947
5667.968850694962,11447.55,0.004929688,5810.297,0.00540625,0.000468747304265705
4975.017913861858,11271.31,0.004732422,6273.019,0.00525,0.0007433758335061658
4968.4855308422375,11362.96,0.004884766,6460.158,0.005359375,0.0005778296640749017
5803.920062426484,11461.65,0.004958984,5709.036,0.005464844,0.00045733157835108415
5562.222888305244,11432.17,0.004867188,5862.85,0.005357422,0.0003772157395691939
5208.889305240067,11411.02,0.004701172,6192.907,0.005195313,0.0019555817264359865
5736.575463859269,11447.55,0.004914063,5701.987,0.005410157,0.00047687487453085156
5196.707593566506,11357.19,0.004884766,6142.277,0.005361328,0.00047219757786292883
5430.934213339056,11412.3,0.004916016,5975.646,0.005388672,0.0004646964470710382
6073.886419971475,11564.84,0.004933594,5498.184,0.005439453,0.0006162903547578682
5772.970104278083,11452.68,0.004746094,5676.351,0.005222656,0.0017549929858678825
5291.486971046562,11361.03,0.004916016,6110.874,0.005416016,0.0005277209553497192
6070.22442967466,11560.99,0.004925781,5450.118,0.00546875,0.0005274630255772201
5393.539066781383,11396.92,0.00488086,5999.359,0.005386719,0.0003956737300057264
5599.348251863653,11462.29,0.004958984,5830.805,0.005484375,0.000512754767633265
5363.178674847288,11406.54,0.004714844,6042.939,0.005236329,0.001834394243485281
5004.80855553064,11322.58,0.004875,6169.194,0.005318359,0.0005588692850322564
6063.453719931159,11522.54,0.004929688,5448.194,0.0054375,0.0005288933749654052
5608.589151598303,11436.66,0.004929688,5822.474,0.005431641,0.0004533623092399234
6366.806288998118,11660.97,0.004925781,5321.939,0.005488282,0.0006185433757151363
6002.597474493519,11549.46,0.004927734,5521.256,0.0054375,0.0006221215908111816
5699.472526162796,11478.96,0.004931641,5777.611,0.005439453,0.0005754161776324995
5604.10573651866,11430.89,0.004798828,5826.319,0.005345704,0.0006755362302861749
5393.688494682024,11367.44,0.004929688,5969.237,0.005404297,0.0005280986504996513
5457.086330331345,11417.43,0.004927734,5927.58,0.005417969,0.00043828547458335196
5423.869887558043,11330.91,0.004898438,5967.315,0.005353516,0.0004774275685120392
5374.75335172509,11343.09,0.004701172,5947.447,0.005173828,0.0018693312017543295
4411.262477943547,10891.26,0.004689453,6660.756,0.00522461,0.0005122146519693059
5879.016376389673,11446.91,0.004728516,5546.251,0.005253906,0.001724001073818895
5506.8774470980225,11330.91,0.004925781,5836.573,0.005435547,0.0005667303232831338
5401.9562821600375,11411.02,0.004927734,6021.149,0.005423828,0.0005381441422319758
5419.799992069037,11359.11,0.004916016,5927.58,0.005386719,0.0005271308483936319
5215.148873307724,11279.0,0.004683594,6074.343,0.005169922,0.0017383794700084644
5109.9391020197445,11301.43,0.004902344,6226.875,0.005355469,0.000570700130905327
5469.05340928618,11444.99,0.004929688,6002.563,0.005460938,0.00048762215419793166
5258.26097250832,11320.02,0.004931641,6046.785,0.005419922,0.0005400161490946551
6023.555565530731,11530.23,0.004771485,5510.361,0.00534375,0.0019099009514335745
5076.371794930466,11381.54,0.004857422,6241.615,0.005359375,0.0005844103062881476
5666.093233011463,11479.6,0.00478711,5822.474,0.005289063,0.0007411206944716262
5652.316293223716,11382.18,0.004933594,5714.163,0.005451172,0.0005525076509402409
5609.523505285303,11437.3,0.004958984,5834.65,0.005466797,0.0004540731978514953
5373.102683727653,11372.57,0.004900391,5990.387,0.005435547,0.0005786102131226547
5750.74654709922,11482.16,0.00494336,5732.75,0.005447266,0.0005395832631642629
5976.054590029341,11483.44,0.004931641,5504.593,0.005439453,0.0005776004728733936
5367.866040322094,11375.13,0.004783203,5980.132,0.005326172,0.0006728133300666563
5959.341987563318,11521.26,0.004947266,5596.24,0.005457032,0.0004651590037590141
5996.645948249885,11523.82,0.004945313,5526.383,0.005470703,0.0005750362326275058
5238.398822967666,11398.21,0.004929688,6146.763,0.005419922,0.0004868550699058114
5760.374523342108,11475.75,0.004728516,5723.136,0.005234375,0.0017487259234866665
5304.513721611457,11322.58,0.00488086,6032.044,0.00534375,0.0005215079076923807
4767.503916765027,11216.83,0.004871094,6424.268,0.005376953,0.0004126343104652071
5706.926962383021,11412.95,0.004955078,5685.324,0.005433594,0.0005206863426387982
5642.5378647163525,11407.18,0.004896485,5662.893,0.005369141,0.00052919098519901
5421.846304372179,11349.5,0.004675781,5927.58,0.005169922,0.0019236053320333304
5525.198562069296,11437.94,0.004814453,5921.812,0.005371094,0.000646034761273859
4504.163975981788,11080.96,0.00472461,6555.65,0.005210938,0.0007901568420081031
5022.429100661163,11323.22,0.00465625,6294.167,0.005175781,0.0017667988404029427
4875.685125218584,11259.13,0.004720703,6417.218,0.005257813,0.0005046750107862127
5752.943229491425,11464.86,0.004744141,5726.981,0.005257813,0.0017346720277220886
4637.435621247341,11163.64,0.004914063,6507.583,0.005419922,0.0004501478579090022
5766.021182958424,11496.26,0.004886719,5743.003,0.005361328,0.0005548869640739397
5903.400248482465,11477.68,0.004923828,5548.173,0.005453125,0.0005165759660262977
5713.559906081446,11480.24,0.004914063,5782.098,0.00540625,0.0006038776542682835
5620.15853958926,11428.33,0.004884766,5808.374,0.005384766,0.00036956894824373686
4814.6753893346595,11209.78,0.004900391,6404.401,0.005376953,0.0005450133443997058
5554.4767589491075,11373.85,0.004900391,5792.993,0.005373047,0.0005532784036719424
5446.312886596815,11348.86,0.004916016,5922.453,0.005384766,0.0004790889411180346
5241.000912422624,11334.76,0.004808594,6127.537,0.00534375,0.0006538621244199825
5404.034694627016,11353.98,0.004914063,5954.497,0.005421875,0.0006145848644702066
5652.179206006957,11466.78,0.004712891,5808.374,0.005189453,0.0018278238750249276
4952.412072472769,11323.86,0.004826172,6374.92,0.005345704,0.0005477196344082367
5368.554068918255,11308.48,0.004931641,5955.779,0.005431641,0.0004658015302687664
4852.634939662277,11312.33,0.0046875,6412.732,0.005154297,0.0018768681040187676
4798.275005110067,11168.77,0.004929688,6390.301,0.005416016,0.00047040833213017765
5418.385770654084,11426.4,0.004964844,5981.414,0.005466797,0.00045292428030058266
5102.033055585801,11305.28,0.004917969,6189.703,0.005388672,0.0004677989841073567
5232.564590823523,11403.33,0.004826172,6194.83,0.005298828,0.0005972046317270871
6285.57811775317,11639.82,0.004916016,5419.355,0.005419922,0.0006009179294267734
5497.010103388863,11401.41,0.004767579,5898.099,0.005300782,0.0006455602289190709
4897.372218057772,11205.94,0.004869141,6291.604,0.005345704,0.0004688040527484939
5171.708758730971,11303.99,0.004902344,6098.697,0.005355469,0.0005642785401870768
4694.672611768783,11139.93,0.004660157,6382.61,0.00509375,0.0017954888750291536
5612.443931732655,11411.02,0.004900391,5837.214,0.005400391,0.0005240706144172
5695.208586923008,11473.19,0.004898438,5780.816,0.005398438,0.0005316411546799903
5701.104615840881,11464.86,0.004730469,5759.667,0.005220703,0.0007513156413639643
6033.714226204648,11534.71,0.004955078,5532.792,0.005470703,0.00040870603371301117
5174.420950104964,11394.36,0.004900391,6235.847,0.005419922,0.0005198662871966507
5791.020712612519,11471.91,0.004730469,5701.987,0.005220703,0.001723641479521851
4993.151697469739,11261.7,0.004736328,6289.682,0.005251953,0.0005238162550336236
4887.0247950026605,11226.45,0.004783203,6368.511,0.005363281,0.0006420490001935852
5998.8019977129725,11521.26,0.004916016,5455.245,0.005423828,0.0005232107170809777
6183.796931701862,11598.8,0.004945313,5441.145,0.005455079,0.00043044064836478306
4562.378626415626,10993.16,0.004929688,6558.854,0.005408203,0.0003863173218282233
5244.3034854651605,11375.13,0.004916016,6142.918,0.005410157,0.0004868737781119612
5789.201677737112,11472.55,0.004685547,5711.6,0.005175781,0.0006380749755384681
5433.9446780973685,11430.25,0.004683594,5996.154,0.005126954,0.0018160737499419836
4961.0563968783445,11275.15,0.004884766,6289.682,0.005386719,0.0003949777161886426
5325.458470078032,11352.06,0.004919922,6021.79,0.005388672,0.0005546005455222752
4868.344900939677,11204.02,0.004916016,6315.317,0.005384766,0.0005093900566436573
5593.098974504727,11399.49,0.004916016,5811.579,0.005392578,0.000569210621722222
5623.273938512989,11449.48,0.004929688,5825.678,0.005404297,0.0004975960359108756
4996.482688558182,11346.93,0.004701172,6387.737,0.00521875,0.0018243537716859243
5908.139893829666,11480.24,0.004910157,5557.146,0.005400391,0.00043799338384948396
5551.656715651222,11403.33,0.004929688,5848.109,0.005404297,0.0004787097710011666
5142.280884758807,11400.77,0.004925781,6245.46,0.00538086,0.000567695284075832
4789.070409523397,11222.6,0.004720703,6398.632,0.00534375,0.00048743683258846546
5798.346505158841,11450.12,0.004742188,5638.539,0.005222656,0.0008746773188016771
5537.186050059856,11416.15,0.004931641,5854.518,0.005425781,0.00047437547369787853
5600.187429306355,11386.67,0.004916016,5801.965,0.005384766,0.0005735677513549325
5030.119346491799,11360.39,0.004658204,6298.654,0.005199219,0.0017755670832438851
5458.670450709961,11434.1,0.004941407,5967.315,0.005451172,0.000486429161569408
5037.427905235567,11271.95,0.004826172,6255.074,0.0053125,0.0006466582541232756
5588.051610446874,11411.66,0.004798828,5816.065,0.005279297,0.0006583384273061085
5543.994139694962,11451.4,0.004900391,5912.198,0.00541211,0.000602544513154748
6013.3706583590565,11503.95,0.004744141,5505.875,0.005330078,0.0017774316735366662
5836.8622384019045,11480.88,0.004714844,5671.865,0.005238282,0.0007467623431305253
5902.094875681795,11505.23,0.004931641,5588.549,0.005441406,0.0005686896599401949
4716.729657219493,11215.55,0.004777344,6520.401,0.005363281,0.00045496068658916044
4986.032933640563,11313.61,0.004810547,6343.516,0.005373047,0.0006336422894327227
4984.843235036942,11335.4,0.00475,6249.947,0.005240235,0.0006272565736028735
5799.3584223129865,11525.74,0.004931641,5729.544,0.005416016,0.0005786742041554658
5460.99043937801,11403.33,0.004826172,5931.425,0.005345704,0.0006766049649556828
5038.939375643324,11287.33,0.004947266,6207.648,0.005431641,0.0005223062549635682
5735.731764876305,11461.65,0.00465625,5718.009,0.005107422,0.001820063447180074
5773.21520467821,11518.05,0.00491211,5744.926,0.005410157,0.00046147466092777813
5689.27720399331,11482.16,0.004900391,5780.816,0.005425781,0.0005015320735234927
5022.898926333613,11314.89,0.004896485,6294.167,0.005423828,0.000466435417616592
6037.7372635290385,11509.08,0.004763672,5469.985,0.005291016,0.0006940703852410808
5662.077460534168,11395.0,0.004828125,5730.186,0.005421875,0.0006479772717044089
5229.96616770248,11375.77,0.004929688,6163.426,0.005396485,0.0006006828951245253
5466.067496708946,11405.9,0.004763672,5900.662,0.005300782,0.000687136809501695
5542.995992746685,11450.76,0.004748047,5873.104,0.005271485,0.0004710932250248694
6031.779611557238,11543.05,0.004826172,5555.864,0.005330078,0.0006422326234496611
5535.069431944283,11416.15,0.004910157,5889.126,0.005402344,0.0006377054824417397
4926.795720240764,11251.44,0.004869141,6294.809,0.005341797,0.0005427333311090578
5521.035934039712,11449.48,0.004853516,5910.917,0.005373047,0.0004242986097694538
5763.098809668217,11442.43,0.004945313,5681.478,0.005416016,0.0004798977867918112
5786.287393292975,11479.6,0.004728516,5684.042,0.005244141,0.0017849509429857372
5549.765532220731,11450.12,0.004732422,5896.817,0.005259766,0.0018808498991738489
5592.652704671007,11385.39,0.004900391,5754.54,0.005376953,0.0005716640958741205
5166.34475916419,11353.34,0.004884766,6191.625,0.005375,0.0005378817769356736
4848.440363591725,11209.14,0.004736328,6414.655,0.005259766,0.0005363682862565891
6066.41799933712,11582.78,0.00478711,5505.875,0.005289063,0.0007046728920269632
5574.420355130434,11420.0,0.004990235,5838.496,0.005513672,0.0004970719899010954
6021.015118748213,11546.89,0.004808594,5478.316,0.005400391,0.0006930364561357925
5644.312877437735,11428.97,0.004898438,5760.307,0.005402344,0.0005439215518997384
5784.49812665014,11444.35,0.00497461,5648.152,0.005480469,0.0005144669157739133
5154.787714599254,11293.74,0.004732422,6110.874,0.005208984,0.0006904161378422046
5606.312522511244,11411.02,0.004896485,5799.402,0.005367188,0.0005904406850671087
5011.667725567954,11309.12,0.004914063,6310.19,0.005388672,0.0005553261406265702
5085.4985778228365,11299.51,0.004765625,6263.405,0.005304688,0.0004288034852491787
5228.638973509263,11375.77,0.004914063,6132.023,0.005404297,0.0005387743209804623
5882.639236503841,11527.02,0.0048125,5637.257,0.005294922,0.0006735445076296019
5231.7605567793535,11421.28,0.004929688,6166.631,0.005417969,0.0004548955717194799
4814.541835318933,11196.33,0.004882812,6394.787,0.00540625,0.0004416567513887952
4942.307824591957,11328.35,0.004929688,6392.224,0.005400391,0.00047322987505367956
5176.292200893225,11328.99,0.004730469,6146.123,0.005240235,0.001752007313479778
5536.1088654127325,11402.05,0.004902344,5853.877,0.005388672,0.0005526709271169094
5452.499452064559,11438.58,0.004746094,5981.414,0.005316406,0.0018563593161372808
6184.106064519343,11627.0,0.004564453,5422.559,0.005128907,0.0018406637054517725
5487.138802635888,11317.45,0.004916016,5859.004,0.005398438,0.0004866203562440906
5429.8054900597945,11443.07,0.004945313,5996.154,0.0054375,0.0004487129158274392
5067.308940196256,11277.08,0.004857422,6226.233,0.005341797,0.000595026667320235
4724.217231285526,11214.91,0.004960938,6553.728,0.005433594,0.00042813686803492255
5254.098598743514,11345.65,0.004886719,6097.415,0.005386719,0.0003229041994942129
5202.355488269556,11402.69,0.004898438,6194.83,0.005390625,0.0005033861328526877
5459.187627392337,11375.13,0.004884766,5929.502,0.005357422,0.00038239958862768317
5484.719048077252,11426.4,0.004716797,5915.402,0.005201172,0.002002380361293194
5109.3816836003225,11341.81,0.004914063,6221.748,0.005386719,0.0005550024201357032
5281.388476617173,11372.57,0.004701172,6106.387,0.005208984,0.0016790790041681404
5440.505971574395,11419.35,0.004925781,5971.801,0.005417969,0.0005758529302448662
5325.9422832799355,11370.01,0.004896485,6049.348,0.005400391,0.00039848580495528517
5035.493507585535,11313.61,0.004933594,6310.19,0.005445313,0.000533174736693255
4602.374067057825,11104.68,0.004753906,6450.544,0.005332031,0.0006787974112530324
5403.099305271683,11453.96,0.004855469,6077.547,0.005330078,0.0005154237418109617
5534.3291620097925,11428.97,0.004914063,5894.894,0.005359375,0.0005710608604162903
5498.73615583198,11389.23,0.004964844,5919.248,0.005494141,0.00042249983399882585
6064.113420357531,11522.54,0.00497461,5483.444,0.005449219,0.0004965062727437461
4734.973260348957,11107.24,0.004902344,6355.693,0.005375,0.0005334661225125855
4676.44498735641,11167.49,0.004761719,6459.517,0.005275391,0.0005989648890396894
6127.220415107258,11568.04,0.004759766,5446.913,0.005298828,0.0006926459076545461
5679.408463327946,11470.63,0.004947266,5773.125,0.005439453,0.00046525400244273434
5766.540764263134,11386.03,0.004867188,5578.295,0.00534375,0.0005611193172818657
6085.741239063676,11578.29,0.004916016,5442.427,0.005427734,0.0005429142900032943
5686.119649228268,11446.27,0.004941407,5758.385,0.005525391,0.0006372308424535113
5166.321980112645,11297.59,0.004650391,6152.531,0.005146485,0.0018347904500737896
5606.186031456222,11383.46,0.004927734,5756.462,0.005402344,0.00044966919495367764
4651.898716914678,11159.15,0.004839844,6536.424,0.005324219,0.0003769357293412528
4916.045214709372,11306.56,0.0046875,6408.246,0.005222656,0.0019189720196437212
6034.282491015394,11534.71,0.004841797,5467.421,0.005376953,0.0006169357513387449
4832.570004750784,11312.33,0.004871094,6497.971,0.005314454,0.0005588988920877603
5531.294336681128,11412.3,0.004925781,5886.563,0.005419922,0.00048371935444641587
5794.409910949549,11469.99,0.004933594,5678.273,0.005402344,0.0006096663820439053
5952.319367108691,11537.92,0.004917969,5591.754,0.005425781,0.0006110878722739737
5885.278652861052,11506.52,0.004914063,5655.843,0.00540625,0.0005654962482568505
5646.998556331175,11413.59,0.004914063,5766.716,0.005371094,0.0005300734792221028
5896.415966348543,11519.33,0.00497461,5638.539,0.005449219,0.00038726016684034883
5654.206996365998,11489.21,0.004792969,5816.065,0.005365235,0.0006951666924248261
6030.238213610352,11516.13,0.004914063,5480.88,0.005410157,0.000534086779914475
5175.904828841292,11359.11,0.004763672,6208.289,0.0053125,0.000637293004916689
5427.708836207554,11393.72,0.004914063,5980.132,0.005400391,0.000580241470976588
5765.827794411739,11456.53,0.004958984,5648.793,0.005455079,0.0004838869721984129
5536.897893372965,11477.68,0.004960938,5919.889,0.005455079,0.0004958959493890154
5572.196816566091,11483.44,0.004810547,5882.076,0.005298828,0.0007138385103038138
5933.9648436193675,11507.8,0.004925781,5577.014,0.005417969,0.0006196364681452513
5485.438205054492,11377.7,0.004931641,5880.794,0.005414063,0.0005318034768583209
5393.498986278012,11391.8,0.004884766,6001.923,0.005384766,0.0005595391917931772
5449.349689896147,11380.9,0.00494336,5928.861,0.005419922,0.0004973556726497147
5787.84668580998,11489.21,0.004900391,5687.887,0.005400391,0.0004620760306444935
4465.831546528177,11139.93,0.004902344,6676.137,0.005439453,0.00042134595822302073
5593.676192798274,11437.3,0.004957031,5852.595,0.005447266,0.0005142985385147914
5472.522461068663,11421.28,0.004697266,5941.679,0.005222656,0.0017516978649728583
5519.1810055029055,11464.22,0.004732422,5916.684,0.005216797,0.0018244689800666395
5495.756838195384,11412.3,0.004744141,5909.635,0.005236329,0.0018813072170153185
5078.2458117881,11381.54,0.004767579,6326.854,0.005302735,0.0006636222807681766
5263.375617515121,11423.2,0.004898438,6148.045,0.005417969,0.0004503336236311629
6009.379689240614,11541.76,0.004945313,5511.001,0.005435547,0.00046325420211037896
5455.91027369811,11425.12,0.004916016,5979.491,0.005421875,0.0005779336654407678
5344.74644570812,11361.67,0.004941407,6022.431,0.005453125,0.0006100360119968972
5009.600714171788,11348.22,0.004853516,6310.19,0.005357422,0.0005099782737565599
5286.223207349744,11368.08,0.004896485,6076.907,0.005398438,0.0003663211225953632
5728.321212668616,11494.34,0.004853516,5804.529,0.005363281,0.00040525304750358543
6074.4806742280125,11560.99,0.00491211,5448.835,0.005425781,0.000615953650880354
4688.873977854682,11236.7,0.004707031,6492.202,0.0051875,0.0005659807941938833
5625.583115407448,11444.99,0.004886719,5815.424,0.005376953,0.000521774905646054
5195.396504879337,11397.56,0.004851563,6205.725,0.005328125,0.00042672913220001297
5454.872677903458,11383.46,0.00494336,5941.038,0.005423828,0.0005508416996868979
5747.00410136397,11433.45,0.004744141,5706.473,0.005257813,0.0017737293408437718
6088.076267787352,11494.34,0.004742188,5453.322,0.005226563,0.0017419926978614656
5091.906501273503,11279.0,0.004898438,6174.962,0.005371094,0.00040844770076892047
5623.560403502119,11461.65,0.004794922,5823.755,0.005328125,0.0006249009069226294
6369.09950295459,11757.1,0.004945313,5298.868,0.005484375,0.0004855382426202039
4649.44728980521,11108.52,0.004734375,6433.24,0.005257813,0.0005052733994709375
4885.856188853935,11292.46,0.004853516,6427.473,0.005339844,0.0005853500413150729
5490.704218910171,11414.87,0.00491211,5950.01,0.005382813,0.0004460772113250544
5614.970322990791,11413.59,0.004929688,5811.579,0.005449219,0.00043832922402764604
5618.745431137421,11446.91,0.004826172,5827.601,0.005361328,0.0006735392394470706
4933.423305226102,11349.5,0.004767579,6362.743,0.005345704,0.0006546249632039015
5724.738482230699,11430.25,0.004945313,5715.445,0.005464844,0.0004145055874561244
5717.7380316573,11482.16,0.004884766,5785.302,0.0054375,0.0005357286128336578
5658.451480676414,11477.03,0.004929688,5802.606,0.005429688,0.0004471580794006638
5829.46544776104,11450.12,0.004742188,5618.671,0.005289063,0.0018184254463002407
6225.51259612439,11590.47,0.004960938,5421.918,0.005498047,0.0005810658056364719
5483.966478164824,11366.8,0.004769532,5864.772,0.005310547,0.0007226253803687048
5754.391258213523,11473.19,0.004929688,5721.854,0.005435547,0.0004279701004610677
4865.960186872372,11180.94,0.004765625,6349.284,0.005345704,0.0007018461380012347
5159.80013626907,11349.5,0.004701172,6176.885,0.005173828,0.001827752974586683
5589.146833647355,11468.7,0.004927734,5885.281,0.005451172,0.00048782456526557847
5438.307917867564,11411.02,0.004941407,5951.934,0.00546875,0.0005295011967023373
4837.608271153976,11248.24,0.004740234,6350.566,0.005257813,0.0005512600116761167
4612.145171507404,11230.29,0.004796875,6529.374,0.005373047,0.0005983880840690268
5017.423074987915,11314.89,0.004884766,6292.245,0.005416016,0.0005412738500572116
5352.988058672848,11400.77,0.004949219,6074.343,0.005441406,0.0005199440302522109
6119.590401811946,11560.35,0.004984375,5432.813,0.005498047,0.0006180578404347842
5686.931221095109,11482.8,0.004886719,5805.169,0.005408203,0.0005263533158374436
5105.906377068378,11277.08,0.004898438,6155.095,0.005369141,0.0006097610915822697
5482.852736151279,11417.43,0.004919922,5928.861,0.00540625,0.0005712124671187804
5459.737807935037,11374.49,0.004914063,5960.265,0.0054375,0.0006230320474658827
5743.182821121812,11508.44,0.004929688,5765.435,0.005417969,0.0005755198865553522
4775.779049699692,11275.8,0.004722657,6523.606,0.005251953,0.0005612491284921197
5042.841929482987,11264.26,0.004685547,6269.173,0.005154297,0.0017502574854269296
5247.290470955198,11360.39,0.004904297,6105.746,0.005373047,0.0004733830940761598
5025.587680056761,11314.89,0.004917969,6275.582,0.005384766,0.00042331050239694375
5414.124147807538,11383.46,0.004730469,5961.546,0.00525586,0.0007044072594090051
5200.26586851684,11313.61,0.004884766,6130.741,0.005357422,0.0005629278072720601
5882.359486438122,11468.06,0.004882812,5576.373,0.00541211,0.0005212927441836601
5087.878339106694,11330.27,0.004871094,6232.002,0.005347657,0.0005548399585923802
5434.952031918769,11353.98,0.004925781,5905.148,0.005453125,0.0005546748115664831
5532.1898316167735,11378.34,0.004914063,5834.65,0.005388672,0.0006422895761973378
5408.426633114174,11356.55,0.004716797,5948.729,0.005207031,0.0016995851305942563
5587.81684147173,11452.04,0.004916016,5857.723,0.005421875,0.0005014494767605751
5611.670766241515,11475.75,0.004898438,5892.972,0.005427734,0.000521856252473186
5007.658261957393,11322.58,0.004886719,6316.599,0.005361328,0.0004723271733311696
5497.94725465139,11368.08,0.004900391,5828.883,0.005375,0.0004859321245816366
5801.444121217091,11501.39,0.00494336,5705.832,0.005421875,0.0005359041727700791
5384.1184314918055,11452.68,0.004910157,6026.276,0.005388672,0.0006238483119486701
5897.216428859748,11480.88,0.004962891,5556.505,0.005466797,0.0005877035367281063
5327.6917594911365,11378.34,0.004742188,6060.244,0.005253906,0.0019754553789170654
5736.142741335861,11481.52,0.004945313,5744.285,0.005453125,0.0004313014557278485
4840.298497954231,11252.08,0.004886719,6385.814,0.005339844,0.0005886124858639253
4648.622519717383,11119.42,0.004914063,6551.805,0.005369141,0.0005697283027440164
5265.95029104135,11395.64,0.004701172,6101.26,0.005195313,0.0017934665876271384
4952.312092225101,11279.0,0.004714844,6376.202,0.005220703,0.0018061514549332779
5413.6179648192065,11436.02,0.004957031,6027.558,0.005472656,0.00041573738609244275
5794.686373375037,11515.49,0.004550782,5712.881,0.005154297,0.0018881616545444416
5896.603742161079,11471.91,0.004712891,5586.626,0.005226563,0.0008304997896616764
4730.323930245473,11242.47,0.004886719,6537.064,0.005429688,0.0003906244917259428
5420.0355918938685,11374.49,0.004867188,5948.729,0.005359375,0.0004668859847656085
5091.120885646323,11282.85,0.004884766,6196.752,0.005378907,0.0004837785357831698
5739.985500576377,11534.07,0.004910157,5787.225,0.005416016,0.0005527387891385201
4751.125013001585,11212.35,0.004685547,6431.958,0.005154297,0.0018435088937120512
5718.598187356276,11450.76,0.004955078,5729.544,0.005464844,0.0004379092117301675
5346.791388062422,11441.14,0.00475,6046.785,0.005302735,0.0005068490554686773
5220.22070481948,11341.17,0.004857422,6109.592,0.005345704,0.0005666324430718817
5779.390667200037,11433.45,0.004929688,5578.295,0.005386719,0.00045744502378332634
4784.487081870896,11275.8,0.004796875,6553.087,0.005324219,0.000664491147326788
5624.471357545063,11453.32,0.004900391,5835.292,0.005392578,0.0005926011140241461
5793.707303533973,11470.63,0.004824219,5637.898,0.005394531,0.0006268023259519305
4994.21214037007,11345.01,0.004945313,6316.599,0.005431641,0.0004884056660787663
5624.860300044177,11446.27,0.004945313,5821.833,0.005416016,0.0004533515739304882
5175.352847620771,11414.23,0.004701172,6245.46,0.005171875,0.0018727274767053118
5571.462656868744,11453.96,0.004716797,5880.154,0.005201172,0.0018131727556091048
5120.485135073893,11300.15,0.004871094,6190.344,0.005355469,0.0005372727195131224
4340.672917022166,10637.47,0.00478125,6522.965,0.005324219,0.0006111665993489858
4941.500024999363,11323.22,0.0048125,6376.842,0.005326172,0.00062535618024548
4957.72986741673,11336.04,0.004798828,6357.616,0.005326172,0.0006811849273940368
5250.484803116435,11343.09,0.00478125,6082.034,0.005363281,0.0006871130928225106
4800.011264919497,11276.44,0.004751953,6393.505,0.005294922,0.00060909525342635
5604.174381034717,11403.97,0.004929688,5789.788,0.005402344,0.0005552058274572204
5897.384466296647,11509.72,0.004960938,5624.439,0.005462891,0.0004960096544602666
5932.8332075988055,11512.92,0.004957031,5568.682,0.005404297,0.0005053534355352315
5377.831934212861,11377.7,0.004869141,6020.508,0.005330078,0.0005357867421019588
5412.632351085968,11357.19,0.00491211,5933.988,0.005455079,0.0005634008434666159
5278.8794784464335,11368.72,0.004683594,6100.619,0.005175781,0.0017881642275547132
5435.803980952955,11378.98,0.00491211,5942.961,0.005421875,0.0005343950672645565
5310.829596357533,11368.72,0.004869141,6078.188,0.005326172,0.0004709427043135651
5544.717316665233,11369.37,0.004535156,5861.568,0.005203125,0.0018658980308552443
5342.114800824825,11327.07,0.004822266,5960.265,0.005341797,0.0005595017128427059
5566.679954190851,11430.89,0.004914063,5920.53,0.005410157,0.0005207931856711454
5338.161307096466,11378.34,0.00497461,6020.508,0.005513672,0.0004474510175980368
5342.734137006652,11368.08,0.004902344,6020.508,0.005375,0.0005693223707229782
5045.412600970515,11322.58,0.004794922,6276.864,0.005332031,0.0005730182958132883
5273.446980258055,11311.04,0.004851563,6030.763,0.005292969,0.0005559030086087001
5406.658860356737,11397.56,0.004931641,6010.254,0.005439453,0.0005725803863300919
5937.516322080629,11529.59,0.004929688,5593.036,0.005441406,0.0005136511729773674
4998.854605043695,11348.22,0.004900391,6365.306,0.005402344,0.00048037904803892377
4458.86644958824,11106.6,0.004916016,6308.908,0.0054375,0.000534132597409075
5440.801154896468,11484.72,0.004857422,6023.072,0.005363281,0.0005397199082753283
4576.585144048669,11043.15,0.004828125,6496.688,0.005316406,0.0004482112276894917
5127.090873856064,11336.68,0.004794922,6217.902,0.00534375,0.0006119766592233926
5522.37353422423,11334.76,0.004955078,5842.982,0.005447266,0.0002640583282679927
6024.226855139558,11496.9,0.004939453,5483.444,0.005421875,0.00044792421976230334
4916.015880418837,11362.32,0.004859375,6451.186,0.005328125,0.0004045693791566167
5862.325222032478,11436.66,0.004914063,5544.328,0.00540625,0.0006105108205736711
4714.687376534443,11293.1,0.004763672,6538.987,0.005341797,0.0006101565713157889
5305.293514817921,11396.28,0.004792969,6126.896,0.005361328,0.0006706580535066258
4550.44550020265,11091.22,0.004753906,6401.196,0.005261719,0.0006133214956323581
5395.453577499663,11406.54,0.004957031,6017.945,0.005498047,0.00041066265247226584
5302.114429283755,11398.85,0.004869141,6066.652,0.005359375,0.0005514892495641043
5614.2750041831205,11413.59,0.004927734,5837.855,0.005414063,0.00045467806969381563
5854.46925125801,11496.9,0.004914063,5673.788,0.005410157,0.0005086995034844022
5200.616103340619,11313.61,0.004884766,6094.21,0.005369141,0.0005386361602088989
5602.2483817547245,11453.96,0.004767579,5822.474,0.005357422,0.000673812328986229
4312.267823470216,10876.52,0.004792969,6635.121,0.005384766,0.0006097719169760885
6065.614237297043,11564.84,0.004730469,5478.957,0.005257813,0.0016651723103725984
5888.751413746969,11459.09,0.00494336,5578.936,0.005451172,0.0006235843164649053
4749.504243061241,11114.93,0.004855469,6468.49,0.005361328,0.0003571512536747447
5382.661288972545,11398.85,0.004914063,6020.508,0.0054375,0.0005259096338514878
5288.315129733921,11342.45,0.004916016,6093.57,0.005378907,0.0005904906426913433
5331.0710956510175,11337.96,0.004929688,6034.608,0.005404297,0.0005726644331132257
5817.534824295081,11394.36,0.004824219,5577.014,0.005345704,0.0006399043852971465
5470.047833682187,11381.54,0.004902344,5900.662,0.005371094,0.0004317995780041037
5877.905662668374,11446.91,0.00494336,5604.571,0.005417969,0.0005033855981902462
5779.093732702868,11454.6,0.00488086,5680.196,0.005373047,0.00030805419453726546
5986.175466427405,11550.74,0.004701172,5561.632,0.005175781,0.0018256576931344338
5272.2261765011335,11377.06,0.00491211,6100.619,0.005384766,0.0005107607619742618
5666.910745052322,11468.06,0.004945313,5799.402,0.005439453,0.0005744943916324131
5226.11728346779,11330.91,0.004900391,6109.592,0.005376953,0.000583072499644089
5975.632147676712,11543.69,0.004931641,5577.014,0.005419922,0.0006038701794241332
5285.981114089106,11330.27,0.004929688,6069.856,0.005416016,0.0005819110733729811
5215.696913493926,11327.07,0.004839844,6109.592,0.005359375,0.0005305224818569161
5049.667805943265,11320.02,0.004798828,6223.67,0.005361328,0.0006209573635522052
5301.818552777564,11354.63,0.004945313,6052.553,0.005435547,0.0004643631700598993
5088.027153194657,11312.33,0.004783203,6208.93,0.005414063,0.0006414671574597609
5318.365605080252,11405.25,0.004957031,6096.774,0.005421875,0.00039311188413313874
5987.9806089524745,11519.33,0.004960938,5536.637,0.0055,0.0004817840593770917
5249.942588434315,11314.25,0.004716797,6067.934,0.005191407,0.0017545917671228295
5012.260473872629,11286.05,0.004931641,6242.256,0.005402344,0.0005476885407950184
6021.211837094029,11511.64,0.004945313,5505.875,0.00546875,0.0004772961833349427
5863.397423329009,11461.01,0.004927734,5625.08,0.0054375,0.0005914047552520826
5334.654406324704,11329.63,0.004904297,6051.271,0.005357422,0.0005772337463251041
5710.885363032756,11426.4,0.004798828,5720.572,0.005376953,0.0006605915195336327
5247.659143176942,11410.38,0.004853516,6199.957,0.00534961,0.0006332034886050383
5299.233717816123,11355.91,0.004701172,6069.856,0.005201172,0.0017010447568237693
5675.617605521664,11395.0,0.004929688,5737.235,0.005414063,0.000502736690628541
5122.019933664567,11315.53,0.004884766,6185.217,0.005378907,0.0005279667735749265
4836.309982652979,11230.29,0.004753906,6299.295,0.005269532,0.0007028623587883425
5703.900443281537,11436.66,0.004929688,5726.34,0.005417969,0.0005092711854842604
5216.794187004364,11356.55,0.004916016,6119.846,0.005390625,0.0005322101677082094
5473.992700948188,11363.6,0.004929688,5907.071,0.005433594,0.0004918815793158173
5009.521068158405,11311.04,0.0046875,6277.504,0.005169922,0.001842417353411601
5493.224028210984,11364.88,0.004927734,5858.364,0.00540625,0.0005343727218181147
5564.176193365095,11412.95,0.004869141,5844.905,0.005365235,0.0003880352851670415
5327.005710901221,11408.46,0.004746094,6060.884,0.005269532,0.0018140012515276114
6232.321905210646,11614.83,0.004958984,5370.647,0.005470703,0.00040431077744083205
5816.811625722757,11469.34,0.004839844,5658.406,0.005330078,0.0006515597871640125
5233.087032623745,11394.36,0.004898438,6155.736,0.005404297,0.0005556046847192195
5183.286631001611,11295.02,0.004736328,6157.018,0.005283203,0.0005274065960794946
5001.503879817487,11261.05,0.004701172,6235.206,0.005201172,0.0017531239717890185
5865.7607349073005,11475.75,0.00494336,5611.622,0.005480469,0.000612290311620156
4643.249040030442,11229.01,0.004701172,6544.114,0.005142578,0.0018398079514716382
5819.573632879736,11461.01,0.004960938,5627.003,0.005457032,0.0004952257912928258
5083.364384428017,11402.69,0.004871094,6324.93,0.005363281,0.0005545127048047055
5899.437848572367,11527.02,0.004826172,5653.279,0.005328125,0.000624615149665859
5826.52844644562,11503.95,0.004794922,5657.125,0.005289063,0.000676575059812873
5500.169834283708,11446.27,0.00475,5946.165,0.005345704,0.0007159430850302201
5229.63527140234,11311.69,0.004900391,6049.348,0.005376953,0.0005690666121806386
5017.035302476563,11278.36,0.00488086,6242.256,0.005365235,0.0005365438989393212
5727.2584143979,11371.29,0.004960938,5685.964,0.0055,0.00048349781732803863
5288.604041532221,11400.77,0.004841797,6102.542,0.005328125,0.0004313505178954173
5171.201505340427,11248.24,0.004794922,6110.233,0.005384766,0.0006288666886105071
5809.118350329211,11520.61,0.004962891,5734.031,0.005484375,0.0004995389136937898
5520.18885650053,11368.72,0.004884766,5855.8,0.005373047,0.000286457888842579
5588.427661723818,11429.61,0.004914063,5853.877,0.005404297,0.0005267622636186364
5632.100195110779,11423.2,0.00478711,5787.225,0.005376953,0.0008034486279871877
5959.5898756507395,11521.9,0.004761719,5535.355,0.005289063,0.0007175834816179603
5058.0808372257015,11286.69,0.004873047,6263.405,0.005332031,0.0005612260625021734
5454.178347387471,11414.23,0.004826172,5959.624,0.005390625,0.0006514870685487378
5719.691925528706,11468.7,0.004916016,5726.981,0.005421875,0.00033196998672990123
5547.435016627844,11387.95,0.004714844,5840.418,0.005222656,0.001816147877484382
6377.480987032297,11668.66,0.004972656,5158.513,0.00563086,0.0004319821936480781
5951.011193612641,11477.68,0.004916016,5562.273,0.005451172,0.0005102585622148906
5497.124842320528,11443.71,0.004824219,5917.966,0.005404297,0.000623525881575898
5062.743419114257,11357.83,0.004720703,6330.058,0.005220703,0.0005663435361337212
4943.533386827605,11246.32,0.004753906,6266.61,0.00528125,0.0007262561814396712
4488.385051448369,11029.69,0.004855469,6616.535,0.005351563,0.00044704390632685324
5220.366332281243,11436.02,0.004669922,6174.322,0.005150391,0.0018084817309198164
4502.4817015073795,11045.72,0.004839844,6535.783,0.005326172,0.0003507153241866917
6192.788809335205,11627.0,0.004826172,5443.708,0.005373047,0.0006851766799456744
5212.285637174321,11322.58,0.004886719,6128.818,0.005416016,0.0005471798282501135
5629.86211980972,11439.22,0.004746094,5786.584,0.005240235,0.000738197548030389
4974.421314374728,11239.91,0.004933594,6346.08,0.005400391,0.0004788452159519976
5070.390450737652,11313.61,0.004720703,6292.886,0.005220703,0.0005327371682525549
5593.752496829179,11421.28,0.004927734,5838.496,0.005431641,0.0004991460124005833
4890.086162750958,11164.28,0.004822266,6376.202,0.00534375,0.0005189836476312158
5796.356401781891,11514.21,0.004957031,5706.473,0.005492188,0.0005860401351322348
5821.819272805732,11516.77,0.004947266,5681.478,0.005480469,0.000489881139613831
5610.675220014197,11453.96,0.004857422,5824.396,0.005410157,0.0005555232797988915
5327.408268284036,11378.34,0.004957031,6038.453,0.005416016,0.0005530827551693706
5341.12531249089,11366.8,0.004685547,6101.901,0.005177734,0.0018651150878834781
5744.423093799397,11457.81,0.004988282,5725.699,0.005460938,0.000403802238559117
5709.819104148045,11427.04,0.004822266,5742.362,0.005345704,0.0004454048788700363
5225.547880032033,11381.54,0.004888672,6159.581,0.005398438,0.0005192652118744871
5567.38811087475,11441.14,0.004914063,5875.027,0.00540625,0.0005135506243706753
6117.725714807605,11690.45,0.00491211,5429.609,0.00541211,0.0006236638070712988
5511.572130095092,11398.21,0.004824219,5903.867,0.00534961,0.0006871862896613991
5208.021592994162,11333.48,0.004898438,6156.377,0.005414063,0.0005899164729937685
5300.84634837741,11419.35,0.004751953,6116.0,0.005298828,0.0007539894170424055
5880.20877120847,11514.21,0.004925781,5654.561,0.005421875,0.0004362860475109203
5020.606706069055,11355.91,0.004867188,6300.577,0.005328125,0.0005789740613836883
5291.559484301764,11316.81,0.004769532,6005.127,0.00534375,0.0007390372415055779
5200.024050381419,11298.87,0.004898438,6105.105,0.005416016,0.0004895482466286061
6097.544410265173,11516.13,0.005003906,5431.531,0.005498047,0.00037636312192606424
4862.697913932358,11244.39,0.004898438,6386.456,0.005386719,0.00032820229346031815
5594.374918698465,11424.48,0.004927734,5812.22,0.0054375,0.0005023947679915094
5075.484375164753,11284.77,0.004898438,6223.67,0.005373047,0.00030326765776452635
5583.587044562006,11445.63,0.004884766,5885.921,0.005394531,0.0005247433666846524
5089.730340658053,11346.29,0.004701172,6270.455,0.005173828,0.0018779469251517034
5165.874572403729,11311.69,0.004888672,6173.04,0.005404297,0.0005296047628549165
5690.545273579237,11466.14,0.004925781,5773.125,0.005423828,0.00043885594183753617
5368.271696477258,11375.13,0.004728516,6035.89,0.005238282,0.0018786513863134988
5587.713160011884,11346.93,0.004929688,5726.34,0.005417969,0.00044714392430045627
5226.447502098419,11349.5,0.004882812,6119.846,0.005375,0.0005052561644792307
5424.064327316896,11397.56,0.004730469,5987.182,0.005205079,0.001819102777870967
5333.864816966754,11340.53,0.00494336,6033.967,0.005425781,0.0004000405342223046
5317.096218106298,11421.92,0.004898438,6129.459,0.005400391,0.0005786372151334688
5358.025961409676,11398.21,0.004898438,6058.961,0.005421875,0.0003485104765834594
5315.946990412168,11347.58,0.004945313,6021.149,0.005419922,0.0005297908066274609
5700.1167039667935,11468.06,0.004886719,5777.611,0.005394531,0.0005820681783952936
4703.1988950454415,11227.09,0.004871094,6516.556,0.005322266,0.0005674797234799412
5055.209432807889,11321.94,0.00475586,6265.969,0.005330078,0.0007056221487631601
5538.195141313116,11410.38,0.004855469,5882.076,0.005359375,0.0006173474694621878
6165.263584672516,11559.71,0.004945313,5373.211,0.005488282,0.0004551165427182494
4975.188039565738,11257.85,0.004869141,6267.892,0.005361328,0.0005125909675989766
5559.704936444351,11435.38,0.004945313,5873.104,0.005460938,0.0005003110231885734
5402.197761236365,11384.75,0.00491211,5961.546,0.005421875,0.0005272667987670156
5494.693914003731,11364.88,0.004730469,5833.369,0.00525586,0.001904283059991377
5143.210303114819,11365.52,0.004851563,6214.697,0.005394531,0.0005079225728715103
5634.154084661358,11450.76,0.004945313,5782.098,0.005449219,0.0005446128825272976
5013.771981918213,11195.68,0.004685547,6167.913,0.00515625,0.0018373295944688966
5396.371911784603,11406.54,0.004927734,5985.9,0.005402344,0.00048302915644084926
5868.41926330115,11512.28,0.004535156,5654.561,0.005115235,0.0018786757765435237
5615.50545201044,11414.23,0.004914063,5798.761,0.005390625,0.0004758399595978538
5188.218685397612,11323.22,0.004679688,6089.724,0.005175781,0.0017564830288791865
5573.913190074183,11371.93,0.004916016,5796.838,0.005439453,0.0005312143486537438
5518.673819061535,11464.22,0.004929688,5953.215,0.005419922,0.0006115589171212086
5423.103384112713,11394.36,0.004685547,5971.801,0.005179688,0.0018064456863041772
5807.04422981389,11531.51,0.004925781,5699.423,0.005414063,0.0004944008064568296
6212.260786997153,11598.8,0.004714844,5443.067,0.005291016,0.001756725303854322
5303.396322436531,11386.67,0.004712891,6066.652,0.005183594,0.0017772462863762679
5644.375549014018,11469.99,0.00494336,5806.451,0.005457032,0.00046805917493661267
5229.179142349946,11368.72,0.004929688,6150.608,0.005435547,0.0005839285821448328
5796.9740746129355,11456.53,0.00488086,5689.81,0.005376953,0.0003041372218458323
5129.92853123018,11356.55,0.004783203,6213.416,0.005320313,0.0006477057874898602
5761.1120022290515,11462.29,0.004712891,5707.114,0.005208984,0.0018049568936554863
5544.948497973915,11427.69,0.00491211,5900.021,0.00540625,0.000478903791676661
5092.536206580586,11331.55,0.004765625,6205.725,0.0053125,0.0005209861182321026
5215.94993923693,11279.0,0.004857422,6074.343,0.005371094,0.0006251245218948585
4944.308608209974,11305.28,0.004900391,6396.069,0.005369141,0.0005504019161386142
5206.123101367604,11377.7,0.004900391,6151.25,0.005435547,0.0004467401423470977
5982.191977647417,11504.59,0.004927734,5536.637,0.005421875,0.0002587858324355329
5561.6280467101515,11414.23,0.004898438,5862.85,0.005375,0.0005087096221957458
5110.565312181573,11357.19,0.004898438,6246.101,0.005357422,0.00042142790529514797
5268.704948970716,11380.9,0.004884766,6121.127,0.00538086,0.0004387621684511938
5490.5621177707035,11366.8,0.004925781,5830.165,0.005464844,0.000505002686443833
5340.026687166927,11357.19,0.004884766,6000.0,0.005367188,0.00038108397750434146
5712.587093996333,11460.37,0.004962891,5765.435,0.005466797,0.0005100418840598883
6019.275964539591,11527.02,0.004931641,5505.875,0.005404297,0.0004789026673348897
5565.55794501018,11454.6,0.004902344,5869.899,0.005392578,0.000569978381258125
5518.536766295805,11326.43,0.004917969,5810.297,0.005414063,0.00047717553147122964
5437.809990031517,11325.14,0.004873047,5871.181,0.005361328,0.0005357110006874429
5408.497117426839,11418.71,0.004898438,6017.304,0.005392578,0.0004098982830984714
5418.361098707871,11360.39,0.004871094,5914.121,0.005375,0.000554832426394988
5447.6810628993135,11398.21,0.004824219,5958.342,0.005328125,0.0005048566832687535
5659.371811791274,11474.47,0.00494336,5816.706,0.005480469,0.0005539326411160957
5674.426809146073,11366.8,0.004931641,5724.417,0.005433594,0.00047147710103705257
6073.403071678146,11522.54,0.004947266,5437.3,0.00546875,0.0005139316570689948
5008.468894093208,11371.93,0.004738281,6324.93,0.005269532,0.0005482321180866237
5334.70222991399,11432.17,0.00478711,6076.266,0.005371094,0.000750589315114763
5561.9516075310785,11441.79,0.004960938,5880.794,0.005447266,0.0005208232623867394
5810.811656100409,11480.88,0.004767579,5668.02,0.005289063,0.0007316948748370027
4945.995100004658,11251.44,0.004714844,6341.594,0.005220703,0.0018065611521106467
6019.5947482010515,11490.49,0.004927734,5569.323,0.005398438,0.0003954951426413178
5587.034693836917,11426.4,0.004914063,5920.53,0.005419922,0.00044394495193363656
5723.231179051385,11441.14,0.004914063,5712.241,0.005408203,0.0005378051567592314
4823.3242235052985,11154.03,0.004796875,6385.174,0.005285156,0.0005864329460709071
5926.402982263613,11445.63,0.004957031,5532.792,0.005466797,0.000557278850515356
5785.866471009709,11507.8,0.004931641,5711.6,0.005453125,0.0005927677092660378
5845.264158968747,11515.49,0.004929688,5651.356,0.005486328,0.0005517633056057504
5090.437800624405,11333.48,0.004751953,6281.991,0.005302735,0.000718343726825699
5541.912322830412,11450.76,0.004898438,5936.552,0.005400391,0.0005176710784102152
5426.3009229045365,11475.11,0.004960938,6008.331,0.005453125,0.00047319359113768465
5370.68754082084,11422.56,0.004808594,6053.834,0.005347657,0.0006483310428180769
4891.159298438077,11311.04,0.004871094,6396.069,0.005330078,0.0004979248790392072
5579.12189896177,11362.32,0.004916016,5758.385,0.00540625,0.0005367171166555358
5952.338821481401,11493.06,0.004945313,5527.665,0.005466797,0.0003512468497714209
5082.309517343162,11281.56,0.004914063,6205.725,0.005417969,0.0005588269419325144
5250.888218011712,11384.75,0.004910157,6149.968,0.005441406,0.0004978578130103692
5856.385879499039,11487.29,0.00497461,5652.638,0.005515625,0.0002877802136466301
5526.755534866028,11418.07,0.004751953,5898.739,0.005298828,0.001594397987581468
5619.331776361532,11478.32,0.00491211,5849.391,0.005410157,0.0006154063908918637
5100.03662514046,11305.28,0.004884766,6174.322,0.005371094,0.00039696071365203663
4806.253772657212,11163.64,0.004867188,6343.516,0.005363281,0.00038379386134707575
5069.543720327287,11279.64,0.004712891,6152.531,0.005220703,0.0007366812105946531
5260.091795555884,11409.74,0.004865235,6128.178,0.005373047,0.00040507921790352436
5756.404237987288,11492.42,0.004927734,5737.876,0.005457032,0.000513709207675733
5434.454042756327,11391.16,0.00494336,5966.674,0.005455079,0.0005036597356118825
4387.281832297897,11073.27,0.004667969,6593.463,0.005144531,0.001855636447950556
5946.7937486144065,11539.2,0.004896485,5605.212,0.005408203,0.00035698560222697937
5706.305237346314,11474.47,0.004962891,5770.562,0.005484375,0.00039707253508368254
5230.881589259075,11327.07,0.004869141,6084.597,0.005390625,0.000431070472844695
5268.895448007543,11335.4,0.004914063,6079.47,0.005392578,0.0004734551872631165
5980.231865559764,11521.26,0.004810547,5587.908,0.005341797,0.0006721970127796331
5898.864109088021,11480.88,0.004947266,5600.726,0.005458985,0.00045212598350239525
5203.747375530739,11336.68,0.004779297,6110.874,0.005300782,0.0005021894324292445
5645.690577625395,11428.97,0.004882812,5792.352,0.005359375,0.0004491515715666695
5415.776052330691,11397.56,0.004949219,5982.696,0.005455079,0.00046954576617890876
5406.988412767194,11356.55,0.004933594,5954.497,0.005435547,0.0004898534792392929
6243.790297657115,11610.98,0.004955078,5351.42,0.005482422,0.0005320680212880734
5554.308122912087,11416.15,0.004945313,5845.546,0.005417969,0.0005040634818343861
6023.792617630477,11545.61,0.00494336,5537.278,0.005447266,0.0003478159458935718
5539.43008406343,11376.42,0.004914063,5848.109,0.00538086,0.0005243119589448259
6103.809549592261,11559.71,0.004773438,5429.609,0.005363281,0.000734767578887249
4963.173747516253,11250.8,0.004855469,6306.345,0.005314454,0.00046075923044021035
5797.836229987063,11456.53,0.004867188,5627.003,0.005328125,0.000577918704071519
5059.916720070954,11286.69,0.004900391,6265.969,0.005361328,0.0005042977798476166
5796.747932948147,11525.74,0.004972656,5743.644,0.005484375,0.0003565183526614991
5018.363174369019,11323.22,0.004828125,6319.163,0.005294922,0.0005659867083021277
4806.693342587629,11163.64,0.00478125,6390.301,0.005332031,0.0004481804037673417
5543.103491271923,11444.99,0.004896485,5900.662,0.005378907,0.0005844188706930863
5672.221067289008,11436.66,0.004945313,5761.589,0.005464844,0.000485681303277564
5379.8888788753675,11418.07,0.004816406,6026.276,0.005357422,0.0005817405189953697
5337.315579834997,11332.83,0.004712891,5980.773,0.005158203,0.001930934064300949
5554.824808139275,11434.1,0.004972656,5864.131,0.005486328,0.0005349396840424259
5770.098922767383,11453.32,0.004955078,5666.738,0.005435547,0.000634550907673582
5844.030537892816,11489.21,0.004916016,5642.384,0.005421875,0.00046873213909978976
6104.399369247717,11544.97,0.004960938,5436.018,0.00546875,0.0004513643264255909
5362.199315338364,11303.99,0.004759766,5928.22,0.005300782,0.001681356526178713
5363.7372327553585,11380.26,0.004898438,5999.359,0.005421875,0.0005548902329918052
5660.5490253649095,11445.63,0.004744141,5778.252,0.005257813,0.00072991305702367
5259.750302722833,11360.39,0.004917969,6134.586,0.00540625,0.0005556844013677568
4610.074135272516,11094.42,0.004699219,6511.429,0.00522461,0.0018047719223854208
5169.946929956416,11248.24,0.004753906,6081.393,0.005269532,0.000768548766099839
5555.661648277451,11370.65,0.00494336,5809.015,0.005470703,0.0005321358235110547
5494.71002131788,11412.3,0.004894531,5943.602,0.005394531,0.0005935041691968655
5428.469008632792,11427.04,0.004884766,5999.359,0.005355469,0.00044763030622658974
5349.497944555422,11303.99,0.004867188,6006.409,0.00534375,0.0005891354265571685
5574.62280108645,11474.47,0.00494336,5832.087,0.005435547,0.0004595815546840523
5687.573573831667,11446.27,0.004925781,5737.235,0.005470703,0.0004960433499140056
5197.017126523876,11323.86,0.004884766,6108.31,0.005373047,0.0005650372872754719
4874.353093011237,11327.07,0.004734375,6490.28,0.005269532,0.0016774761558641738
5101.77703378534,11325.79,0.004753906,6207.648,0.005294922,0.0006760787737128515
5963.962839523529,11521.26,0.004792969,5578.295,0.005302735,0.0007136917130348541
5780.098099008929,11498.83,0.004970703,5721.213,0.005449219,0.0004736803549353683
5933.3680120889185,11512.92,0.004763672,5574.45,0.005326172,0.0016349571661999972
5741.633192904107,11510.36,0.00497461,5817.347,0.005451172,0.00044457063159277323
4869.2279171687005,11252.72,0.004867188,6373.638,0.005390625,0.00045724159544986687
4915.849202052303,11295.66,0.00475,6319.803,0.005269532,0.000491047040400145
5833.414335160482,11479.6,0.00491211,5641.103,0.00540625,0.00046443165990191936
5409.922031795602,11367.44,0.004916016,5971.16,0.005421875,0.0005902229115726568
4791.530617972017,11204.66,0.004916016,6506.943,0.005408203,0.00038111670955144497
4897.807221609382,11205.94,0.004765625,6291.604,0.005328125,0.0006504047456705166
4660.83193277351,11185.43,0.004685547,6583.208,0.005207031,0.001873308335209681
5411.143730211873,11407.82,0.004882812,5984.619,0.005373047,0.0005730966547512889
5216.626031419202,11318.74,0.004902344,6081.393,0.005386719,0.0005423657475718638
4887.288031321925,11333.48,0.004734375,6363.384,0.005310547,0.0005202821900538895
6119.053936862818,11453.96,0.004898438,5417.432,0.005373047,0.0006043388468439006
5529.746947029061,11420.64,0.004916016,5889.126,0.005414063,0.0005817483046010059
5606.172818971647,11449.48,0.00494336,5851.955,0.005441406,0.00046338926436435195
6100.236686122725,11596.24,0.004941407,5450.758,0.00546875,0.0005623702592021172
5078.890870256422,11280.28,0.004796875,6200.598,0.005396485,0.0006059807081071454
5517.343337772389,11455.88,0.004910157,5951.292,0.0054375,0.0004785282654454637
5688.243738517859,11482.16,0.004958984,5782.098,0.005484375,0.00044123245118708385
5953.859478537815,11536.64,0.004925781,5588.549,0.005462891,0.0006191433081359674
5843.477210953146,11499.47,0.004957031,5657.125,0.005466797,0.0003427852616206206
6030.358782055274,11543.69,0.004927734,5501.389,0.005419922,0.0004592305136238773
5663.061889276255,11436.66,0.00491211,5756.462,0.005400391,0.0005532171757636221
4786.871250044035,11185.43,0.004640625,6382.61,0.005189453,0.001751452244397109
5438.109227004616,11378.98,0.004798828,5907.071,0.005361328,0.0016174322423813943
5196.185220825586,11356.55,0.004902344,6141.636,0.005398438,0.0004613474611082764
4954.405445196385,11353.98,0.004900391,6342.875,0.005390625,0.0005153400700312227
5699.927898900664,11464.86,0.004894531,5771.843,0.005376953,0.0005162465299635448
4330.723079789429,10877.16,0.004669922,6629.994,0.005144531,0.001842400457632293
6057.717318585244,11526.38,0.004960938,5471.908,0.00546875,0.00048545973225105606
5086.135201371209,11298.87,0.004767579,6257.637,0.005269532,0.0006539448011996831
5692.195298528653,11424.48,0.004726563,5680.196,0.005248047,0.001800775387736357
4947.759464546356,11321.3,0.004900391,6374.279,0.005367188,0.0006004014846776931
4968.363890289264,11362.96,0.004822266,6367.87,0.005388672,0.0004272656527191669
5789.632151907369,11489.85,0.004886719,5696.218,0.005394531,0.0005529120547246226
5675.285384831142,11382.82,0.004714844,5666.097,0.005205079,0.0018023029140146766
5624.649285907719,11450.12,0.004929688,5816.706,0.005404297,0.0004714780762762217
5985.648386711164,11461.65,0.004810547,5500.107,0.005394531,0.0006468505746639948
5651.301429618506,11464.86,0.004927734,5783.379,0.005388672,0.0006297049221814603
6042.087240292387,11591.75,0.004910157,5491.775,0.005455079,0.0005724636581200208
5082.244381191266,11264.26,0.004900391,6240.333,0.005394531,0.0004972508996325221
5507.176426463634,11360.39,0.004925781,5854.518,0.005419922,0.00045246886830337216
4993.620159311662,11328.99,0.004720703,6345.439,0.005203125,0.0005490125593930724
4625.339244568717,11096.35,0.004865235,6483.871,0.005332031,0.00042706650357052836
5112.234275980431,11311.69,0.004796875,6223.029,0.005359375,0.0006903045922462192
5252.258949588043,11393.08,0.004763672,6140.996,0.00525,0.0005046165735443376
6045.104663427558,11561.63,0.004917969,5505.234,0.005421875,0.0005623755246857679
4970.6696835628345,11312.33,0.004796875,6329.417,0.005371094,0.0006590424457428008
5114.12595404768,11314.25,0.004783203,6143.559,0.005273438,0.0006036683433986695
5518.063433362988,11352.06,0.004929688,5826.96,0.005404297,0.0005023543634094043
5223.89983938297,11357.83,0.004808594,6108.951,0.005339844,0.0006206293963381743
5774.978657050592,11446.27,0.004933594,5696.859,0.005398438,0.0004954141649099978
5414.034407299992,11443.07,0.004914063,6055.757,0.0054375,0.0004588840626093239
4949.536359010032,11258.49,0.004933594,6276.864,0.005429688,0.0005906575422150773
5123.106955612119,11377.7,0.004855469,6280.709,0.005394531,0.0005297673643717014
5414.519881294687,11404.61,0.004964844,6010.895,0.005470703,0.0004530828140522275
6141.231883933308,11609.7,0.004929688,5472.548,0.005414063,0.0005462777961551006
5395.791121435942,11369.37,0.004808594,5938.475,0.005361328,0.0006504058954386574
6216.109729011019,11584.06,0.004857422,5421.918,0.005378907,0.0006285320622020625
5049.982135929299,11201.45,0.004916016,6202.521,0.005419922,0.0005722478852962947
5464.541267105136,11393.08,0.004927734,5937.193,0.005414063,0.0004501381816612318
5634.15371965541,11463.58,0.004914063,5830.805,0.00540625,0.0004728279678958871
6043.797926765768,11534.71,0.004882812,5554.582,0.005388672,0.00038779868843990303
4680.999937417918,11188.63,0.004869141,6483.23,0.005314454,0.0005828285559518209
5769.331735324876,11457.17,0.004726563,5714.804,0.005244141,0.0017822197800359807
5629.900288728104,11515.49,0.004871094,5872.463,0.005394531,0.0005355525029486257
5066.258636615787,11201.45,0.004828125,6193.548,0.00538086,0.0005787645432755139
5828.897896072856,11440.5,0.004929688,5600.726,0.005449219,0.0005377568009939912
5843.917603590449,11506.52,0.004914063,5716.727,0.005423828,0.0005504382322871376
4804.529044647113,11210.42,0.00475586,6407.605,0.005285156,0.0007094820175002299
5678.16613055345,11415.51,0.004931641,5729.544,0.005466797,0.0005323020411154999
5433.379540152081,11389.23,0.004734375,5970.519,0.005328125,0.0017988662003020717
5041.273181872429,11257.85,0.004898438,6225.593,0.005388672,0.0006018404818840724
5822.144793667979,11471.91,0.004855469,5657.125,0.005347657,0.0006276444530290588
5283.203945200329,11433.45,0.004714844,6098.056,0.005226563,0.0017817750174612206
5828.500647678909,11482.16,0.004945313,5664.174,0.005457032,0.0004190662752585332
5186.115778905099,11357.83,0.004927734,6179.449,0.005416016,0.0006001302739562211
5814.970994318624,11484.72,0.004914063,5703.909,0.005455079,0.000551710833494762
5482.592874849325,11343.09,0.004945313,5897.458,0.005417969,0.0005062846969666278
5200.761296439801,11412.3,0.004873047,6263.405,0.005376953,0.0005502125105733746
5333.612421692145,11391.8,0.00491211,6062.166,0.00540625,0.0005831126264842039
5419.540150904436,11421.28,0.004796875,5968.597,0.005306641,0.0006876482300193268
5553.850579297798,11450.76,0.004976563,5875.667,0.005527344,0.00040741020098640626
4949.237474775367,11259.13,0.004884766,6265.969,0.005416016,0.0006060145466008582
5100.163669134998,11360.39,0.004748047,6269.173,0.005289063,0.0006027928596940419
5386.981724817135,11399.49,0.004757813,6029.481,0.005283203,0.0007248211582128075
4769.581389796223,11261.05,0.004777344,6554.369,0.005359375,0.0006080765645149133
5456.3311981072,11345.01,0.004929688,5872.463,0.005427734,0.00048432218637727497
5799.953875176717,11480.24,0.004896485,5640.461,0.005390625,0.0003853946468972639
5949.279915599699,11493.06,0.004828125,5584.063,0.00534375,0.0006514131328875876
5552.015417537508,11396.92,0.004929688,5857.723,0.005419922,0.00046955367394546654
5323.631995947458,11334.12,0.004929688,6008.972,0.005404297,0.0004641164351187614
5282.265096786962,11297.59,0.004703125,6031.403,0.005205079,0.0017044801325535963
5618.3559229433195,11431.53,0.004757813,5794.916,0.005300782,0.000708123265357479
5445.7853794893945,11438.58,0.004914063,5979.491,0.005464844,0.0005892576149083133
5268.974063699295,11386.03,0.004898438,6098.697,0.005433594,0.0005420773933330624
5629.667425979608,11452.04,0.004712891,5796.197,0.005240235,0.0017747010408333199
5040.180394795765,11364.24,0.004798828,6322.367,0.005302735,0.0006382298636627988
5610.264865343258,11387.95,0.004958984,5778.252,0.005478516,0.0004813655486671616
5955.937928121308,11535.36,0.004957031,5584.063,0.005482422,0.0005666950712101992
5211.354359666752,11295.02,0.004931641,6104.464,0.005433594,0.0004686987324007804
5202.2373357247625,11346.93,0.004820313,6160.863,0.00534375,0.0004782294531690965
5621.544831022807,11490.49,0.004931641,5879.513,0.005455079,0.0005006363086824608
4827.869993727989,11283.49,0.004929688,6488.998,0.005439453,0.00039732847330034354
5903.399970708971,11532.79,0.004744141,5615.467,0.005246094,0.0019471768806511368
5425.219945068649,11413.59,0.00491211,5980.132,0.005417969,0.0005242790203854996
5181.668962965605,11395.64,0.004884766,6194.189,0.005367188,0.0005563796986688919
5575.577065383333,11495.62,0.004916016,5962.828,0.005427734,0.0003917317974720211
5544.632260670139,11400.77,0.004882812,5857.723,0.005359375,0.0003987178993920328
5304.206041191279,11378.34,0.004728516,6092.288,0.005207031,0.0018606129151746882
5491.468537127869,11369.37,0.004810547,5873.745,0.005341797,0.0006860855482085287
5586.34960845996,11402.69,0.004964844,5830.805,0.005417969,0.0005139832254081802
5959.265115909142,11544.97,0.004857422,5553.941,0.005386719,0.000632113261896494
5588.441833005332,11447.55,0.004949219,5842.982,0.005455079,0.0005028819337809231
5269.8016378693,11418.71,0.004925781,6149.327,0.005425781,0.0005819957981316108
5623.029743020893,11466.78,0.004927734,5853.236,0.005441406,0.0006224773210520306
5440.730609804423,11335.4,0.004927734,5877.59,0.005400391,0.0005185909565408397
5155.906623852301,11316.17,0.004931641,6171.117,0.005431641,0.0005767092210135354
5602.372069889861,11421.28,0.004929688,5826.96,0.005400391,0.0005353295036258354
4951.077520744823,11298.23,0.004871094,6362.743,0.00534375,0.00047845843245917596
5526.222700063652,11399.49,0.004896485,5864.131,0.005425781,0.0005140133685954516
6172.886277742457,11566.76,0.004960938,5382.183,0.00546875,0.0005722396754553966
5537.663868353379,11346.29,0.004916016,5810.297,0.005398438,0.0005090973963789572
5562.6155420155455,11441.79,0.004796875,5859.646,0.005376953,0.0006387617303140503
5669.775448681745,11441.79,0.004898438,5783.379,0.005376953,0.0005393602782576445
5182.414163396521,11382.82,0.004873047,6268.532,0.005363281,0.0005796274650301733
4375.522432941971,11132.88,0.004777344,6643.452,0.005302735,0.0005950121133641369
4712.35284645974,11293.1,0.004748047,6517.838,0.005361328,0.0018128732271701711
6247.612116394759,11629.57,0.004761719,5338.603,0.005246094,0.00180622603764837
5369.347398245125,11380.9,0.004730469,6018.585,0.005214844,0.0016866387287693936
5249.56778427258,11400.13,0.004957031,6145.481,0.00546875,0.0005543469995705802
5597.610127294338,11411.66,0.004958984,5804.529,0.005449219,0.0005171270508948639
5761.873625504894,11501.39,0.004929688,5726.34,0.005453125,0.00059964278290066
5218.237907148089,11319.38,0.004929688,6117.282,0.005388672,0.00046317935799466
5687.73878070861,11445.63,0.004958984,5760.948,0.005451172,0.0004824693099446484
5455.841563258871,11411.66,0.00491211,5961.546,0.00540625,0.0003612836795435496
5609.760065254588,11457.17,0.004685547,5835.292,0.005181641,0.001791899783593427
5032.3179480310155,11346.93,0.004701172,6335.185,0.005177734,0.0018656856289403637
5798.836864313774,11479.6,0.004744141,5703.909,0.005234375,0.001714390213732716
4817.305413514623,11196.97,0.004914063,6456.313,0.005404297,0.0005799517388936932
5434.09187401271,11434.1,0.00475,5996.795,0.00528125,0.000566964652004807
5109.784269026596,11303.35,0.004898438,6210.852,0.005455079,0.0005512933739759438
4878.396046989404,11318.09,0.00475,6417.859,0.005265625,0.0004667194312060618
4811.1375986408975,11289.9,0.004898438,6488.357,0.005355469,0.0004800644727587673
5668.188625061119,11421.28,0.004902344,5763.512,0.005388672,0.0005797607176619857
5335.034032429561,11394.36,0.004814453,6054.475,0.005308594,0.000612937915594661
5386.334670789673,11421.28,0.004697266,6051.912,0.00521875,0.001799348105068798
5350.454141214622,11378.98,0.00488086,6024.354,0.005371094,0.00026690551593965976
5675.595484906288,11469.99,0.004929688,5787.866,0.005425781,0.0004970739558513915
5582.7483026047885,11418.07,0.004900391,5836.573,0.005376953,0.0005797744626488668
5223.8207073757685,11367.44,0.004886719,6136.509,0.005361328,0.0005748494382767668
5639.7141608760885,11425.12,0.004712891,5782.098,0.005222656,0.0018341058189723105
5945.789572453471,11479.6,0.004929688,5560.351,0.005435547,0.0005295360102173256
6637.407854877064,11699.42,0.004839844,5252.724,0.005373047,0.0006268960433540678
5695.681999834269,11445.63,0.004962891,5780.816,0.005445313,0.000605591374378452
5901.606845420193,11548.81,0.004767579,5658.406,0.005292969,0.0005287496935503034
5924.248825329673,11530.23,0.00491211,5599.444,0.00544336,0.0006420933413193566
4842.185762847159,11244.39,0.004900391,6421.705,0.005417969,0.00048008416967484127
5557.791315970783,11425.76,0.004929688,5881.436,0.00540625,0.00045863103848041897
5431.243481656929,11379.62,0.004917969,5953.856,0.005435547,0.0004958826271474618
5828.33333225033,11472.55,0.004742188,5640.461,0.005251953,0.0006947244555347774
5523.663483454198,11377.7,0.00491211,5821.833,0.005384766,0.0005254117804495826
5499.187889014174,11442.43,0.004925781,5942.32,0.005464844,0.00043576081998777705
5785.381908342025,11469.34,0.004927734,5714.163,0.005404297,0.0005767584587847715
5323.395263127379,11367.44,0.004931641,6031.403,0.005439453,0.0004961362933447785
4715.088951080085,11222.6,0.004720703,6513.352,0.005203125,0.0005001264471034589
5646.457095595659,11471.91,0.004929688,5803.888,0.005425781,0.000484589646589029
5589.314664418928,11438.58,0.004783203,5860.286,0.005392578,0.0006579571410701055
5800.883900524056,11434.1,0.004822266,5578.295,0.005330078,0.0006452783359537081
5278.35944529012,11348.22,0.004730469,6069.856,0.00522461,0.0017437525087663234
5364.1740119040305,11423.84,0.00491211,6072.42,0.005580078,0.0005454606668016337
4958.383680333994,11229.65,0.00475,6362.743,0.005300782,0.0005075280647890191
5794.844136139885,11434.74,0.004929688,5643.666,0.005404297,0.0004355942799268431
5165.593495584327,11384.75,0.004914063,6218.543,0.005423828,0.0005402535379609365
5357.687777438697,11387.95,0.00475,6016.022,0.005314454,0.0004932436473412397
5537.417177831081,11403.97,0.00497461,5883.999,0.00546875,0.00036308971926709416
5622.9661399639745,11443.07,0.004884766,5882.076,0.00540625,0.00038051625310434446
5576.04867975673,11420.0,0.004896485,5836.573,0.005371094,0.0005121487182390583
5245.516620866644,11400.77,0.004884766,6145.481,0.005375,0.0004662922880572177
5663.513802626947,11475.11,0.004917969,5819.91,0.005421875,0.0005129545988270491
5249.72301225455,11375.77,0.004839844,6128.818,0.005376953,0.00046446657821681803
5783.324083902361,11503.95,0.004703125,5717.368,0.005238282,0.0016718973740651806
5429.441782674167,11475.11,0.004728516,6030.763,0.005265625,0.001763603532710658
5233.20636972844,11336.04,0.004933594,6123.051,0.005429688,0.0005049532754355027
4439.684998508042,10891.26,0.004871094,6536.424,0.005294922,0.0004810022509286083
5617.614537471084,11431.53,0.004939453,5821.192,0.005433594,0.0006016564437155445
5494.672946801048,11364.88,0.004929688,5880.154,0.005451172,0.00044218571339200324
5517.515782500628,11449.48,0.004988282,5956.419,0.005470703,0.00028161087990910983
5452.593264415446,11346.93,0.004810547,5911.557,0.005341797,0.0006215339305928378
5367.14098374421,11375.13,0.004703125,6038.453,0.005216797,0.0016945810790872015
5619.416051336967,11437.94,0.004976563,5802.606,0.005470703,0.0004383051409980037
5291.189450962678,11340.53,0.004886719,6045.503,0.005357422,0.0005941345500263994
4873.684760777674,11250.16,0.004884766,6418.5,0.005404297,0.0005580838785413507
4328.3178282042445,11006.62,0.004900391,6592.822,0.005402344,0.0005011595533238155
5251.854621199706,11375.77,0.004867188,6113.437,0.005357422,0.0005884231199949242
5529.323987875829,11378.34,0.004726563,5817.987,0.005238282,0.0016684344541273756
5002.8533677560945,11262.34,0.004728516,6265.969,0.005283203,0.0007601551312073236
5760.5466248830835,11453.96,0.004814453,5682.119,0.005376953,0.000660523250821396
5121.075656845231,11344.37,0.004882812,6247.383,0.005359375,0.00048687450853379747
5523.4733872038505,11395.0,0.004826172,5873.104,0.005357422,0.0006250813368229144
4815.406861592483,11209.78,0.004871094,6376.202,0.005373047,0.0005560074420655664
5858.987421122578,11511.0,0.004564453,5664.815,0.005144531,0.0018081693155903751
4970.3978368756,11286.05,0.004869141,6340.953,0.005361328,0.0004319447586261731
6064.8125765273735,11496.9,0.004849609,5474.471,0.005425781,0.0007355527336837809
4462.867206236035,11045.72,0.004914063,6657.552,0.005431641,0.0005758397775370787
4949.245247275508,11353.34,0.00475,6387.737,0.005269532,0.0004772777147454705
5493.426673740548,11405.25,0.004767579,5937.193,0.005285156,0.0006969051277991289
5008.266162188638,11309.76,0.00471875,6268.532,0.005228516,0.000507893554198075
5169.527998378094,11346.93,0.00491211,6149.327,0.0054375,0.00047069233005388064
5505.800690745195,11412.3,0.004841797,5895.535,0.005376953,0.0004504298007552637
5040.017168892925,11307.84,0.00491211,6223.67,0.005400391,0.0005134361607423758
5616.578464982813,11376.42,0.004914063,5753.258,0.005410157,0.00048529468174900034
5153.750849122404,11395.0,0.004736328,6212.134,0.005326172,0.0005242468873958912
5046.707918536962,11353.34,0.004929688,6287.118,0.005433594,0.0005914393192714729
5069.921236401098,11371.29,0.00494336,6268.532,0.005453125,0.00034100960211526604
5738.518759990653,11441.14,0.004744141,5733.39,0.005332031,0.0018025964766516223
4965.8146791038025,11234.78,0.004898438,6234.565,0.005376953,0.0004198331234151537
5360.890843221194,11412.3,0.004914063,6064.729,0.005402344,0.00043864189738601573
5727.457353786281,11480.24,0.004949219,5746.208,0.005472656,0.0004890535789984545
5285.874169805131,11402.05,0.004826172,6114.719,0.005357422,0.0006397920333133572
5981.335867431137,11553.3,0.004914063,5621.234,0.005525391,0.000539911750117559
5233.417965673603,11327.07,0.004699219,6044.221,0.005189453,0.0017747834920526224
6214.971268471503,11610.34,0.004826172,5366.161,0.005300782,0.0006379845247694693
5458.293261728265,11351.42,0.004914063,5928.22,0.005421875,0.00045814966790206236
5494.280015237305,11419.35,0.004947266,5935.911,0.005435547,0.0004969936061519958
4974.450282900435,11303.99,0.004884766,6362.743,0.005388672,0.0005991320810104032
5250.4843854852725,11361.67,0.004945313,6098.056,0.005449219,0.0005724885311905991
5483.929241006352,11482.8,0.004925781,5980.773,0.005421875,0.00047245520602952156
5333.563089098398,11394.36,0.004884766,6065.371,0.005355469,0.0006073316437456374
5539.605061418328,11435.38,0.004732422,5892.331,0.005195313,0.0018386323315538505
5100.063773640009,11387.95,0.004873047,6278.146,0.005359375,0.0005611021550691855
4523.588014721037,11032.26,0.004732422,6588.335,0.005238282,0.0004608725039085324
5075.529838157835,11389.87,0.004720703,6298.013,0.005205079,0.000561392551776509
5578.7181412961445,11401.41,0.004902344,5840.418,0.005392578,0.0005945046848453371
5669.282698632061,11430.89,0.004814453,5767.357,0.005294922,0.0006334640600330251
5052.802639962159,11301.43,0.004960938,6207.648,0.0055,0.0003973679548175772
5666.742885893909,11414.87,0.004929688,5791.711,0.005402344,0.0004687133247763626
5429.578133864465,11379.62,0.004914063,5950.01,0.005390625,0.0005834449381818162
5864.47417477678,11509.72,0.004958984,5649.434,0.005478516,0.0005618745348455843
5417.587232502241,11375.77,0.004929688,5933.347,0.005402344,0.000494458034751561
5681.9688778148375,11437.3,0.004822266,5767.357,0.005330078,0.0006572182402580622
4978.611900989019,11240.55,0.004708984,6224.311,0.005222656,0.0005202400348019003
5609.168523068099,11437.3,0.004796875,5829.523,0.005357422,0.0006995087726025883
5623.361749241935,11452.68,0.004726563,5832.728,0.005236329,0.000675108378049968
6000.556189589482,11486.01,0.004945313,5469.985,0.005482422,0.0005118524584959464
5110.544112653739,11303.35,0.004945313,6209.57,0.005464844,0.0004676901882274109
6383.394322670151,11494.34,0.004914063,5222.602,0.005455079,0.0005862589494756315
4861.193990736001,11244.39,0.004699219,6417.218,0.005179688,0.0017736583914024287
6309.367201864953,11655.84,0.004826172,5327.067,0.005361328,0.0006921234032613707
6029.345456193954,11550.1,0.004882812,5523.179,0.005373047,0.0005448755388424413
5615.297555545637,11444.35,0.00494336,5837.214,0.005419922,0.0005208222029378039
5308.555712364689,11327.07,0.004945313,6019.227,0.005431641,0.00043232272615646185
5436.227357705604,11342.45,0.004871094,5951.292,0.005388672,0.0006047270087095963
4911.3220933990715,11270.03,0.004763672,6290.963,0.00525586,0.0006530042935772248
5281.93616964205,11400.13,0.004914063,6138.432,0.005392578,0.0005112205891595391
4926.426778677683,11355.27,0.004839844,6383.251,0.005330078,0.00041447030324243193
5360.703410654134,11310.4,0.004896485,5939.756,0.005355469,0.0005532586930989723
5811.410006300644,11479.6,0.004746094,5664.815,0.00525,0.0015880137961429652
5382.581520419317,11325.14,0.004882812,5957.701,0.005355469,0.0005740078372051752
5578.492005253451,11432.81,0.004941407,5855.159,0.005404297,0.0005569627602444937
5668.865541489007,11476.39,0.004962891,5814.142,0.005466797,0.0003276842956084469
5457.319875315108,11395.64,0.004900391,5926.938,0.005394531,0.0005391882603695705
5642.932425355989,11421.28,0.004914063,5763.512,0.005402344,0.0004890040238146867
5789.956895524525,11483.44,0.00494336,5703.909,0.00546875,0.0004007931514412858
5009.036229639991,11203.37,0.004914063,6226.233,0.005371094,0.0005779791196609839
5502.980435967185,11407.82,0.004929688,5883.358,0.005400391,0.000533435857763681
5292.92545706319,11410.38,0.004744141,6112.796,0.005207031,0.0018693040267333558
5904.756865344602,11530.23,0.004914063,5624.439,0.005419922,0.0005913629877509715
5489.419196194965,11449.48,0.004882812,5916.043,0.00538086,0.0005432920469703216
5096.846585487524,11364.88,0.004873047,6283.914,0.00534375,0.0005620397008788337
5602.173079842935,11494.34,0.004792969,5894.894,0.005367188,0.0008509300654156785
5664.269788183917,11507.8,0.00491211,5802.606,0.005404297,0.000625585580390823
4946.248528069365,11314.25,0.004857422,6328.776,0.005347657,0.0005637247091924553
5702.50511262537,11423.84,0.004929688,5688.528,0.005462891,0.00046434549713793294
5025.163500564358,11259.13,0.0046875,6232.002,0.005173828,0.0017538703166708677
5192.172470649229,11412.3,0.004916016,6209.57,0.00540625,0.0004862574625034623
5118.429139201889,11353.34,0.004914063,6202.521,0.005390625,0.0004816003350065232
5811.970987761488,11497.54,0.004730469,5681.478,0.005244141,0.001696308919560628
4738.023095661373,11188.63,0.004884766,6404.401,0.005357422,0.0005192599991351
5382.419075444104,11350.14,0.004957031,5962.187,0.005447266,0.0004543448057509633
5305.069284430807,11397.56,0.004667969,6057.039,0.005185547,0.0018111197221920556
5312.438117726241,11389.87,0.004904297,6061.525,0.005376953,0.0005451488769474562
5372.46897145916,11340.53,0.004914063,5973.083,0.005373047,0.0005948622176414574
4910.6947491975325,11229.65,0.004779297,6273.659,0.005345704,0.0006220056898143697
5706.483132512566,11457.17,0.004933594,5766.076,0.0054375,0.0004937266626687728
5550.2615432603025,11446.27,0.004939453,5859.646,0.005431641,0.0005230675462898257
5674.037878650237,11484.08,0.004929688,5817.987,0.005421875,0.00040336317119715916
5450.105795361847,11377.7,0.004517579,5928.22,0.005097657,0.0018267944252707052
5850.143280215884,11492.42,0.004945313,5632.771,0.00546875,0.0005384477263918108
5554.108475891019,11432.81,0.004882812,5898.099,0.005404297,0.0005709395138766943
5483.044433582382,11446.91,0.004849609,5957.701,0.00534375,0.00041796169676321186
5112.600896198159,11363.6,0.004763672,6265.969,0.005285156,0.0005919719332894495
5749.801033286624,11480.88,0.004759766,5719.932,0.005357422,0.0019014506344089712
4966.830958356153,11283.49,0.004896485,6340.953,0.005419922,0.0005929744484723531
4935.015351267353,11250.16,0.004701172,6198.034,0.005142578,0.0017645894853947131
5415.117529075941,11330.91,0.004642578,5907.712,0.005150391,0.001802804846747322
5215.855003989035,11359.75,0.004867188,6157.018,0.005337891,0.0004144044446067219
5709.028061738714,11481.52,0.004882812,5789.788,0.005392578,0.0005521980055613536
5576.251345937714,11437.94,0.0048125,5869.258,0.005357422,0.0006685217701843785
5208.47131035503,11328.99,0.004929688,6114.719,0.005404297,0.0004762987792289432
5820.039955029158,11503.31,0.004900391,5670.583,0.00544336,0.0005581717674985571
5734.007803290416,11416.15,0.004882812,5710.318,0.005378907,0.0005026556328430818
5689.635987769649,11382.18,0.004714844,5741.722,0.005201172,0.0017587200454010552
5641.799104381276,11494.98,0.004761719,5816.706,0.005279297,0.0018118854688833079
5450.432094351609,11404.61,0.004931641,5953.856,0.005433594,0.000535148554417868
5046.802800175871,11321.94,0.004736328,6249.306,0.00525586,0.000408396791169419
5737.4021768866105,11493.7,0.004898438,5741.081,0.005386719,0.0005214765771193276
5204.539893849829,11375.13,0.004916016,6215.979,0.005421875,0.000580671978601242
5299.6391972766705,11328.99,0.00478125,6044.862,0.005310547,0.000618344060020388
5432.231043154277,11386.67,0.00488086,5970.519,0.005373047,0.0005339308805883237
5543.050266493504,11418.71,0.004869141,5885.921,0.005357422,0.00047559714565418735
5031.697803853413,11331.55,0.004886719,6331.339,0.005388672,0.0005821206228257308
5850.376295255183,11466.14,0.004927734,5635.975,0.0054375,0.0006328674555234452
5060.834350731998,11345.01,0.004792969,6256.355,0.00534961,0.0006554321944175898
4856.454232508493,11292.46,0.004720703,6428.113,0.005240235,0.0007453332916606615
5565.022417236844,11403.33,0.004914063,5862.209,0.005386719,0.00047325037693267413
5513.629888925927,11420.0,0.004927734,5880.154,0.005400391,0.0005196752960626012
5458.120950873098,11403.97,0.004697266,5941.038,0.005173828,0.001744091007917923
5211.200223763902,11348.22,0.004759766,6133.945,0.005332031,0.0007197373983130477
5664.710215602961,11520.61,0.004808594,5840.418,0.005324219,0.0006438979454976922
5764.639097914629,11507.8,0.004945313,5734.031,0.005470703,0.00045029519206917895
5191.346034778527,11361.03,0.00494336,6176.244,0.005470703,0.0004991652681175613
5760.590899999654,11473.19,0.004853516,5705.191,0.005361328,0.00044791123586112783
5455.400807807949,11450.12,0.004929688,5980.132,0.005453125,0.0005606866743489085
5304.804586408997,11332.83,0.004914063,6021.149,0.005402344,0.0004712796467746143
5515.830221860494,11427.04,0.004810547,5921.171,0.005361328,0.0006420949595410508
5520.553761499426,11449.48,0.00491211,5917.966,0.005392578,0.00046479826624425374
5649.553831703984,11430.89,0.004896485,5786.584,0.005386719,0.00039592349595174176
5851.427579505121,11457.81,0.004914063,5608.417,0.005382813,0.0005861907511533772
5861.487867134806,11525.74,0.004839844,5676.351,0.005400391,0.0006238915796149548
4948.203510251769,11309.76,0.004783203,6394.146,0.005332031,0.0006496633505238074
5909.356971617287,11502.03,0.004712891,5588.549,0.005216797,0.0017326091296678502
5654.651028320093,11452.68,0.004884766,5785.943,0.005375,0.0006161423876610147
5521.805395942358,11355.91,0.004927734,5794.916,0.005447266,0.00044610530496145645
4895.731275395102,11278.36,0.004839844,6367.229,0.005361328,0.00035484993585409476
5040.668510990591,11273.87,0.004886719,6226.233,0.005429688,0.0005809702334567829
5328.956835434249,11422.56,0.004916016,6075.625,0.005421875,0.0005202974043852256
4821.059451521224,11252.08,0.004777344,6433.881,0.005328125,0.0006144494139094338
5519.403179000552,11411.02,0.004535156,5887.845,0.005078125,0.0018598632392061018
5123.423763740144,11327.07,0.004898438,6214.697,0.005388672,0.0005495334060221937
4609.873587504597,11148.26,0.004933594,6556.932,0.005419922,0.000453421963775599
4503.572169555115,11070.07,0.004826172,6633.198,0.005361328,0.0005753687913403801
5591.2934692370445,11474.47,0.004822266,5888.485,0.005326172,0.0006920174838067311
5255.444302174463,11400.77,0.004914063,6137.791,0.005386719,0.0004953632548683254
6283.872998904371,11634.69,0.004929688,5293.1,0.005490235,0.0005173645841121072
5680.058332870221,11461.01,0.004900391,5786.584,0.00540625,0.0005620790271251504
5630.22668466654,11489.85,0.004929688,5834.65,0.005421875,0.0004691916807160729
5249.472761317936,11358.47,0.00491211,6089.083,0.005402344,0.0004192974404555641
4894.947733475944,11257.85,0.004855469,6295.45,0.005371094,0.0004174904990157202
4827.559034108041,11211.71,0.00478125,6425.55,0.005361328,0.0006906080425230272
5227.003618893569,11355.91,0.004869141,6119.205,0.005328125,0.00040950361742333975
5361.883557931201,11400.77,0.004826172,6043.58,0.0053125,0.0006291085148070043
5733.08038914079,11402.05,0.004929688,5737.235,0.00546875,0.0005178736811362519
5636.610044659891,11396.92,0.00491211,5755.821,0.005410157,0.0005676175939628632
5142.976426316787,11332.19,0.004927734,6177.526,0.005453125,0.0005075608369664982
5654.267101567857,11461.01,0.004945313,5838.496,0.005455079,0.0005039753413282039
5374.701676302094,11404.61,0.004896485,6032.044,0.005355469,0.00040834527528640116
4727.833152840511,11194.4,0.004884766,6487.716,0.005361328,0.0005106476923808096
5371.276308131567,11288.61,0.004851563,5905.148,0.005310547,0.0004939663504391562
5110.51213756742,11364.24,0.004896485,6246.101,0.005386719,0.0004991206435146033
5707.845365373692,11412.95,0.004916016,5719.291,0.00540625,0.00045569075833252993
4615.200230033261,11220.04,0.004689453,6633.839,0.005220703,0.0004877081123767946
5914.668833218483,11555.22,0.004958984,5578.295,0.005453125,0.0004963633949213914
5780.538849279455,11544.97,0.004824219,5726.34,0.0053125,0.0006438639033881864
4825.903062700064,11312.33,0.004933594,6494.125,0.005445313,0.0004589345257439115
5341.901090705378,11323.86,0.004824219,5926.938,0.005341797,0.0005835969587767367
4930.814458438489,11279.64,0.004871094,6372.997,0.005361328,0.0004671745057023107
5289.50045642298,11340.53,0.004697266,6027.558,0.005171875,0.000809358848859064
5434.241810218405,11353.98,0.004792969,5908.994,0.005371094,0.0015873176669812094
6289.308786404059,11629.57,0.004941407,5337.321,0.005484375,0.0006035819539323885
5035.206790606752,11353.98,0.004734375,6335.185,0.005267578,0.0005026864324745719
5667.7282732289095,11452.04,0.004947266,5793.633,0.005421875,0.0004163302036290747
5748.677664890083,11454.6,0.004927734,5672.506,0.005451172,0.0005135730856770555
5102.87579171323,11323.22,0.00488086,6187.14,0.005365235,0.0003775170320267528
4969.080972649759,11310.4,0.004898438,6329.417,0.005402344,0.0005909097768093257
5593.5175549771,11387.95,0.004958984,5764.153,0.005449219,0.0005141699125360617
5803.383282597949,11480.24,0.004564453,5637.898,0.005152344,0.001872014646805894
6012.336762522274,11524.46,0.004945313,5517.411,0.005470703,0.00034323083867289755
4727.625600521981,11234.78,0.004884766,6471.694,0.005386719,0.0005353504375779162
5205.146454599613,11368.72,0.004914063,6169.194,0.005419922,0.0006184553598888106
5029.899972945192,11352.06,0.004775391,6335.185,0.005316406,0.0006050927305495402
5530.837967083617,11401.41,0.004878907,5886.563,0.005341797,0.0003559005775556158
5226.52044999709,11353.34,0.004898438,6134.586,0.005388672,0.0005146383325429521
4802.080384276698,11289.9,0.004914063,6490.28,0.005402344,0.0005398962368032285
6268.086806037738,11610.34,0.004945313,5389.233,0.005453125,0.0004145224087403355
4780.909142397884,11312.33,0.004707031,6474.257,0.005208984,0.0005552891309820549
5908.977578668953,11543.05,0.004929688,5704.55,0.005439453,0.0005130442956953332
5157.2575959852265,11335.4,0.004925781,6134.586,0.005433594,0.0005325876691120437
5075.016668395772,11331.55,0.004853516,6255.074,0.005386719,0.0004674373799564488
5786.45928459771,11515.49,0.004900391,5715.445,0.0054375,0.0005099631831162458
4829.880733239708,11172.61,0.004792969,6380.047,0.005347657,0.0006340120153913414
5108.3551061191465,11303.35,0.004871094,6195.471,0.005324219,0.0004767036325221178
5365.329185178216,11372.57,0.004958984,6062.166,0.005449219,0.0005195115381448716
5152.081770288783,11346.29,0.004931641,6146.123,0.005421875,0.0004942900031438125
5231.179721162005,11374.49,0.004884766,6126.896,0.005365235,0.0005941480493495304
5780.428828141576,11440.5,0.004945313,5676.351,0.005433594,0.0005773526322629845
5793.916540296394,11446.27,0.004535156,5678.273,0.005115235,0.0018534865764070281
5502.985738532168,11375.77,0.004931641,5871.181,0.005462891,0.0005410803312062678
5086.398478004962,11400.13,0.004945313,6328.135,0.00541211,0.00040452217801650804
5328.328928100581,11393.08,0.004738281,6046.144,0.00525,0.0007734698874121518
5674.922164756358,11450.76,0.004927734,5777.611,0.005453125,0.00047872097449008983
4474.960893777857,11043.15,0.004871094,6597.949,0.005324219,0.00045349166779248124
5400.302825765648,11380.9,0.004917969,5973.083,0.005433594,0.0005694392856428315
5107.167779446914,11389.23,0.004794922,6285.195,0.005328125,0.0005910692148252908
5231.396026337311,11330.91,0.004867188,6115.36,0.005373047,0.0005724306778241259
4367.102381286933,10942.53,0.004869141,6555.65,0.005361328,0.0005787324001552381
5317.522101449573,11373.85,0.004896485,6089.083,0.005388672,0.0006114736169730274
6023.349722890611,11549.46,0.004914063,5519.974,0.005453125,0.0004973103560044512
5296.500773802341,11416.79,0.004824219,6049.989,0.005378907,0.0006240692735149095
5431.935498156262,11375.13,0.004929688,5932.707,0.005419922,0.0004989681204944929
5548.449155491642,11387.95,0.004929688,5853.236,0.005421875,0.0006198124893992781
5658.698364674694,11430.89,0.004916016,5789.147,0.005416016,0.0005953085912886526
5818.606017077592,11500.75,0.004914063,5696.218,0.005421875,0.0005777461194028758
5219.253876778996,11360.39,0.004796875,6127.537,0.005359375,0.0006437516657335225
5883.554794186553,11505.23,0.004931641,5653.92,0.005400391,0.0005173720169985776
5596.906044748964,11364.24,0.004521484,5786.584,0.005148438,0.0019382794338176882
5405.246622807017,11406.54,0.004898438,5998.077,0.005390625,0.0006328998452310383
5075.967015926565,11400.77,0.004916016,6289.041,0.005408203,0.0005533885898813452
5591.87624888477,11417.43,0.004916016,5832.728,0.005390625,0.0006108302156136497
6019.44352587006,11499.47,0.00488086,5483.444,0.005388672,0.0005595576598482818
4436.814861294233,10891.9,0.004730469,6757.53,0.005240235,0.0007554710858686407
5849.622777199819,11534.07,0.00491211,5700.705,0.005410157,0.000667753135263206
5183.656406530252,11436.02,0.00475,6245.46,0.005359375,0.0004955606213913693
5379.38626705812,11410.38,0.004886719,6032.044,0.005375,0.00027859786265568
5572.762119819496,11384.11,0.004886719,5794.916,0.005357422,0.0005315272543083785
5609.026316089477,11471.27,0.004898438,5867.336,0.005375,0.0005714912058741586
5409.747476506611,11363.6,0.004736328,5951.292,0.005273438,0.0016779351078557304
5480.327739546315,11375.77,0.004916016,5865.413,0.005392578,0.0005233877352939396
5290.9603574878,11358.47,0.004533203,6106.387,0.00519336,0.0017987678218027608
5302.650809994692,11339.88,0.004884766,6048.066,0.005359375,0.0005870313372715214
5155.657198112332,11340.53,0.004916016,6172.399,0.00540625,0.0005205794757526145
5086.54354217845,11405.25,0.004960938,6305.704,0.005433594,0.00047817418048435136
4655.1969539319725,11171.33,0.004701172,6551.805,0.005171875,0.0018157327230567569
5281.510690738207,11357.19,0.0048125,6076.907,0.005332031,0.0006104089772687038
5330.518030608174,11295.66,0.004916016,5946.806,0.005419922,0.00047394426601308316
4909.308852705767,11240.55,0.004738281,6342.234,0.005285156,0.0006374780044308587
5732.29319033778,11484.72,0.004882812,5750.053,0.005382813,0.000499282037108523
5235.182141756223,11395.0,0.004851563,6132.023,0.005371094,0.0004193385097437761
5639.509201933461,11465.5,0.004962891,5821.192,0.005482422,0.0005139074244967417
5628.425051722945,11337.96,0.004810547,5784.021,0.005341797,0.000642534544027893
5757.399939731439,11459.73,0.004902344,5692.373,0.005408203,0.0005552442313944208
5313.388439261246,11395.0,0.004851563,6076.266,0.005328125,0.0004952076798089875
5389.129941004855,11365.52,0.004730469,5980.773,0.005283203,0.0017038687533611303
5965.830390384939,11539.2,0.004902344,5546.892,0.005423828,0.0004335669408874117
5768.664147014451,11449.48,0.004916016,5637.257,0.005417969,0.0003992456348510401
5188.75378556503,11332.83,0.004898438,6099.979,0.005388672,0.0005613554988901924
5189.225754993685,11283.49,0.004933594,6151.25,0.005390625,0.0004864079043727195
5860.750555316787,11489.85,0.004535156,5588.549,0.005142578,0.0018575008405608616
5246.3694120339815,11312.97,0.004824219,6050.63,0.005326172,0.0006422852858196494
5545.760474874487,11466.14,0.00494336,5895.535,0.005419922,0.00045776458312441696
5195.536702731833,11328.35,0.004886719,6197.394,0.00534375,0.0005925972981961162
6140.695317855278,11591.75,0.004957031,5441.786,0.005462891,0.0005912676160176412
5603.818593871275,11406.54,0.004896485,5802.606,0.005394531,0.0005312205237358596
5768.2752260180805,11498.83,0.004548828,5696.218,0.005107422,0.0018424338127759792
5317.690110934607,11421.92,0.00494336,6080.111,0.0054375,0.0005602395130423166
5330.927842719361,11373.21,0.004900391,6038.453,0.005375,0.0004998787361221174
4785.694958127295,11198.25,0.004736328,6401.837,0.005216797,0.0004888940678730371
4335.291341504692,10841.91,0.00475,6431.318,0.005359375,0.000602684360735868
5357.562383298475,11428.97,0.004769532,6077.547,0.005316406,0.0007137126595204524
5119.701371240687,11280.28,0.004697266,6151.25,0.005191407,0.0017679093737564349
5255.2704042413,11319.38,0.004701172,6046.785,0.005125,0.0007498223963459547
5204.800678188062,11286.05,0.004886719,6098.697,0.00534375,0.00042040964476119637
5619.790247879196,11462.29,0.004822266,5855.159,0.005359375,0.0006938189948042302
5374.524584880018,11343.73,0.00478125,5993.591,0.005333985,0.0006216508880874173
5767.348657069509,11499.47,0.004960938,5750.053,0.005480469,0.00044097231964302546
5204.774686403178,11323.86,0.004699219,6108.951,0.005173828,0.0007358137251726164
4718.181161529908,11222.6,0.004753906,6571.672,0.005271485,0.000399693174471721
4627.236715047725,11094.42,0.004898438,6515.274,0.005402344,0.0005886717985608218
5219.7554815927915,11309.76,0.004730469,6059.602,0.005232422,0.001735257276259463
5488.712870613272,11334.76,0.004900391,5864.772,0.005388672,0.0005683624236113285
5288.567436712349,11307.84,0.004808594,6036.53,0.005326172,0.0006631172844169707
5235.234913357062,11354.63,0.004914063,6091.006,0.005384766,0.0005371885628141172
5179.272435623176,11277.08,0.004898438,6115.36,0.005369141,0.0006091446091350967
5390.592291168687,11393.08,0.004914063,6017.304,0.005373047,0.0005609312748390068
5424.951642673805,11357.19,0.004810547,5908.994,0.005324219,0.0006721388132310133
5574.044651644349,11448.19,0.004814453,5873.104,0.005384766,0.0006312119846367508
5345.657161082339,11364.88,0.004689453,6008.972,0.005222656,0.0018071583054212134
5896.0882188620035,11495.62,0.004576172,5627.644,0.005107422,0.0018305254444327453
5280.280991292215,11371.29,0.004884766,6090.365,0.005373047,0.0005663788180810641
5573.656476277364,11466.14,0.004917969,5866.054,0.005410157,0.00053136509451379
5569.712601211189,11434.1,0.004683594,5864.772,0.005244141,0.001802377539199734
5464.491132451327,11399.49,0.004839844,5939.756,0.005326172,0.0006744839380585731
5922.628013311213,11503.31,0.004947266,5550.096,0.005447266,0.0004555121136370124
5586.391094129511,11441.14,0.004972656,5852.595,0.0055,0.00040991737325908687
5609.576843631026,11421.92,0.004931641,5817.987,0.005419922,0.0005739491827554721
4958.926080942826,11285.41,0.004869141,6324.93,0.005326172,0.0005343829459788015
5364.808329620393,11373.85,0.004900391,6024.354,0.005435547,0.0005636402488704734
5252.489043982034,11368.08,0.004916016,6146.763,0.005400391,0.0005342507170671045
5443.308217734966,11406.54,0.004857422,5945.524,0.005324219,0.0005624364809245475
5641.331645155406,11436.02,0.004947266,5781.457,0.005457032,0.00047161617810713305
5659.341374737832,11440.5,0.00494336,5801.324,0.005455079,0.0005480045195598198
4578.486701956367,11175.18,0.004734375,6490.92,0.005265625,0.0005034938949933228
5421.810060210564,11333.48,0.004902344,5949.37,0.005386719,0.0005468696961114405
5785.443870042507,11478.96,0.00491211,5687.246,0.005419922,0.000508281094794012
5448.446677450203,11396.28,0.004857422,5942.961,0.005345704,0.0005859566018201022
5524.7988937709115,11430.89,0.004929688,5911.557,0.005453125,0.0006043568483484939
4786.31596561712,11286.69,0.004853516,6517.197,0.005384766,0.00046886464861838295
4769.128019784381,11199.53,0.004765625,6385.174,0.0053125,0.0006505794634205899
5327.9373965003015,11397.56,0.004746094,6059.602,0.005310547,0.000755532384624938
5297.300330229577,11348.86,0.004767579,6032.044,0.005302735,0.0007310458959264476
5753.655655089321,11457.17,0.004773438,5734.031,0.005285156,0.0018999011697309655
5135.2912593015735,11340.53,0.004869141,6213.416,0.005363281,0.0005057280675310957
5417.830708296688,11394.36,0.004884766,5968.597,0.005375,0.0005350922412477224
5570.694231820196,11411.66,0.004896485,5853.236,0.005390625,0.000553984665393997
5986.255947781126,11512.92,0.004728516,5553.3,0.005207031,0.0018008389762842613
5095.548967270504,11361.03,0.004931641,6220.466,0.00546875,0.0004534907803070304
5360.653799235779,11350.14,0.004914063,5989.105,0.005384766,0.00048823125466168507
5368.309194432908,11372.57,0.004929688,6066.011,0.005439453,0.0005645528999357732
5759.780083503323,11491.77,0.004855469,5733.39,0.005326172,0.0005379765137090393
4690.049501403827,11207.86,0.004671875,6597.949,0.005123047,0.0018785369144124703
5562.8728688983665,11421.28,0.004988282,5838.496,0.005462891,0.000370607750189573
5310.320401124425,11353.98,0.004914063,6062.166,0.005386719,0.00046535024764703716
5450.03564452933,11368.72,0.004900391,5873.745,0.005400391,0.0005749017348512504
5408.454565654491,11352.06,0.004777344,5951.292,0.005289063,0.0017711828761839974
5643.318288239762,11498.18,0.004917969,5808.374,0.005435547,0.000526015149206805
5305.803485513389,11426.4,0.004857422,6098.697,0.005378907,0.00035749498620120065
4992.921431063497,11275.15,0.004779297,6331.98,0.005300782,0.0005502202261518493
5640.283678280038,11411.02,0.004958984,5703.269,0.005466797,0.0005440054276429835
5511.554516813146,11353.34,0.004826172,5873.104,0.005314454,0.0006397872733797047
5581.490699389807,11436.66,0.004751953,5862.209,0.005251953,0.0016831265016050915
5532.106800855582,11441.79,0.004904297,5910.917,0.005396485,0.0005688479243873975
5435.1894770035005,11377.06,0.004712891,5952.574,0.005183594,0.0019639931540373764
5613.620620664056,11417.43,0.004744141,5816.065,0.005316406,0.0018458374967976405
5686.343459895925,11437.3,0.004962891,5757.744,0.005482422,0.0004874927006523209
5665.7288232577675,11423.2,0.004962891,5773.125,0.005455079,0.0005383627178081098
4932.018041439009,11312.97,0.004873047,6419.141,0.005337891,0.0005024802225743516
5829.584564410854,11487.29,0.004957031,5664.174,0.005435547,0.0005066192524533551
5522.036806556739,11395.64,0.004857422,5837.855,0.005361328,0.0006231214720005216
5666.596385271568,11520.61,0.004947266,5846.828,0.005441406,0.00047044360750357416
5831.008801630547,11478.96,0.004832032,5663.533,0.005326172,0.0006691177740401744
5858.87981016259,11495.62,0.004970703,5657.125,0.005464844,0.0006005010159374271
4679.392010721979,11107.88,0.004888672,6415.295,0.005355469,0.0005805718227516888
5612.416805704587,11489.21,0.00491211,5962.828,0.00540625,0.0005036765684344839
5391.1183733661055,11405.9,0.004931641,6023.072,0.005404297,0.0005338524044964694
5481.490483291872,11342.45,0.00491211,5904.508,0.005404297,0.0005713499743356271
5588.724037538405,11405.25,0.00453711,5811.579,0.005091797,0.001802451994222994
5857.450455903786,11523.18,0.004744141,5654.561,0.005330078,0.0018853983206017352
5689.339392930822,11424.48,0.004962891,5723.136,0.005451172,0.0005979992942781833
5246.345006175554,11364.88,0.004896485,6122.409,0.005392578,0.0005603027675222568
6061.871498556178,11531.51,0.00491211,5481.521,0.005429688,0.0006214144649367169
5605.337009783464,11446.91,0.004732422,5851.955,0.005207031,0.0018790794352615955
5016.557887265191,11286.69,0.004902344,6268.532,0.005416016,0.0004780661320358523
5287.160242008389,11290.54,0.004767579,6049.348,0.005302735,0.0007047689549195377
5889.979566156652,11525.74,0.004900391,5607.776,0.005388672,0.000592009949786579
5680.590272129924,11449.48,0.004929688,5775.048,0.005470703,0.00045305456873997985
5728.007647723055,11405.25,0.004927734,5674.428,0.005435547,0.0005336554050813216
4975.076613815464,11236.06,0.00494336,6192.267,0.005435547,0.000474549440483072
4875.096030343061,11298.87,0.004857422,6443.495,0.005347657,0.0005992256301601776
5556.6894324704635,11380.26,0.004941407,5830.805,0.005466797,0.0005436740061413818
5619.946584900031,11446.91,0.004931641,5833.369,0.005427734,0.0005731046810544191
5371.418772548023,11401.41,0.004957031,6038.453,0.005464844,0.0003994850586037553
6212.345748186009,11614.18,0.004939453,5443.708,0.005457032,0.0004684105203164242
5462.489844194288,11428.33,0.004931641,5939.116,0.005419922,0.0004891269489400594
5504.981148936072,11334.76,0.004867188,5817.987,0.005363281,0.0004315997465429536
5315.606695379272,11392.44,0.004914063,6085.238,0.005382813,0.0004920283276144573
5493.828535601506,11377.06,0.00471875,5864.772,0.005232422,0.0017690318917089512
4960.738421217152,11305.92,0.004810547,6301.218,0.005361328,0.0005299105856350126
5453.336862906485,11427.69,0.004550782,5964.751,0.005087891,0.0017902952633366666
5426.820539332747,11374.49,0.004970703,5943.602,0.005498047,0.0006171637070099642
5518.303912999529,11463.58,0.004685547,5943.602,0.005175781,0.0017677443897430012
5060.984621108572,11329.63,0.00491211,6269.173,0.005390625,0.0004623458835170643
5446.036751827448,11421.92,0.004650391,5961.546,0.005140625,0.0018351503080674414
5899.848328079227,11470.63,0.004712891,5548.173,0.005205079,0.0017521242015510869
5483.677691301308,11426.4,0.004916016,5964.751,0.00540625,0.00056031655982198
5370.856463461068,11406.54,0.004898438,6030.763,0.005404297,0.0004439473429899517
5871.31720302128,11551.38,0.004925781,5638.539,0.005425781,0.0005741017546281873
4780.644824094564,11255.93,0.004865235,6390.942,0.005310547,0.0004651729539266143
5272.235497232763,11366.8,0.004900391,6058.32,0.005421875,0.00042058481632754126
4934.22912742713,11279.64,0.004763672,6346.721,0.005341797,0.0006168545323720122
5287.999305608917,11432.17,0.004900391,6136.509,0.005394531,0.0004969477591994407
5515.126026356556,11432.81,0.004810547,5920.53,0.005328125,0.0006492162863866807
5061.528847522075,11329.63,0.004767579,6265.328,0.00534375,0.0006391941968315336
5292.35321686177,11316.81,0.004785156,6019.867,0.005345704,0.0006145617849743359
5964.6358757016305,11505.88,0.004925781,5578.295,0.005416016,0.0006066000506777604
6124.049809565957,11590.47,0.00497461,5450.758,0.005470703,0.0003572466027593621
5131.622043160709,11391.16,0.004769532,6241.615,0.005304688,0.00069568543939308
5546.464733923633,11380.9,0.004900391,5803.888,0.005373047,0.0005047787911457266
5102.960584895852,11357.19,0.004732422,6233.924,0.005230469,0.0005060641239866228
5817.589036190335,11479.6,0.004796875,5666.738,0.005294922,0.0006991556177455458
5629.546598966714,11396.28,0.004681641,5798.761,0.005160157,0.0017777840149793382
5544.308047304347,11369.37,0.004867188,5810.297,0.005326172,0.0004465857959745755
5446.428116137945,11382.82,0.004945313,5928.22,0.005439453,0.0005783367584160056
4540.719385335131,11014.95,0.004748047,6483.871,0.005244141,0.0006192048395380817
5310.043889279991,11395.0,0.004873047,6075.625,0.005361328,0.00042312680592603035
5884.544371093425,11519.97,0.004832032,5602.649,0.005330078,0.001692829170100748
5667.384125598215,11464.22,0.004945313,5782.739,0.005453125,0.0004639205492466594
6121.784790345377,11584.06,0.004730469,5462.935,0.005283203,0.0017835992536345542
5236.175855217422,11279.64,0.004699219,6042.298,0.005140625,0.0019408645072902394
4926.33111780435,11364.88,0.004929688,6372.356,0.005417969,0.0005818125316840585
5363.904513689476,11380.9,0.004900391,5998.077,0.005388672,0.0004858575967076658
5525.9247038187395,11423.84,0.00491211,5883.358,0.005441406,0.0005265456858065047
5114.010916760443,11353.34,0.00478125,6219.184,0.00538086,0.00045882304681725355
4694.354455932076,11202.73,0.004900391,6503.098,0.005408203,0.0005277988137104933
6109.9753529386635,11564.2,0.004927734,5451.399,0.005441406,0.0005811048175298703
4724.3404158443445,11138.0,0.004765625,6370.433,0.005300782,0.0006735043207956603
5734.850544520399,11461.65,0.004746094,5720.572,0.005328125,0.001843839398406355
5342.933196554562,11411.02,0.00491211,6075.625,0.00540625,0.0005486384419638593
5561.972449534782,11434.1,0.004898438,5875.667,0.005375,0.00045579154808191355
5992.280546219022,11523.82,0.004917969,5559.709,0.005423828,0.0005929754150629504
4862.988486849279,11244.39,0.004753906,6358.257,0.005318359,0.0008791411363359951
5067.298781048726,11360.39,0.004886719,6328.135,0.005359375,0.0005637947944752391
5076.06557305216,11372.57,0.004931641,6330.058,0.005433594,0.0005245941264163525
5261.00478080099,11356.55,0.00471875,6101.26,0.005201172,0.0017441180742770932
5697.328134917647,11496.9,0.004533203,5792.993,0.005087891,0.001823129124476303
5423.628531315688,11436.02,0.004927734,6001.923,0.005416016,0.0006473515503329187
5524.744747468958,11394.36,0.00491211,5889.767,0.005419922,0.0006432246746420851
5641.200792065817,11382.18,0.004746094,5743.003,0.005267578,0.0007694444864739296
5930.048016681473,11498.18,0.004742188,5441.145,0.005222656,0.0018108436346218578
4987.127436669998,11344.37,0.004929688,6344.157,0.005386719,0.0004633963874266115
4998.2694104585735,11308.48,0.004736328,6296.091,0.005208984,0.0007459251986659603
5065.034129149733,11280.28,0.00478125,6240.974,0.005326172,0.000691410135582195
5299.745410425043,11368.08,0.004841797,6073.702,0.005359375,0.00046825688814284584
5846.329126354991,11452.04,0.004914063,5615.467,0.005451172,0.000514004764709483
4857.403238955259,11252.08,0.004869141,6368.511,0.005341797,0.0005203191543657643
4722.499928032759,11140.57,0.004707031,6499.252,0.005222656,0.0005177007163739998
5420.013834284524,11409.1,0.004914063,5983.978,0.005402344,0.000581639850294725
5549.965398282502,11420.0,0.004761719,5867.336,0.005330078,0.001716596424570688
4831.924162291499,11197.61,0.004886719,6380.688,0.005388672,0.0005867453065925207
5231.43115711934,11385.39,0.004900391,6158.94,0.005425781,0.0005751527536641209
5388.094213200001,11327.07,0.004521484,5932.065,0.005105469,0.001807049998996761
6070.631614756552,11316.17,0.004960938,5483.444,0.005482422,0.0005672307443101441
5354.7858106549365,11378.34,0.00488086,6018.585,0.005388672,0.0003250522549236259
5686.114733617829,11464.86,0.004814453,5778.252,0.005361328,0.000676621943402502
5650.370842162027,11455.24,0.004914063,5801.965,0.005421875,0.0005723834187192104
4909.915589492225,11208.5,0.004882812,6353.129,0.005341797,0.0005708940095334407
5334.733293641414,11322.58,0.004884766,5946.806,0.005369141,0.0004984154706417514
5736.888440420024,11479.6,0.004931641,5729.544,0.005398438,0.0005497065084091846
5740.560225975578,11510.36,0.0048125,5763.512,0.005414063,0.0006815710423075061
5641.832155287547,11388.59,0.004767579,5782.098,0.005298828,0.0016638627322289685
5858.082177174214,11450.12,0.004929688,5596.24,0.005453125,0.0005607231321673778
5559.753334218216,11393.08,0.00491211,5818.628,0.005416016,0.0006015566608115759
5799.94205539901,11390.51,0.004958984,5653.92,0.005449219,0.00041907467032513266
5529.522395472719,11366.16,0.004744141,5843.623,0.005236329,0.001622536513344791
5826.095551450136,11475.75,0.004869141,5677.633,0.005361328,0.0005540238039045301
4892.797416887503,11226.45,0.004685547,6252.51,0.00515625,0.0019156238707914003
5439.916744627956,11409.74,0.004914063,5982.055,0.005417969,0.0004649640145920608
5246.931187352122,11355.91,0.004914063,6078.188,0.005382813,0.0006029437586987089
5357.350773943445,11292.46,0.004685547,5951.292,0.005175781,0.0018242535323228183
4632.17075683415,11222.6,0.004703125,6599.231,0.005175781,0.0007404200295285533
4993.573799198102,11345.01,0.004810547,6380.047,0.005373047,0.0006501052820643886
5390.659611699933,11322.58,0.00478125,5974.364,0.005314454,0.0006893675824318242
5615.439097125073,11436.66,0.004900391,5817.347,0.005375,0.0005256112556010507
6174.455711923941,11595.6,0.004728516,5424.482,0.005220703,0.0007595960307486524
5597.226442412798,11464.22,0.004882812,5859.646,0.005417969,0.00040060512297219705
5349.107081646803,11400.13,0.004933594,6065.371,0.005435547,0.0005674731271011141
5819.2700530987595,11498.18,0.004939453,5676.992,0.005460938,0.0005537415691207512
4323.326912478862,10745.78,0.0046875,6690.237,0.00515625,0.0005059792688694018
5373.416338422403,11370.65,0.004792969,5998.077,0.005314454,0.0006331568587706082
5575.878550796192,11445.63,0.004798828,5917.966,0.005298828,0.0006711880448177534
5159.202192105977,11313.61,0.004796875,6167.271,0.005341797,0.0006603320852714774
6093.959525131783,11473.19,0.004933594,5421.918,0.0055,0.0005468316040290658
5358.09036048692,11391.8,0.00491211,6060.884,0.005421875,0.0005474125137462451
5776.015409511892,11441.79,0.004896485,5693.655,0.005373047,0.00028909659620118247
5615.581060113493,11447.55,0.00484375,5830.165,0.005345704,0.0006480856433548751
5132.59352945954,11378.34,0.004732422,6268.532,0.005203125,0.0004878456468600503
5219.579386185528,11316.81,0.00453711,6046.785,0.005125,0.001848956873349541
5325.58006710999,11389.87,0.004857422,6081.393,0.005328125,0.0005646493206043077
5734.19569373662,11466.78,0.004746094,5729.544,0.005240235,0.0018546320185987186
5569.463635531284,11466.14,0.00494336,5874.386,0.005421875,0.0004713769925493801
5256.325097896666,11380.9,0.004914063,6142.918,0.005417969,0.0005676278357556529
5123.560065928035,11295.02,0.004796875,6169.835,0.005269532,0.0006447422606057982
5663.730653807377,11484.72,0.004925781,5815.424,0.00541211,0.00045444292563222766
5241.399145894807,11332.83,0.004900391,6068.575,0.005369141,0.0003537986632398013
5131.968496176811,11295.02,0.004794922,6151.25,0.005359375,0.0006706845538690874
6012.614155048403,11568.68,0.004945313,5554.582,0.005517578,0.0005458243625904017
6410.011824546641,11630.21,0.004990235,5249.52,0.005447266,0.0005042068247255119
5041.847372244086,11361.03,0.004751953,6365.947,0.005330078,0.0006996008793877394
5452.135977285701,11389.87,0.004945313,5950.01,0.005421875,0.00047570021577847963
5230.734078717837,11346.29,0.004822266,6103.824,0.005333985,0.000564337945055931
5650.231016010493,11415.51,0.004783203,5763.512,0.005363281,0.0006989025794558569
5220.236433158277,11323.22,0.004871094,6110.233,0.005357422,0.0005553887669959474
5692.378080447076,11402.69,0.004884766,5720.572,0.005388672,0.0004166238003148494
5534.557520605125,11442.43,0.004900391,5900.021,0.005386719,0.0005301279129438065
5552.861613989114,11403.33,0.004927734,5848.109,0.005429688,0.0005287721127117763
5449.91861258275,11452.04,0.004882812,5998.077,0.005392578,0.0006234707991098674
5583.214038546139,11465.5,0.004916016,5857.723,0.00540625,0.0005731356104073543
5649.298912650222,11482.16,0.004925781,5825.037,0.00540625,0.0005602818480838755
5438.1867872905395,11392.44,0.004728516,5960.906,0.00522461,0.0018443507302472665
5542.275377449292,11414.23,0.004550782,5875.667,0.005138672,0.0017964586965339686
5670.1501670525295,11455.88,0.004824219,5780.816,0.005330078,0.0006542189143198545
5106.470137703251,11359.11,0.004675781,6235.206,0.005177734,0.0018241388268833924
5678.147574054448,11410.38,0.004826172,5699.423,0.005378907,0.0006785628921493959
5446.703160959315,11411.02,0.004810547,6016.022,0.005328125,0.0006699290313649596
5499.658780738203,11358.47,0.00484375,5854.518,0.005361328,0.0006414765484966852
5033.0317081814765,11334.76,0.004896485,6316.599,0.005404297,0.0004646594694454715
4768.186340683904,11255.93,0.004900391,6505.02,0.005376953,0.0005943747751138886
4908.046941372086,11321.3,0.004720703,6396.069,0.005240235,0.0005021478580325675
4847.065567431177,11248.88,0.004701172,6408.246,0.0051875,0.001688296511458345
5175.303633570621,11349.5,0.004689453,6169.835,0.005207031,0.0018541768138792085
5519.211317738723,11466.14,0.004800782,5936.552,0.005326172,0.0007160916318797781
5509.792828226915,11436.66,0.004914063,5910.275,0.005402344,0.0005362867817153107
4913.084380249397,11234.14,0.004779297,6298.013,0.005283203,0.0003999701355865656
5523.929757273038,11404.61,0.004929688,5869.258,0.005416016,0.0005892565000361168
4785.040293996964,11236.06,0.004720703,6420.423,0.005226563,0.0005034556755009846
5737.772810865802,11448.83,0.004898438,5724.417,0.005371094,0.0006353310111993951
6261.861664255361,11596.24,0.004857422,5337.962,0.005361328,0.0006224719833506973
6037.1666218525415,11543.05,0.004732422,5502.67,0.005277344,0.0017438372168656507
4844.232922852593,11274.51,0.004720703,6440.931,0.005238282,0.0005269948034181738
4986.00338875758,11370.01,0.004708984,6371.074,0.005226563,0.0005300098070186586
4853.395813257113,11224.52,0.004722657,6368.511,0.00525,0.0005076253843075091
4846.525817536548,11239.26,0.004900391,6405.042,0.005394531,0.0005085738928164914
5228.860387439188,11355.27,0.004914063,6098.056,0.00540625,0.0006066802724414417
4432.078072589452,10861.14,0.004900391,6624.226,0.005417969,0.0004927926937996936
6003.6551838440355,11528.31,0.004759766,5525.742,0.005271485,0.0007122092041055789
5406.3106467826665,11379.62,0.004884766,5997.437,0.005394531,0.0004610941383181967
5523.187504991033,11382.82,0.004835938,5864.131,0.005365235,0.00040698017319544067
5097.091183240792,11321.3,0.004699219,6199.957,0.005214844,0.0019798990554019207
5513.88643694524,11457.17,0.004771485,5901.303,0.005279297,0.0006831300799386648
5188.7536291516635,11398.85,0.004896485,6268.532,0.005376953,0.00047342635483072133
5336.225371541724,11400.13,0.004535156,6070.498,0.005132813,0.0018750990012443233
5414.094635859124,11375.13,0.004742188,5943.602,0.005316406,0.0016969433582600638
5407.508237823932,11366.8,0.004712891,5948.088,0.005253906,0.0018707298603917722
5632.884662818839,11444.35,0.004726563,5816.706,0.005222656,0.0017273691495289015
4916.908668528394,11255.29,0.004722657,6396.71,0.00525586,0.000508196321170807
5212.324605747133,11350.14,0.004898438,6139.714,0.005390625,0.000495113824998652
4567.960961675147,11013.67,0.004720703,6542.833,0.00521875,0.0005484260110237002
5793.5347036920775,11507.8,0.004882812,5715.445,0.005392578,0.0006049125041515996
5796.305428462157,11473.19,0.004929688,5636.616,0.005447266,0.00047018519302669096
5367.97024750197,11385.39,0.004896485,6017.945,0.005404297,0.0005106112363593932
5962.793096747877,11530.23,0.004927734,5562.914,0.005455079,0.00044964905638894103
5619.452385516834,11533.43,0.004757813,5882.717,0.00525586,0.0007164451045948767
5571.061987867712,11399.49,0.004759766,5851.955,0.005269532,0.0008233116963099368
5203.277556009279,11352.06,0.004917969,6137.15,0.005416016,0.0005272018907795243
5480.474716884862,11350.78,0.004810547,5824.396,0.005326172,0.000641703361990005
5460.799346815211,11366.16,0.004933594,5917.966,0.005421875,0.0005240879875493558
5815.9442831918,11487.93,0.004773438,5681.478,0.00534375,0.0017665297757875308
5522.251236484536,11418.71,0.004916016,5877.59,0.005453125,0.0005051148189589408
5620.533025286308,11479.6,0.004539063,5887.845,0.005203125,0.0020089382877703306
5161.910746089846,11300.15,0.00475,6137.791,0.00534375,0.0006838050572337067
5238.239027185562,11386.67,0.004900391,6146.763,0.005408203,0.00042659622062090805
4872.718087403374,11252.08,0.004699219,6369.151,0.005205079,0.001824529638393732
4827.6082826424845,11164.28,0.004896485,6376.202,0.005472656,0.0004742993089357098
4304.759262065123,10657.34,0.004765625,6601.794,0.005308594,0.0006461876009053916
5677.17983929293,11384.75,0.004916016,5735.954,0.005435547,0.0006160839019681589
4993.878643080493,11277.72,0.004777344,6330.058,0.005341797,0.000474630117518153
5331.137473846441,11434.74,0.004685547,6084.597,0.005210938,0.0017502755301965973
4918.866131522595,11263.62,0.004720703,6280.709,0.005259766,0.001642676349346063
5516.258150721191,11412.95,0.004916016,5862.209,0.005408203,0.0005933898471497443
5631.474087424541,11427.69,0.004958984,5759.025,0.005462891,0.00044574482518444907
5525.111014370558,11459.73,0.004927734,5914.762,0.005431641,0.00041948522284854386
5915.904441404323,11464.22,0.004945313,5550.096,0.005455079,0.0005229688378247405
5082.551427607832,11386.03,0.004714844,6319.163,0.005216797,0.0018480238686481593
5360.76056583149,11380.26,0.004927734,6026.276,0.005445313,0.0006471126765509248
5169.020062033974,11303.99,0.004886719,6107.028,0.005392578,0.0006160799807813852
5611.039146435603,11457.17,0.00494336,5846.828,0.005457032,0.00045328940408964505
5171.511445024484,11297.59,0.004796875,6133.305,0.005355469,0.0006343136575623138
5058.357163174523,11255.29,0.004898438,6181.371,0.005353516,0.0005548286832177076
5608.632635938913,11417.43,0.004925781,5767.357,0.005423828,0.0005968092266348176
4887.452213988951,11269.39,0.004707031,6414.014,0.005234375,0.0006658221702599397
5467.804359260615,11444.99,0.004916016,6025.635,0.005386719,0.0005947120883016933
5724.775813407076,11414.23,0.004914063,5700.705,0.0054375,0.000570613035734095
5331.671570219118,11408.46,0.004826172,6053.193,0.00534375,0.0006302678453833328
5436.360605548448,11427.69,0.004685547,5957.701,0.005238282,0.0018192425221113565
5510.741699030639,11368.08,0.004945313,5869.899,0.005400391,0.0005232177447762443
6183.859410068525,11602.65,0.004945313,5400.769,0.0054375,0.00042857664417590897
5635.262388508675,11434.74,0.004960938,5798.761,0.005453125,0.00045448556546394885
5614.089486082214,11417.43,0.00494336,5796.197,0.005435547,0.0005651554611044833
5106.955365905531,11303.35,0.004902344,6169.835,0.005367188,0.0005489889810839317
5249.31181340765,11355.91,0.004826172,6098.056,0.005378907,0.0006405951023672346
6374.683714626763,11650.72,0.004929688,5221.961,0.00541211,0.0005756434201901561
5205.58288349744,11399.49,0.004761719,6167.913,0.005302735,0.000412217137747909
5574.754787015617,11403.33,0.004742188,5806.451,0.005236329,0.0016060567936711488
5748.361636561253,11489.85,0.004822266,5765.435,0.005328125,0.000675609337550155
5281.8582842217575,11317.45,0.004958984,6037.812,0.005482422,0.0004893469980633778
5274.381997339667,11413.59,0.004783203,6139.714,0.005296875,0.0006312605791026674
5531.684141572884,11464.86,0.004960938,5933.988,0.005460938,0.0004441661393315639
4644.05764357199,11076.48,0.004871094,6475.539,0.005324219,0.0004807525888588253
5320.979390226169,11369.37,0.004925781,6035.249,0.005464844,0.0005706682130959245
5154.9321045180495,11317.45,0.004837891,6173.681,0.005359375,0.0005544336120437001
5240.616664776223,11370.01,0.004839844,6105.746,0.005375,0.000561463468449496
5610.0653199066965,11457.17,0.004869141,5854.518,0.005341797,0.0004304150336546698
4853.243829025435,11289.9,0.004929688,6428.113,0.0054375,0.0004579585839528245
4725.236991395377,11143.77,0.004767579,6468.49,0.005359375,0.0005692935560404817
5237.744253590963,11279.64,0.004900391,6087.161,0.005384766,0.0006051572785435742
4792.989648561963,11259.77,0.004865235,6480.666,0.005345704,0.0004960657139723503
5474.62227978077,11387.95,0.004964844,5903.226,0.005451172,0.0004902051679247328
5798.473356626102,11511.0,0.004957031,5727.622,0.005501953,0.0004361725322075341
5667.45798158981,11420.64,0.004927734,5742.362,0.005433594,0.0004690753808463404
5821.528676868125,11481.52,0.004871094,5684.042,0.005367188,0.0005410304514628369
5488.543588676411,11391.16,0.004929688,5883.358,0.005449219,0.00046277101073697495
5775.951573519932,11453.32,0.004929688,5676.351,0.005433594,0.0005408014920895011
5110.181044087649,11346.29,0.004736328,6251.869,0.005214844,0.000479929519542324
5387.055912931425,11421.28,0.004763672,6038.453,0.005285156,0.000815064160737257
5134.889921547704,11332.19,0.004777344,6183.935,0.005345704,0.00039139283923521985
5125.565344543143,11296.3,0.004869141,6171.117,0.005324219,0.00042957834735204124
5467.060362841067,11353.34,0.004914063,5852.595,0.005421875,0.0005412457308648411
6169.800846671414,11569.32,0.004945313,5417.432,0.005490235,0.0004200475633808283
5985.376458020866,11536.64,0.004927734,5539.842,0.00544336,0.0004203750318745844
5906.716232260989,11511.0,0.004951172,5586.626,0.00546875,0.0005039273124672377
5479.099363883264,11383.46,0.004884766,5905.148,0.005375,0.0006038013804904385
5073.031951280251,11261.7,0.00475,6187.78,0.005283203,0.00045213610118642194
5734.207523099951,11446.27,0.004941407,5729.544,0.005451172,0.0004436919896578602
4770.856103480835,11207.86,0.004886719,6419.782,0.005353516,0.00038784369297832204
5361.3415907111885,11406.54,0.004873047,6059.602,0.005410157,0.0005778687699593613
4910.959509442549,11240.55,0.004705078,6264.046,0.005201172,0.0004913004738034802
5151.473889411111,11358.47,0.004931641,6170.477,0.005402344,0.00047970522741719107
5678.92840260508,11422.56,0.004960938,5766.076,0.005445313,0.0005504269730972252
5700.5438975055295,11465.5,0.004941407,5743.644,0.00544336,0.0004912876299542479
5830.398316479371,11502.67,0.004957031,5683.4,0.005453125,0.000616991348926489
6199.411300203525,11628.93,0.004927734,5370.647,0.005490235,0.00041967138616516694
5430.962226991569,11439.22,0.004855469,5987.823,0.005330078,0.0005702733504064758
5384.498097526221,11390.51,0.004945313,6015.381,0.005455079,0.0004743124503229193
5306.929719504637,11428.97,0.004904297,6089.083,0.005439453,0.0005146694849435627
5723.679694157455,11461.65,0.004945313,5717.368,0.005439453,0.0004784257901281296
5565.02790121447,11421.28,0.004931641,5840.418,0.005419922,0.0005745814813769461
4924.722637172303,11355.27,0.004701172,6374.92,0.005216797,0.0017665056118642134
6159.860401928812,11550.1,0.004931641,5392.437,0.00544336,0.0004795902596389523
5320.404280903121,11388.59,0.004929688,6079.47,0.005400391,0.0004577981034782796
5426.142019086748,11411.66,0.004835938,5996.795,0.00541211,0.00047640733840427886
5643.292263005108,11403.97,0.004988282,5762.871,0.005447266,0.0003954453361728376
5409.241558497332,11391.8,0.004886719,6010.895,0.005376953,0.0005470070631713185
5584.239590775019,11452.04,0.00494336,5858.364,0.005439453,0.00046518141118606355
5399.662055346713,11390.51,0.004916016,5975.005,0.0054375,0.0004948802012260356
5234.251439346616,11330.91,0.004871094,6117.923,0.005341797,0.0006256682488822562
5461.767703758028,11332.83,0.004869141,5883.358,0.005341797,0.00046352156128666477
5953.771326824355,11527.02,0.004898438,5593.036,0.005394531,0.00035919810009872935
5125.892359371017,11361.67,0.004853516,6224.311,0.005359375,0.0004242087309611071
5602.128858793844,11427.69,0.004935547,5812.22,0.005433594,0.0005892750055958985
5642.1123272228615,11403.97,0.004914063,5751.335,0.005417969,0.0004705341044595467
5497.296620996262,11373.85,0.004699219,5873.745,0.005197266,0.0017994796249213795
4854.6242699433315,11239.91,0.004855469,6383.892,0.005337891,0.000488516450480617
4947.524716534877,11323.86,0.004871094,6357.616,0.005345704,0.00047787975279172827
5324.779016847512,11334.12,0.004900391,6036.53,0.005376953,0.0004483586072919633
5576.274033663893,11403.33,0.004824219,5823.755,0.005326172,0.0006139170832810184
5077.447600483671,11271.31,0.004958984,6235.206,0.005433594,0.00043252279921849983
5626.087814258455,11447.55,0.004869141,5821.833,0.005330078,0.0005252497377694227
5413.9393005460815,11431.53,0.004927734,5996.154,0.005419922,0.0004790558136173005
5908.574541736035,11525.1,0.004757813,5622.517,0.005216797,0.001725496695848319
5605.522894820572,11418.71,0.004962891,5831.446,0.005427734,0.0005049952320343398
5610.706539515966,11379.62,0.004810547,5718.65,0.005328125,0.00069674080435553
5670.930935761943,11462.94,0.004867188,5808.374,0.005347657,0.0005575951137808113
5655.963446435691,11418.71,0.004917969,5774.407,0.005390625,0.0005158976712299475
5762.350411614609,11480.24,0.004925781,5706.473,0.005435547,0.0004910619059683154
5145.151090740427,11330.91,0.004748047,6215.338,0.005283203,0.0005052997470189659
5812.817651495416,11497.54,0.004972656,5711.6,0.005472656,0.0004441460856053254
5852.285297618482,11534.07,0.004957031,5680.196,0.005449219,0.000585240818263883
5385.0419662234535,11409.74,0.004695313,5998.077,0.005160157,0.0016218020198026555
5726.98515992353,11405.25,0.004927734,5707.114,0.005431641,0.000544534589381231
5789.215303531747,11493.06,0.004916016,5696.218,0.005423828,0.0005322432040623716
5190.464528971757,11371.93,0.004714844,6189.062,0.00519336,0.001847649736871242
5765.541133083654,11487.29,0.004730469,5741.722,0.005283203,0.0016585753504350553
4962.156160604049,11258.49,0.004853516,6303.781,0.005390625,0.0005722918734820798
5501.070056454785,11359.75,0.004958984,5833.369,0.005533203,0.0005034064343138907
5609.777927188507,11415.51,0.004916016,5807.733,0.005398438,0.0006390902867717094
5500.186893822879,11444.99,0.004810547,5943.602,0.005339844,0.001660955321959914
5645.151267985454,11433.45,0.00491211,5800.684,0.005386719,0.000635626089424708
6158.683561790376,11590.47,0.00494336,5441.145,0.005472656,0.0005930028845880942
4377.293847436278,10978.42,0.00484375,6669.729,0.005359375,0.0005252741199752326
5290.113984717742,11361.03,0.004869141,6069.856,0.005341797,0.00042923780171266263
5413.061460686853,11387.95,0.004898438,5978.209,0.005367188,0.0004649707068889734
6008.687620063131,11544.97,0.004945313,5548.814,0.005482422,0.00044972778670390804
5164.567857689265,11356.55,0.004884766,6206.366,0.005357422,0.0005973104230679165
6197.0228575541205,11569.32,0.004916016,5351.42,0.005421875,0.0005461898233962674
5278.343092142825,11353.34,0.004810547,6053.834,0.005373047,0.0006247178651375652
5657.702086648255,11447.55,0.004929688,5806.451,0.005398438,0.0005712009987941904
5740.506035112828,11485.37,0.00488086,5719.291,0.005441406,0.0005855846473974966
5608.96530190146,11447.55,0.004826172,5830.165,0.005355469,0.0006469583781666217
5084.687231629298,11331.55,0.004945313,6208.93,0.005435547,0.0004982536473833634
5669.919406276182,11461.65,0.004896485,5778.894,0.005390625,0.0005956208880874118
5419.446547431515,11417.43,0.004929688,5935.911,0.005421875,0.0005489251594959187
5214.110282850842,11331.55,0.004898438,6125.614,0.005357422,0.0004905646644565668
5346.968865744827,11384.11,0.004792969,6035.249,0.005361328,0.0006654975359517812
5491.505075574009,11429.61,0.004931641,5917.966,0.005433594,0.00047376724029203756
5756.806462162902,11471.27,0.004939453,5698.141,0.005464844,0.0004905817839081394
5388.206007155532,11426.4,0.004927734,6017.945,0.005400391,0.0006042985158996486
5565.741988916643,11464.86,0.004941407,5903.867,0.005464844,0.000448199337464972
5435.490573037011,11427.69,0.004914063,5996.154,0.00541211,0.0005318477421020788
5833.705415431971,11537.28,0.004947266,5662.251,0.005441406,0.000497844400737313
5411.779462927268,11416.79,0.004685547,6025.635,0.00521875,0.0016824671609992695
4935.677656021921,11255.29,0.00475,6233.284,0.005279297,0.00048050434841305023
5340.4712243798185,11426.4,0.0048125,6065.371,0.005337891,0.0006565047976343324
5250.6368059714105,11355.91,0.004945313,6102.542,0.005445313,0.00045387767448902344
5931.957281511708,11480.88,0.004744141,5547.533,0.005265625,0.0018548044598578996
5588.60918557494,11452.04,0.004916016,5873.104,0.005453125,0.0004925624142946704
4873.426979019417,11257.85,0.004871094,6378.124,0.005341797,0.00045302743589262543
4760.1640028499405,11252.08,0.00475,6521.683,0.005318359,0.0004754384645743333
5020.189711273566,11230.93,0.004871094,6214.057,0.005365235,0.0005737736377291735
5614.752927297952,11432.17,0.004931641,5821.192,0.005429688,0.00047581140221515195
5491.499845345989,11485.37,0.004898438,5982.696,0.00540625,0.0004968900709467941
4639.728119920437,11096.99,0.004683594,6484.512,0.005171875,0.0018808964888582518
4635.945435120856,11196.97,0.004931641,6553.087,0.005408203,0.0005606334168194254
5120.090973458341,11386.67,0.004900391,6155.095,0.005425781,0.0005574843826359555
4945.366062927795,11311.69,0.004716797,6392.224,0.005191407,0.0017315131118258726
5460.2156242187675,11372.57,0.004914063,5892.972,0.005375,0.00048670051019010085
5629.734069282596,11337.96,0.004896485,5786.584,0.005371094,0.0004889115365386024
6021.75613657286,11541.76,0.004744141,5517.411,0.00525586,0.0015667077178435262
5207.789000934717,11384.75,0.004916016,6165.99,0.005400391,0.0005562432067488691
5800.807442357571,11494.34,0.004914063,5715.445,0.005402344,0.0006199758112856917
5599.296552116433,11462.29,0.004810547,5855.8,0.005326172,0.0006182138288588733
5399.3827828573885,11434.1,0.004927734,6024.994,0.005433594,0.000529547308082847
4865.273681531893,11179.66,0.004792969,6323.008,0.005375,0.0005927290206333424
4719.438135367186,11222.6,0.004722657,6537.064,0.005330078,0.0005274201883442997
5695.754637281674,11375.13,0.004759766,5700.705,0.005287109,0.0018605945133832766
4376.966903389089,10841.91,0.004902344,6594.745,0.005369141,0.0004973083747347828
4948.823962316985,11346.29,0.004884766,6413.373,0.005341797,0.0005240466765852614
5037.347850718935,11355.27,0.004734375,6324.29,0.005283203,0.0004999707937405458
5919.562398158724,11525.1,0.004960938,5587.908,0.0055,0.00042922959929068516
5274.914451853731,11369.37,0.004714844,6087.161,0.005244141,0.0017336514770220125
5723.8637268194625,11462.94,0.004931641,5732.108,0.005419922,0.000596865775469555
5998.114742912707,11494.34,0.004962891,5515.488,0.00546875,0.0005143687333771959
5654.642550190894,11447.55,0.004882812,5782.098,0.005376953,0.0002332243305360569
5943.9331490271825,11539.2,0.004929688,5559.709,0.005423828,0.0005410728948048369
5683.91442272098,11475.11,0.004945313,5805.169,0.005453125,0.0005385880013801314
5161.9813179502935,11341.17,0.004947266,6171.117,0.005439453,0.0005427122508104761
5338.152765307663,11270.03,0.004810547,6026.276,0.005337891,0.0006561245883449884
5482.90992695891,11440.5,0.004957031,5936.552,0.005449219,0.00046512425295873244
5789.8045636997695,11368.72,0.004929688,5698.782,0.005414063,0.0005633948561689974
5573.8960837228915,11459.09,0.004730469,5848.109,0.005222656,0.0018292022481765622
5584.75144856514,11434.1,0.00488086,5861.568,0.005376953,0.000528493943117014
4923.578701132307,11250.16,0.00475,6353.77,0.005332031,0.0006958941781821468
5735.501684190603,11505.88,0.004945313,5753.898,0.005453125,0.0004806419630206606
4643.738686499405,11239.26,0.004701172,6527.451,0.005220703,0.0017347195492768423
5847.46587409581,11521.9,0.004810547,5673.788,0.005330078,0.0007194014895544485
5922.113590928124,11530.23,0.004794922,5611.622,0.005367188,0.0006730938090555791
5114.476804797766,11359.11,0.004796875,6208.93,0.005332031,0.0006283682586987632
6089.086289368859,11494.34,0.004767579,5423.2,0.005283203,0.0006994217291579786
5804.598242978574,11501.39,0.004927734,5684.042,0.005423828,0.0005549153159996748
6189.020678062285,11619.31,0.004955078,5441.145,0.005517578,0.000622789459146938
5343.303903645215,11379.62,0.004927734,6024.354,0.005419922,0.0004928327619431731
5573.812978454532,11370.65,0.004902344,5796.197,0.005371094,0.0006038099120144892
5851.471231178682,11527.02,0.004757813,5719.291,0.005279297,0.0008496023700605402
4598.031570643892,11176.46,0.004927734,6540.269,0.005419922,0.0004535235402052373
5874.50932305214,11521.26,0.004947266,5678.915,0.005457032,0.0004688768032959781
5802.348414188248,11435.38,0.004957031,5638.539,0.005408203,0.0004578678650173538
5153.927178500869,11270.03,0.004712891,6116.642,0.005207031,0.0018260561406362975
5060.095470896065,11357.83,0.004896485,6296.091,0.005390625,0.000584365987169996
5214.480189957303,11365.52,0.004902344,6137.15,0.00540625,0.0005420092647359242
4325.139166959834,10870.75,0.004798828,6649.861,0.005296875,0.0006194758481347594
4976.460764557806,11302.07,0.004810547,6330.058,0.005296875,0.000642387550082689
4804.587527726799,11265.54,0.004855469,6515.274,0.005308594,0.00039726783779812306
5510.506726434287,11404.61,0.004941407,5925.016,0.005445313,0.0005474831263838739
5767.265210629421,11486.01,0.00478711,5703.269,0.00534375,0.0007696871100480399
4945.108657792534,11309.12,0.00471875,6323.648,0.005189453,0.00048342016459982897
5263.115527897197,11391.8,0.004666016,6128.818,0.005126954,0.0018505797248484254
5833.973021016438,11489.85,0.00488086,5652.638,0.005441406,0.00052432783942387
4335.520083742709,10946.38,0.00488086,6594.745,0.005355469,0.0004702025081438842
5883.170629221361,11521.9,0.004945313,5680.196,0.005472656,0.0004879066380464971
4923.963738604991,11275.15,0.004839844,6362.102,0.005373047,0.0003235692883907925
5339.00581268621,11400.13,0.004777344,6069.856,0.005326172,0.0007018069394925682
5200.224012036124,11325.79,0.004914063,6128.818,0.005376953,0.0004929799536023946
5302.936009798416,11398.85,0.00491211,6162.145,0.005427734,0.0005297233499713926
5216.703315179299,11320.02,0.004869141,6105.746,0.005339844,0.0005080733199716064
5280.414251280822,11288.61,0.004904297,6012.817,0.005398438,0.0005643306324468922
5663.091184330171,11464.86,0.004986329,5809.656,0.005464844,0.00044810648204496117
5728.77356843151,11405.25,0.004867188,5685.964,0.005400391,0.0005293069041402374
5733.986309469538,11477.03,0.004898438,5736.595,0.00540625,0.0005621524898078929
5635.1439718827105,11440.5,0.004898438,5801.965,0.005404297,0.000532637960470654
4987.185766750402,11200.81,0.004855469,6244.819,0.005369141,0.00035165991416181384
5800.033080988985,11468.7,0.004925781,5672.506,0.005417969,0.0005183734818701191
5903.572263027454,11453.96,0.004960938,5596.881,0.005429688,0.0004937866167068263
6056.789849825832,11526.38,0.004914063,5479.598,0.005423828,0.0005788824970695961
5736.893903699765,11502.67,0.00491211,5764.794,0.005451172,0.0005156645278600021
5651.5581353913585,11514.21,0.004923828,5819.91,0.005427734,0.0005814584356010848
6221.008714755446,11617.39,0.004958984,5323.862,0.005533203,0.0005212397569437338
4856.19555560971,11239.91,0.004658204,6418.5,0.005146485,0.0017699455045921241
5380.629874170946,11462.94,0.004957031,5984.619,0.005419922,0.00046974753258143757
4714.113396775659,11125.19,0.004853516,6385.814,0.005328125,0.00042533740926914697
4795.973092591136,11265.54,0.004720703,6407.605,0.005234375,0.0005284484604929351
5880.291216335437,11501.39,0.004914063,5616.107,0.005435547,0.0006058758595430652
5731.124717074914,11473.83,0.004931641,5741.722,0.005433594,0.0005183849947303671
5370.208632022191,11403.33,0.004900391,6034.608,0.005375,0.0006200031371628756
5035.013574980195,11353.98,0.004869141,6330.058,0.005363281,0.0004426816903177264
5718.687710453618,11453.32,0.004765625,5746.208,0.005300782,0.0007021629678169659
5252.866897854062,11369.37,0.004867188,6113.437,0.005332031,0.0005360866825560866
5502.9916482824965,11398.21,0.004716797,5883.999,0.005201172,0.0017276760821231909
5477.278868387542,11398.21,0.004882812,5942.961,0.005375,0.0003121929637282206
5066.3977990883795,11386.03,0.004519532,6290.963,0.005111328,0.00185802411762526
5001.034208257326,11299.51,0.004796875,6289.682,0.005324219,0.0006150524371290757
5462.00898446257,11363.6,0.004898438,5879.513,0.005371094,0.0005785722326825164
5642.257175709251,11446.91,0.004882812,5826.319,0.005355469,0.0005992487253754167
5076.922027847099,11280.92,0.004882812,6182.012,0.005359375,0.00046746716503228173
4985.589805384273,11335.4,0.004763672,6323.648,0.005302735,0.0006252909503053916
5538.721164846011,11399.49,0.004916016,5865.413,0.005410157,0.0004562910340005652
4927.738279352174,11190.56,0.004900391,6324.93,0.005404297,0.0005157191086992443
5224.241722784662,11326.43,0.004916016,6085.879,0.005435547,0.0005659591683886596
5732.018045968628,11444.35,0.004923828,5701.987,0.005431641,0.000600963325648576
5083.88236540376,11299.51,0.004882812,6182.012,0.005355469,0.0006116789027641
5126.917549271976,11305.92,0.004673828,6197.394,0.005154297,0.0019155036504665648
5509.980111970762,11425.12,0.004931641,5915.402,0.005419922,0.0005495163071481903
5671.7948463545,11389.87,0.004929688,5726.981,0.005439453,0.0006295171951156862
4992.834227843366,11371.93,0.004837891,6336.466,0.005359375,0.00036089126822286873
5862.6115843953285,11481.52,0.004958984,5634.052,0.005439453,0.00042969372458708785
5120.532447534096,11364.24,0.004914063,6285.195,0.005384766,0.0005658359218631601
5367.957596480271,11398.21,0.004929688,5999.359,0.005435547,0.0005779937037658279
4784.5224820183685,11205.94,0.004851563,6421.705,0.005322266,0.000533693732968549
5230.388433689891,11366.16,0.004699219,6228.156,0.005173828,0.0017445172705002105
5380.844728284997,11377.7,0.004925781,5996.154,0.005451172,0.0005332077431598012
5436.353216398324,11350.14,0.004925781,5923.734,0.005416016,0.0004334999643606486
4814.410535333437,11292.46,0.004890625,6515.274,0.005359375,0.0005849688151642042
5247.106816879947,11294.38,0.004931641,6062.807,0.005404297,0.0005329258985687568
5604.705241895485,11400.77,0.004927734,5789.147,0.005386719,0.0005345382902079334
5785.936228856223,11467.42,0.004900391,5677.633,0.005386719,0.0005355918820415462
4878.930274596012,11171.33,0.004916016,6376.202,0.00540625,0.0005342812177128485
5406.474855714145,11368.08,0.004882812,5964.751,0.005390625,0.00048174766063765865
5018.312740080783,11284.77,0.004722657,6289.682,0.00522461,0.0004941290802961756
6350.90494188329,11691.73,0.004927734,5298.868,0.005457032,0.00044947161492429557
5471.5859685981495,11391.16,0.004931641,5937.193,0.005427734,0.0004998552128162667
5970.820438103331,11515.49,0.004814453,5489.853,0.005347657,0.0006734409020621289
5408.0704006699625,11463.58,0.004810547,5980.773,0.005330078,0.0006982416769398936
6205.280028675548,11648.79,0.00491211,5339.884,0.005458985,0.0006292332706391092
4954.6123213739975,11279.64,0.004886719,6401.837,0.005429688,0.0005883346021766235
5896.669494643639,11495.62,0.004960938,5572.527,0.005464844,0.0004834758596748637
5578.382460381529,11390.51,0.004744141,5796.838,0.005222656,0.000747602642155261
5301.961690069683,11334.12,0.004744141,6022.431,0.005240235,0.0018172840218026425
5013.157638719171,11314.25,0.004826172,6326.212,0.005345704,0.0006356869704125791
5605.873308743816,11439.22,0.004931641,5803.888,0.005402344,0.0004130274464409017
5440.17107983786,11354.63,0.004886719,5905.148,0.005353516,0.0003375638397294091
5008.152816208881,11303.35,0.004810547,6241.615,0.005363281,0.0006218884930228473
5313.255050604399,11380.9,0.004902344,6044.221,0.005373047,0.0005911473762648107
5685.811645936027,11431.53,0.004929688,5746.208,0.005402344,0.0005063642261549291
5153.293389046017,11327.71,0.004910157,6190.985,0.005421875,0.0005225954602219953
5856.05509149634,11465.5,0.004916016,5575.091,0.005390625,0.0006014087470105362
5248.239108893456,11355.91,0.004884766,6068.575,0.005386719,0.0005319472927899004
5158.966835334573,11316.17,0.004751953,6132.664,0.005330078,0.0007621402549693715
5652.252645677753,11456.53,0.00491211,5825.678,0.005416016,0.000541300329385623
5512.117615559636,11435.38,0.004914063,5915.402,0.005404297,0.0004761304911835547
5636.200028532447,11427.69,0.004941407,5798.761,0.005421875,0.000515777088956895
5652.696521306132,11416.79,0.004916016,5765.435,0.005408203,0.0006289270892747892
6030.649848340549,11543.05,0.004796875,5472.548,0.005414063,0.000703164113057095
5741.1365649919735,11399.49,0.004853516,5610.98,0.005332031,0.0006166024767676071
5558.338812161202,11425.76,0.004904297,5875.027,0.005373047,0.0005340865644017734
5206.011790400166,11353.34,0.004835938,6145.481,0.0053125,0.0005810461890658646
5372.132502807946,11341.17,0.004916016,5953.215,0.005433594,0.00047133654017558497
4830.370121573024,11325.79,0.004734375,6515.274,0.005273438,0.0017078397509695347
5623.538933915887,11443.07,0.004927734,5828.242,0.005421875,0.0005040955232597288
5425.737672734299,11428.97,0.004699219,5958.342,0.005185547,0.0018179455235350205
4664.739561801572,11149.54,0.004777344,6518.479,0.005302735,0.000603991480562489
5478.478663699289,11396.28,0.004945313,5919.248,0.005484375,0.0006378413417125686
5694.541017163467,11412.95,0.004896485,5724.417,0.005375,0.0005490473811832814
5325.204689954237,11357.19,0.004914063,6037.812,0.005386719,0.0005586057663110613
5465.565079986381,11387.31,0.004900391,5918.607,0.005421875,0.0005484829309888172
5477.072869650949,11402.05,0.004523438,5926.938,0.005091797,0.0018429351086889452
5174.063264534665,11362.96,0.00491211,6185.217,0.005375,0.0005257494688155339
5496.539280449432,11421.92,0.004712891,5939.116,0.005251953,0.0017620579948854753
5377.818382713251,11377.7,0.004841797,5980.132,0.005328125,0.0006180568780147326
5047.8171436346,11353.34,0.004916016,6279.428,0.005402344,0.0005313793587071576
5868.082922262769,11509.72,0.004564453,5626.362,0.005097657,0.00182288489134556
5638.785286122843,11425.12,0.004945313,5760.307,0.005402344,0.0004263293718329228
5013.287035203413,11312.33,0.004853516,6283.914,0.005386719,0.00031163615766466253
5479.0866231219015,11350.78,0.004902344,5885.281,0.005353516,0.000576400523380151
5727.943965254859,11461.65,0.00491211,5758.385,0.005410157,0.0005808934554965127
5090.297344614918,11369.37,0.004898438,6317.881,0.005388672,0.000564653216305617
4239.994497620389,10942.53,0.004900391,6732.536,0.005388672,0.0005597941550963201
4830.891874597708,11185.43,0.004671875,6353.77,0.005123047,0.0017780411971434443
6098.622496353888,11552.66,0.004925781,5422.559,0.005439453,0.0006091176047063888
4759.398082538046,11216.83,0.004902344,6453.749,0.005402344,0.0003918887108447088
5528.426119222645,11437.94,0.004945313,5906.43,0.005431641,0.0004618813203099961
5314.3938747521825,11343.09,0.004904297,6025.635,0.005376953,0.0005432988911301008
5238.619132353984,11312.33,0.004705078,6084.597,0.005160157,0.0005267041480568383
5784.566706352668,11384.11,0.004898438,5627.003,0.005421875,0.0005536025838417156
5703.662823006114,11433.45,0.004882812,5670.583,0.005388672,0.000558221113727835
5192.423894583047,11383.46,0.004916016,6203.162,0.00541211,0.0004685871762926092
5416.3243670685,11442.43,0.004929688,6024.994,0.005470703,0.0005119273144069574
5254.9208029841575,11374.49,0.004900391,6053.834,0.005386719,0.0005441158253983179
5727.096351895837,11414.87,0.004757813,5657.125,0.005251953,0.0016948606670275299
5846.559781089755,11482.16,0.00491211,5619.953,0.005425781,0.0005702401267668606
5150.487208110951,11400.13,0.004685547,6233.284,0.005177734,0.0018359130982044066
6004.776654429324,11549.46,0.004882812,5541.124,0.005373047,0.0006237514663788968
5697.993562308623,11478.96,0.004882812,5775.688,0.005376953,0.0003881496567273601
5669.048732366042,11483.44,0.004927734,5860.927,0.00540625,0.00037714885445458044
5237.037752929137,11290.54,0.004867188,6097.415,0.005345704,0.0005958036856344659
5402.124268710198,11384.11,0.004898438,5983.978,0.005394531,0.00045814700233966704
5316.55800187735,11323.86,0.004716797,6064.089,0.005199219,0.0018084275416306833
5848.963533651268,11469.34,0.004828125,5641.103,0.00540625,0.0006309129588476886
5128.517653854133,11317.45,0.004929688,6183.294,0.005431641,0.0004912715517328548
5724.321052467225,11430.25,0.004941407,5667.378,0.005447266,0.00042798387657791686
4876.554842398465,11210.42,0.004736328,6339.671,0.005269532,0.0005179495287033018
5460.988069476424,11383.46,0.004927734,5901.944,0.005414063,0.0005296744043890254
5009.955140235909,11298.23,0.004796875,6298.654,0.005298828,0.0006594060520882573
5546.517549803901,11451.4,0.004917969,5887.845,0.00540625,0.0004620760609370932
5933.616117639712,11489.21,0.004761719,5555.864,0.005269532,0.0018095462081211698
5494.142140521431,11431.53,0.004955078,5972.442,0.005470703,0.0005656115452222139
5115.94149435167,11355.27,0.00471875,6254.433,0.005205079,0.0005375913498212276
4752.0174429883355,11212.35,0.004884766,6467.849,0.005388672,0.0005378906290117745
4695.024974959055,11171.33,0.004720703,6462.081,0.005273438,0.0005082940157193187
4809.409826406417,11267.46,0.004728516,6456.313,0.00525586,0.0017916990065928156
5568.7827944975925,11444.99,0.004941407,5880.154,0.005464844,0.00048213608603299874
4710.880964034979,11222.6,0.004707031,6571.672,0.005216797,0.0004856785806703333
5040.008816024631,11277.72,0.004960938,6274.941,0.005435547,0.00045183058008928093
5232.4614565452075,11360.39,0.004957031,6119.205,0.005462891,0.00037815957384937756
5446.62092213719,11425.76,0.004941407,5950.652,0.0054375,0.0004918981437169508
4945.600025534597,11322.58,0.004869141,6362.102,0.005357422,0.0004360411059613774
6310.789466442922,11627.0,0.004960938,5287.973,0.005488282,0.0005209584807698202
5659.212096666086,11375.77,0.004679688,5711.6,0.00521875,0.0018953289314860104
5181.943154822276,11447.55,0.004753906,6214.697,0.0053125,0.000483718765330472
5326.169048185727,11350.14,0.004900391,6024.994,0.005378907,0.0006050183852526192
5209.179745789104,11335.4,0.00494336,6119.205,0.005421875,0.00047959958667680136
5587.806861765393,11399.49,0.004882812,5834.01,0.005353516,0.0005546022850692073
5789.068000841777,11455.24,0.004685547,5680.837,0.005207031,0.0017606189529920597
5435.143054572246,11389.23,0.004539063,5908.994,0.005146485,0.0018816757074092453
5661.55305555984,11467.42,0.004869141,5782.739,0.00538086,0.0004732934786887507
5406.22055927865,11356.55,0.004798828,5925.016,0.005347657,0.0006799775379930764
5723.35157385526,11444.99,0.0048125,5719.932,0.005357422,0.0006722538129900658
5574.842083332172,11363.6,0.004929688,5826.319,0.00540625,0.0005918292893099109
5672.202718839442,11441.14,0.004683594,5778.894,0.005195313,0.0017162103559590866
5649.606591430903,11418.71,0.004929688,5759.025,0.005431641,0.0006099189264512735
5554.32073622931,11403.33,0.004960938,5820.551,0.005445313,0.0005240078981559243
4665.925697464075,11210.42,0.004671875,6504.379,0.005136719,0.0017842348802934508
5447.186834644421,11434.74,0.004933594,5989.746,0.005431641,0.0005914946747734605
5980.710008488711,11521.26,0.00494336,5542.405,0.005455079,0.0005135903433246289
5543.0712215212225,11403.97,0.004726563,5845.546,0.005216797,0.0016958974856655371
5455.570478434737,11377.06,0.004947266,5917.325,0.005421875,0.0005566742925703198
5529.521244366048,11428.97,0.004958984,5910.917,0.005451172,0.0005409400239678204
5269.207038215976,11380.26,0.004839844,6121.127,0.005392578,0.0007168809671023636
5570.3881773574885,11441.14,0.004697266,5859.646,0.00522461,0.0007602399527463964
4504.131683113202,11036.1,0.004873047,6635.761,0.005388672,0.0005818318206612374
5107.871082353807,11260.41,0.004900391,6137.791,0.005373047,0.0005203102631767668
5193.040711762972,11377.06,0.004898438,6203.803,0.005400391,0.0004693295639209353
5747.255303765903,11449.48,0.004898438,5712.241,0.005392578,0.0005438699518008647
6038.376117407654,11543.69,0.004914063,5541.764,0.005408203,0.0005692168394844296
5609.174549290443,11480.24,0.004941407,5867.336,0.0055,0.0006073264369527648
5098.579378644357,11292.46,0.004779297,6174.322,0.005298828,0.0006897522096844918
5824.408367850998,11437.3,0.004728516,5628.925,0.005269532,0.0017482826821399098
5406.957722251353,11396.92,0.004824219,6023.072,0.005373047,0.000647796917812536
5696.428354839425,11399.49,0.004916016,5693.655,0.005367188,0.0005209368654065804
4854.508615806317,11284.13,0.004900391,6405.042,0.005419922,0.00047656268524445345
5251.05867727587,11350.14,0.004884766,6102.542,0.005339844,0.0006014853968105112
5193.134766600301,11352.7,0.004851563,6126.255,0.005326172,0.0005660600372912423
4988.682276372242,11236.7,0.004900391,6321.085,0.005367188,0.0005901289742081025
5570.212075701197,11453.32,0.004945313,5880.154,0.005464844,0.0004844958033756821
4970.995548700152,11339.88,0.00475,6413.373,0.005283203,0.00047667538065943125
5868.126987601655,11529.59,0.004900391,5669.301,0.00540625,0.0005633938162822676
5221.5207788176795,11407.82,0.004669922,6145.481,0.005125,0.0018098404182375278
6512.621271731231,11790.43,0.004916016,5224.524,0.005476563,0.0006093212436413962
5742.142900968197,11496.26,0.004882812,5749.413,0.005373047,0.0004591556493354009
5676.980604448928,11469.99,0.004945313,5793.633,0.005457032,0.0004470103594525977
4935.5552750296165,11268.1,0.004767579,6333.903,0.005261719,0.0006684957552993706
5210.009294735797,11396.92,0.004931641,6172.399,0.005417969,0.0004548350159332326
4930.670006125788,11306.56,0.004705078,6324.93,0.005191407,0.0005669264482927066
5484.885984621223,11349.5,0.004683594,5846.187,0.005173828,0.0017796335562098998
6281.896401741915,11655.84,0.004960938,5321.939,0.005533203,0.0005886839892633307
5438.282138831606,11399.49,0.004824219,5952.574,0.00538086,0.0005450252739681259
5461.118131536572,11368.08,0.004898438,5925.016,0.005390625,0.00036908483194751835
5280.6688423700925,11336.04,0.004810547,6048.066,0.00534375,0.0006079678205211332
5835.785392739543,11423.84,0.004726563,5605.853,0.005271485,0.0007536295204290704
5820.314597602418,11496.9,0.004757813,5657.125,0.00525586,0.001880496880497608
5517.663454499724,11420.64,0.004964844,5918.607,0.005449219,0.00045440682047655874
5982.23678746221,11543.69,0.004927734,5561.632,0.005408203,0.0004340198458984047
5537.402224910865,11404.61,0.004929688,5866.695,0.005417969,0.0005840640088991263
5753.780508330708,11457.17,0.004857422,5715.445,0.005363281,0.0006132827956302549
5241.622339920686,11406.54,0.004873047,6175.604,0.005345704,0.0006225808386878465
5697.646040955525,11465.5,0.004683594,5788.506,0.005214844,0.0017720407648437026
5922.923350090232,11530.23,0.004744141,5576.373,0.005257813,0.0019309103166298958
4468.965535760785,11080.96,0.004707031,6538.987,0.005285156,0.0004884375224528904
5009.74007876901,11393.72,0.004736328,6327.494,0.005226563,0.0004254989559854409
5281.119599058119,11401.41,0.004714844,6108.31,0.005207031,0.0018646815322853818
5283.66524409284,11411.66,0.004904297,6099.979,0.005376953,0.0005473769982483885
5740.1613335803,11495.62,0.004888672,5741.081,0.005398438,0.0005652027981017056
5357.843627611738,11341.81,0.004697266,5960.906,0.005169922,0.0007591727131661544
5244.754207818831,11348.22,0.004810547,6089.083,0.005296875,0.000642854690948073
5788.289567598018,11435.38,0.00491211,5653.92,0.005414063,0.0005174697286560421
5195.724547399231,11353.34,0.004683594,6163.426,0.005158203,0.0017862973182266881
5760.027936075225,11439.86,0.00497461,5678.273,0.005462891,0.00048692018556615804
4836.456461414768,11156.59,0.004900391,6352.488,0.005419922,0.0004995399255348663
5750.05396639014,11477.68,0.00491211,5725.059,0.005410157,0.00037335023213131774
5597.144399332576,11443.71,0.004941407,5833.369,0.005447266,0.0005978817798011535
5223.433472625822,11317.45,0.004736328,6128.818,0.005236329,0.000507837229469445
5300.844442659624,11322.58,0.004753906,6016.663,0.005271485,0.0007232852313826016
5662.065947528036,11474.47,0.004970703,5806.451,0.005451172,0.0005080802109108158
4609.7268266051415,11076.48,0.00478125,6440.291,0.005345704,0.0006357051414934853
4964.496836258892,11383.46,0.004779297,6428.754,0.005345704,0.000680163294370547
5378.285668175075,11412.3,0.004882812,6044.221,0.005386719,0.0004200987356407262
5898.602031113595,11527.02,0.00494336,5650.075,0.005425781,0.0006037708815906771
5460.251657979199,11432.17,0.004796875,5973.724,0.00534961,0.0004489420617585855
5746.430635107369,11461.65,0.004826172,5738.517,0.005347657,0.00067647570614966
5838.156787275341,11434.74,0.004941407,5615.467,0.005460938,0.0005384925151998591
5454.530514839769,11357.83,0.004794922,5907.071,0.005363281,0.0006449064298876127
5667.294995227714,11479.6,0.004916016,5789.147,0.005445313,0.000611451139632185
5336.782523237929,11361.67,0.004871094,5993.591,0.00541211,0.0006232066854131054
5226.098786200707,11291.18,0.004929688,6085.879,0.005408203,0.0004613345435748238
5534.420614690587,11448.83,0.004992188,5935.271,0.005470703,0.00023259760041869306
5514.763434135599,11439.86,0.004898438,5908.994,0.005390625,0.0005476817606745511
5865.595438535177,11498.18,0.004742188,5621.234,0.005234375,0.0017383018517026577
5352.8706562420375,11399.49,0.00494336,6054.475,0.005445313,0.0005895386311334496
5866.799577919037,11526.38,0.00478125,5606.495,0.005355469,0.0006457127211450946
5307.170412546374,11426.4,0.004712891,6150.608,0.005208984,0.0018603572409654483
5012.706679240495,11302.07,0.004898438,6268.532,0.005408203,0.0005279892643526034
5242.121141210462,11295.02,0.004890625,6059.602,0.005402344,0.0005621182044781864
5629.107799324297,11452.04,0.004945313,5814.783,0.005464844,0.0004677651623562438
5706.60850424872,11464.86,0.004810547,5744.926,0.005263672,0.0006647059705561668
5246.272454980092,11337.96,0.004744141,6091.006,0.005269532,0.0016574191389988398
4992.488566315367,11331.55,0.004798828,6358.257,0.005351563,0.0006123873451438287
5240.213336519222,11373.21,0.004941407,6127.537,0.005433594,0.0006175239055314151
5478.07309344072,11375.77,0.004958984,5859.646,0.005462891,0.00045103184738449445
5550.841764163815,11387.95,0.004941407,5853.236,0.005435547,0.0005620654053099426
5599.251475172873,11379.62,0.004794922,5710.318,0.00534375,0.0006760293281229009
5160.216803512919,11312.97,0.004900391,6167.271,0.005375,0.0005727173146321625
5749.23556245004,11430.25,0.004929688,5691.732,0.005421875,0.0005222989693072596
5321.632844007026,11370.65,0.004824219,6041.657,0.0053125,0.0006569107049317956
4997.72161931396,11250.16,0.00478125,6264.687,0.00534375,0.0004166030505825169
5249.03723260778,11281.56,0.004685547,5969.237,0.005173828,0.001818372053392659
5489.894981266542,11391.16,0.004763672,5927.58,0.005328125,0.0006828655670171967
5148.736323103924,11391.16,0.004902344,6237.129,0.005386719,0.0005776342389494855
5900.725810638236,11528.31,0.004878907,5602.649,0.005457032,0.000525988956299424
4481.854894725933,10994.45,0.004917969,6592.822,0.005417969,0.000558277037249447
5881.728468370102,11508.44,0.004929688,5648.793,0.005449219,0.00046872515944809543
5609.803326768987,11370.01,0.004857422,5804.529,0.005375,0.0006222865867064363
5534.426098689132,11387.31,0.004734375,5864.131,0.005232422,0.0007446116261268441
4776.231116102426,11163.0,0.004783203,6397.351,0.005369141,0.0005537332012702468
5967.17605979617,11502.67,0.00491211,5505.875,0.005451172,0.0005686578550845643
5328.285477615682,11378.34,0.004841797,6041.657,0.005357422,0.0004376420985350837
4994.163966479634,11345.01,0.004900391,6337.107,0.005419922,0.000575306556082393
5485.701161851051,11424.48,0.004703125,5916.684,0.005207031,0.0017749490567802657
5424.144866423714,11389.23,0.004824219,5969.878,0.005361328,0.0006017573286744918
5339.861489582921,11405.25,0.004800782,5997.437,0.005359375,0.0007567775535019557
5665.463411776579,11451.4,0.004914063,5801.965,0.005402344,0.0006097396818366366
5662.319312750925,11439.86,0.004929688,5797.479,0.005404297,0.0005987000000645277
5780.261581642385,11463.58,0.004914063,5677.633,0.005457032,0.0005075304292735191
4929.874700322254,11190.56,0.004714844,6376.202,0.005203125,0.0018174915068950293
5321.692642539602,11375.77,0.004884766,6057.039,0.005404297,0.0004118353313816157
5575.122776295603,11447.55,0.004945313,5889.126,0.005417969,0.0005927666787749149
5789.776255819664,11377.06,0.004916016,5609.699,0.005402344,0.0005913099589485567
5795.680909386478,11438.58,0.004839844,5672.506,0.005355469,0.0006255046256657481
5152.7082783578535,11377.7,0.004931641,6231.36,0.005419922,0.000587891499764088
5487.733099629697,11399.49,0.004900391,5903.226,0.005376953,0.0005209015166420506
5345.087613884852,11346.93,0.00478125,5945.524,0.00534375,0.0006878179146602245
5040.538774770662,11387.31,0.004898438,6362.743,0.005396485,0.0006041420654998143
5102.312067695442,11269.39,0.0049375,6154.454,0.005417969,0.000566112659418326
5569.995057776096,11419.35,0.004728516,5870.54,0.005220703,0.0017555642496857122
5114.0336655139245,11309.76,0.004931641,6189.703,0.005449219,0.0005874257763077384
5158.695613295113,11382.82,0.004867188,6197.394,0.005326172,0.00033583046584392156
6152.580446830028,11584.06,0.00494336,5407.178,0.005455079,0.000592494976062651
5751.774612005421,11505.23,0.004832032,5772.484,0.005414063,0.0006623829287322033
6176.715403687812,11627.64,0.004957031,5442.427,0.005533203,0.00046357756324426184
5554.432370854462,11439.22,0.004958984,5898.099,0.005476563,0.0004316548711428146
5602.960293676472,11490.49,0.004947266,5894.894,0.005472656,0.00040956764223558525
5138.920542990161,11299.51,0.004902344,6178.167,0.005404297,0.0005481200819603101
5487.809653239393,11436.66,0.004927734,5946.165,0.005417969,0.0004997298089086757
4988.055900821458,11364.88,0.00478125,6400.555,0.005328125,0.0005377919521151458
4717.093954058381,11238.62,0.004767579,6478.103,0.005359375,0.000626832978538572
5657.152879240592,11436.66,0.004742188,5786.584,0.005302735,0.0018411994527391166
5796.460267336382,11461.01,0.004896485,5644.948,0.005359375,0.0005879836129842953
5494.177053635315,11412.3,0.004914063,5903.226,0.005388672,0.0005761290726065937
5179.289731629202,11328.35,0.004931641,6176.244,0.005402344,0.0004919133595827896
5365.068571183897,11424.48,0.004898438,6055.757,0.005386719,0.0005774805824543323
5415.9574658036945,11397.56,0.004742188,5976.287,0.005216797,0.0017381451307922043
5083.299179850867,11337.32,0.004900391,6249.306,0.005369141,0.000644520641449184
5001.585713620299,11328.99,0.004701172,6387.737,0.005208984,0.0018420242811839813
5511.657873086323,11382.18,0.004955078,5810.297,0.005470703,0.0005593234814386845
5309.556267781322,11423.84,0.004900391,6150.608,0.005421875,0.0005209875500369253
5735.742284064602,11473.19,0.004685547,5717.368,0.00521875,0.001823519938093238
5634.284082289537,11357.83,0.004898438,5810.938,0.005388672,0.0005568309172486346
5269.65540515258,11371.29,0.004947266,6116.642,0.005451172,0.0005108430467692231
5049.829777380211,11316.81,0.004919922,6263.405,0.005371094,0.0005749006149419165
5758.444620248548,11505.23,0.004824219,5743.003,0.005359375,0.0006471282328687466
5565.932595311278,11425.12,0.004929688,5872.463,0.005392578,0.000452922771808089
5236.985548802494,11412.95,0.004769532,6189.062,0.005302735,0.0006974595606724733
5991.823211895856,11511.64,0.004976563,5529.588,0.005480469,0.0004890501403435009
5002.529651057089,11261.05,0.004683594,6296.091,0.005185547,0.0017257033303897731
4967.750550649082,11239.91,0.004871094,6202.521,0.005328125,0.0005730872509024091
5738.233620525463,11442.43,0.004962891,5698.782,0.005453125,0.000491092404601
4977.705357453732,11236.06,0.004736328,6276.864,0.005238282,0.0004396345378233123
4886.842790388495,11237.98,0.004794922,6371.074,0.005351563,0.0006303230399005939
5849.037814156578,11496.26,0.004990235,5649.434,0.005445313,0.00041294274425268874
5691.608913660488,11445.63,0.004941407,5776.97,0.005433594,0.0005052244720717816
5374.204626620317,11436.66,0.004871094,6085.238,0.005357422,0.00041231163315273386
5497.0962083655395,11378.34,0.004927734,5874.386,0.005402344,0.0005470515018905065
5177.7932806750705,11390.51,0.004898438,6192.267,0.005373047,0.0005506088671128785
4625.177862181583,11194.4,0.004867188,6562.7,0.005324219,0.00045638164834037125
5633.283364263954,11452.04,0.004822266,5807.733,0.005359375,0.0006725015950704996
5754.905380000717,11441.79,0.004960938,5689.169,0.005435547,0.0005057473069862341
5594.191933245241,11448.83,0.004896485,5837.855,0.005390625,0.0006190528319822679
5687.227810634698,11461.65,0.004767579,5765.435,0.0053125,0.0007197681796329772
5536.7868102486555,11421.92,0.004810547,5886.563,0.005359375,0.0006495611369699778
5258.3099630845,11270.03,0.004900391,6007.69,0.005361328,0.000613574229520356
5351.153345535809,11376.42,0.00475,6028.199,0.005347657,0.0006676052272225449
5359.449583064229,11383.46,0.004927734,6004.486,0.005408203,0.0004693216934421557
5568.549324284723,11346.93,0.00497461,5785.943,0.005466797,0.000387146605170313
5491.973337200888,11393.72,0.004927734,5919.248,0.005460938,0.000600712622813052
5385.443090863322,11390.51,0.004900391,5992.95,0.00538086,0.0005618813691050517
5435.091060483182,11396.28,0.004929688,5970.519,0.005466797,0.0004680904274077673
5853.133809116711,11452.68,0.004917969,5589.19,0.005433594,0.0004415000755957478
5557.0644137689915,11436.66,0.004927734,5872.463,0.005433594,0.00041771235266002996
4858.501030722952,11284.77,0.004896485,6422.986,0.005402344,0.0005058973236675455
5217.079318185869,11316.17,0.004791016,6094.21,0.005332031,0.00046232199302942813
5484.327652405511,11371.93,0.004923828,5881.436,0.005419922,0.0005019238826146044
4831.952354009286,11300.15,0.004783203,6446.058,0.005298828,0.000662949295196976
4999.13920309414,11353.34,0.004740234,6389.66,0.0053125,0.0006931452979566766
4732.172098187146,11188.63,0.004865235,6496.047,0.005373047,0.0003713807679124162
5746.607752580443,11461.65,0.004927734,5682.119,0.005402344,0.0005849865285829444
5346.608635832973,11375.77,0.004869141,6000.0,0.005359375,0.0005171556602780983
5109.881841863025,11359.11,0.004851563,6269.814,0.005332031,0.0004565081347681836
5524.0865441328315,11394.36,0.004914063,5864.131,0.005400391,0.0005248202801112657
5218.732859928178,11320.02,0.004884766,6099.979,0.005341797,0.00045051121988611573
4826.02724401869,11193.76,0.004853516,6355.052,0.005357422,0.000559736905329391
5292.147938468643,11313.61,0.004923828,6024.354,0.005419922,0.000610113398432348
5368.288617721243,11362.96,0.004882812,5996.795,0.005355469,0.0006140975155548147
5554.891388013953,11396.28,0.004824219,5853.236,0.005378907,0.0006439588467143394
5552.911331113722,11455.88,0.004925781,5981.414,0.00546875,0.00041030385061412855
4784.927444054817,11213.63,0.00465625,6483.23,0.005123047,0.0018345890766084422
5044.828809578671,11343.73,0.004798828,6296.091,0.005361328,0.0006406826399332964
5451.410512321024,11411.66,0.004886719,5942.961,0.00540625,0.0005491939322367185
4822.62426841601,11274.51,0.004810547,6440.931,0.005347657,0.0005981843038722601
5424.014845895979,11395.0,0.004929688,5968.597,0.005402344,0.0005808332976187772
5226.979375653534,11321.3,0.004882812,6109.592,0.005353516,0.0004888124564022599
5122.565247604392,11307.84,0.004916016,6157.018,0.005367188,0.0005844636607149335
5232.735353680764,11405.9,0.004759766,6155.736,0.005302735,0.0018449879961304372
5180.985905827043,11367.44,0.004851563,6192.907,0.005363281,0.0004367550523135251
5997.266389301136,11494.34,0.00491211,5521.256,0.005408203,0.000567266227563796
5615.349135880063,11453.96,0.004871094,5825.678,0.005347657,0.0005571687598069276
5434.557357578561,11350.14,0.004898438,5926.938,0.005371094,0.0004049592303227985
5555.002314165938,11436.66,0.004929688,5843.623,0.005458985,0.0005539069303087751
6016.36398397799,11522.54,0.004742188,5510.361,0.005232422,0.00064345366551923
5853.037911316041,11534.07,0.004931641,5634.052,0.005457032,0.0004810312835213869
5193.527065365475,11291.18,0.004929688,6116.0,0.005429688,0.000578849571577287
6023.948410740844,11490.49,0.00491211,5528.947,0.00540625,0.000623391478929477
4536.021429445574,11066.22,0.004753906,6476.18,0.005285156,0.0006619683888718676
5751.091967586506,11486.01,0.004970703,5752.617,0.005462891,0.0005379135107195207
5176.443379788336,11414.23,0.004730469,6271.737,0.005228516,0.0005187135196489841
5564.6075532673,11388.59,0.004941407,5787.225,0.005421875,0.0005383362319637271
4592.73585142639,10970.09,0.004794922,6461.439,0.005306641,0.0006239626939221253
5616.511848291806,11426.4,0.004722657,5828.242,0.005234375,0.0006837675511426152
5368.619841465996,11432.17,0.004824219,6034.608,0.005339844,0.0007034604031942423
5407.891549806061,11361.03,0.004941407,5960.906,0.005447266,0.0006244061968958585
5441.54923879697,11421.28,0.004699219,5996.795,0.005208984,0.0007358187118470297
5851.359363287007,11494.98,0.004796875,5648.152,0.005300782,0.0006307745875779498
5921.335715942251,11461.01,0.004900391,5575.732,0.005394531,0.0005525584801009526
5162.314347321362,11349.5,0.0048125,6157.659,0.005330078,0.0006282003637366446
5347.498961854016,11353.98,0.004871094,6007.05,0.005324219,0.0005242027037649425
5399.742831658839,11434.1,0.004929688,6051.912,0.005451172,0.00048486895716456143
6475.565538265027,11769.92,0.004794922,5194.403,0.005339844,0.0006153963879184326
5972.568516206854,11486.01,0.004857422,5489.211,0.005375,0.0006225752935751881
5602.921653173175,11425.12,0.00494336,5849.391,0.005464844,0.0005851266741179575
5224.154534885028,11394.36,0.004882812,6171.117,0.005359375,0.0005747537753666409
5561.376769153199,11416.15,0.004884766,5857.723,0.005388672,0.0005601854959536872
5650.521568558208,11469.34,0.004857422,5805.169,0.005359375,0.00064929241170545
4452.4155049636465,10984.19,0.004888672,6657.552,0.005373047,0.0005778948338805957
5355.86859174055,11433.45,0.004900391,6125.614,0.005388672,0.00046967645022982465
4975.995034008382,11293.1,0.004777344,6301.858,0.005273438,0.0004585502053203605
5543.523243280488,11450.76,0.004914063,5876.309,0.005433594,0.0005712555877804964
5935.419039835953,11494.34,0.004798828,5527.665,0.005373047,0.0006451236703683244
5471.699815352591,11337.32,0.004884766,5876.309,0.005357422,0.0005581046026584548
5066.927456686333,11308.48,0.004949219,6220.466,0.005414063,0.0004931993488311455
5650.48324512699,11497.54,0.004824219,5809.656,0.005341797,0.0006651818457528413
5556.427655914214,11403.33,0.004900391,5832.087,0.005376953,0.000565541407524803
5523.481796350244,11382.82,0.004949219,5855.8,0.005451172,0.0004660112384873605
5749.858415910921,11506.52,0.004728516,5766.716,0.005328125,0.0017461905172174333
5915.323273211852,11461.01,0.004972656,5573.168,0.005435547,0.000465960012930831
4804.095889612099,11309.12,0.00469336,6480.666,0.005189453,0.0005856268935247075
5705.757398462636,11423.84,0.00488086,5747.49,0.005388672,0.00040209445873040607
5513.991581427749,11417.43,0.00478125,5910.917,0.005279297,0.0006167690580001636
5407.7159179729415,11385.39,0.004857422,5983.978,0.005359375,0.0005008794447556014
5596.760897298803,11477.68,0.004699219,5850.032,0.005222656,0.00176438925468074
5276.010574804596,11402.69,0.004851563,6105.105,0.00534375,0.0005662513447314823
5404.66287369338,11391.8,0.0048125,5991.027,0.005328125,0.0007319564139103867
4886.453053292128,11334.12,0.004820313,6500.534,0.005332031,0.0004691513531279827
5241.300520788455,11340.53,0.004900391,6127.537,0.005376953,0.0005219864533201475
5915.459575918095,11555.22,0.004927734,5689.169,0.005441406,0.0005873800222828865
5344.477378811499,11420.64,0.004927734,6064.729,0.005423828,0.0005890960091809014
5683.158803738976,11423.84,0.004882812,5757.103,0.005373047,0.00037279484417288304
5857.591102128701,11473.19,0.004958984,5641.743,0.005460938,0.00046435747829419406
6023.357657896287,11511.64,0.00491211,5521.256,0.005441406,0.0005346316436745394
5756.605724162796,11439.86,0.004712891,5657.125,0.005205079,0.0018776816502160721
5446.740550439445,11405.25,0.004945313,5980.132,0.005429688,0.000565617829047162
4770.02643326189,11216.83,0.004705078,6467.208,0.005158203,0.0005272104802962166
5756.234704382813,11471.27,0.004945313,5660.329,0.0054375,0.0004979983169157706
5488.040923490516,11368.72,0.004855469,5826.96,0.005328125,0.00044382898269732933
5574.022979888973,11470.63,0.004910157,5908.353,0.005386719,0.0005217977656087343
5788.226059846024,11487.29,0.004900391,5690.451,0.005390625,0.0005718327738289177
4952.817181518157,11336.68,0.004779297,6362.743,0.005330078,0.0007593443568994646
5229.249279357767,11361.03,0.004916016,6149.327,0.005414063,0.0006004224319647722
5392.7746754948885,11359.11,0.004916016,5957.061,0.005384766,0.0005115393561258142
5843.463872716319,11482.16,0.004898438,5609.699,0.005419922,0.000528721762490075
5191.481877999422,11279.0,0.004916016,6074.343,0.005384766,0.0004583700835181185
5553.6088426876,11457.17,0.004896485,5875.667,0.005441406,0.0005486445047124719
5580.555185788097,11426.4,0.004697266,5867.977,0.005271485,0.0018077951324552654
5108.2873713373965,11336.68,0.004728516,6203.162,0.005257813,0.0017014397091284232
5276.368606689235,11431.53,0.004796875,6147.404,0.005332031,0.0006329296503463257
5546.781341484529,11450.12,0.00494336,5903.226,0.005417969,0.0003860313166735719
5499.133164418228,11401.41,0.004701172,5891.69,0.005175781,0.0017416897264517057
5385.918443494464,11378.34,0.004882812,5983.978,0.005359375,0.0005403935818590047
6043.751035251446,11561.63,0.004957031,5482.803,0.005451172,0.0004507466664661231
5504.895662878227,11393.08,0.004945313,5852.595,0.005421875,0.00043592881078711337
5070.750509917116,11265.54,0.004898438,6178.808,0.005388672,0.000586153257150625
5632.524912749482,11413.59,0.004898438,5778.252,0.005371094,0.000534508535324754
5837.739390572946,11458.45,0.004929688,5611.622,0.005451172,0.00047105664406265783
5402.459812489929,11418.71,0.004798828,6014.74,0.005306641,0.0007400864839600152
5264.58013341954,11312.97,0.004720703,6062.807,0.0051875,0.0005217825165064905
5763.097301916242,11462.29,0.004958984,5693.655,0.005482422,0.0004082084087878015
5573.295844713053,11423.84,0.004927734,5878.872,0.005447266,0.00046625962275143653
5197.819350160957,11409.1,0.004798828,6247.383,0.005359375,0.0007186748865797616
5295.863767538122,11461.01,0.004898438,6132.664,0.005390625,0.00041404303600729237
5413.872314732292,11436.02,0.004871094,6019.227,0.005359375,0.00045718634006683195
6098.33179772194,11550.1,0.004886719,5469.985,0.005357422,0.0003997816360449126
5187.531234643578,11271.95,0.004730469,6085.238,0.00525586,0.0017989721182365727
5417.7541392349085,11341.81,0.004927734,5926.298,0.005402344,0.0005046425620904469
5573.406391785863,11466.14,0.004945313,5884.64,0.005455079,0.0005340343443594029
4734.733267810276,11206.58,0.004794922,6414.655,0.005376953,0.0007227271481226526
5566.675216142598,11448.83,0.004941407,5862.85,0.005421875,0.0006094384129502324
5841.3665663027405,11458.45,0.004941407,5575.091,0.005453125,0.0003537177599652083
5670.14635577979,11481.52,0.004898438,5820.551,0.005396485,0.0005803987072016745
5262.535046253404,11381.54,0.004927734,6121.127,0.005404297,0.0006236441940626748
5743.580915986895,11463.58,0.004958984,5722.495,0.005484375,0.000517689222671492
5104.867340121193,11319.38,0.004871094,6310.19,0.005363281,0.0005642856401776678
5167.35872455872,11297.59,0.004728516,6120.487,0.005203125,0.0018577412818645146
5530.735939692096,11355.91,0.004871094,5836.573,0.005345704,0.0006189219505002451
4917.130097827435,11275.15,0.004798828,6346.08,0.0053125,0.0006976079605103459
5342.8451311425215,11394.36,0.004871094,6031.403,0.005390625,0.0005529005029286703
6092.600637394832,11569.96,0.004929688,5477.035,0.00546875,0.0004705047752812247
4875.951963286226,11243.11,0.004869141,6301.858,0.00534375,0.0005572428387181639
5073.904124786381,11301.43,0.004501953,6223.67,0.005105469,0.001811012461304905
5697.174900073808,11440.5,0.004826172,5730.826,0.005378907,0.0006976265258459415
5499.791758483563,11464.22,0.004810547,5964.11,0.005359375,0.0006435921661762441
5385.397399098659,11428.33,0.004929688,6066.011,0.005419922,0.000577982877323421
5320.970082594477,11348.22,0.004869141,6036.53,0.005345704,0.0004921750775722055
5938.261742420244,11489.21,0.004945313,5514.207,0.005439453,0.0005548326969879696
5714.3657387586445,11480.24,0.0048125,5762.871,0.005355469,0.0006566386848892645
6297.382985224073,11602.01,0.004792969,5287.973,0.005330078,0.0017361435806671573
5173.229573222501,11382.18,0.004712891,6178.808,0.005208984,0.0016468040357575087
5299.036564857936,11358.47,0.004900391,6073.061,0.005421875,0.0005731929419618687
5372.043080428553,11390.51,0.004945313,6031.403,0.005429688,0.000427829842889571
5142.569155536499,11377.06,0.004867188,6228.156,0.00534375,0.0004773667669797412
5804.799895266069,11501.39,0.004785156,5713.522,0.005326172,0.0006538601979228198
5952.553400439969,11533.43,0.004916016,5571.886,0.005410157,0.0006397217321133428
5602.005882630786,11434.74,0.004767579,5834.65,0.005302735,0.0006828537509519538
5844.109841065214,11506.52,0.004853516,5728.904,0.005394531,0.0004233086155190432
5702.198290871684,11449.48,0.004521484,5689.169,0.005056641,0.001905387705960691
5661.483036916067,11436.02,0.004757813,5789.147,0.005298828,0.001746883647280524
5348.068643678301,11364.88,0.00450586,6015.381,0.005111328,0.0018066347590068538
5009.685923793008,11329.63,0.004884766,6277.504,0.005363281,0.0004437330657290665
5620.853985081427,11364.88,0.004744141,5756.462,0.005337891,0.0017431788831867392
5069.582248384805,11346.29,0.004712891,6274.3,0.005208984,0.0017246998550605598
4145.382252285598,11037.38,0.004798828,6643.452,0.005283203,0.0006749606990919834
6300.806270572618,11619.95,0.00494336,5293.1,0.00546875,0.0005519937596664576
5094.934299217596,11348.86,0.004900391,6241.615,0.005376953,0.0004814307651498033
5780.936561885897,11498.83,0.004945313,5705.191,0.005470703,0.0005701747368473356
5585.381440225714,11464.86,0.004701172,5981.414,0.005195313,0.0017898653030066244
5355.3983639968865,11395.64,0.004871094,6050.63,0.00534961,0.0004050200421409363
5320.651729690923,11387.95,0.004900391,6065.371,0.005388672,0.0005578846593903838
4753.056366298915,11209.78,0.004884766,6494.125,0.005404297,0.000519889057652802
5374.212645416532,11343.73,0.004914063,5957.701,0.005402344,0.0005798107362506555
5357.719563138734,11305.92,0.004882812,5932.065,0.005386719,0.000590257617203877
5230.242936266491,11416.79,0.00475,6139.714,0.005332031,0.0003849373276930593
5220.366197924263,11370.01,0.004871094,6177.526,0.005375,0.0005985818299138396
5458.375535283019,11412.3,0.004814453,5941.038,0.005361328,0.0006407690308355288
5693.341791279396,11471.91,0.00497461,5795.557,0.005484375,0.0003994625392990521
5519.199710317259,11370.01,0.004914063,5864.772,0.005386719,0.0004797856348204416
5669.770909140528,11421.28,0.004929688,5738.517,0.005402344,0.00045483494699130665
6288.034413338002,11586.63,0.004882812,5311.686,0.005373047,0.000586002539717822
5808.397215685001,11450.76,0.004931641,5627.003,0.005417969,0.0005163466794279742
5132.86435410063,11371.29,0.004765625,6224.952,0.005298828,0.0007337560017303593
5199.8608561785795,11323.86,0.004884766,6114.078,0.005361328,0.0005445829833774862
5967.679745268841,11555.86,0.00494336,5591.754,0.005472656,0.0005572609043078562
5426.3053521712245,11395.0,0.004896485,5964.11,0.005396485,0.000528942335212406
5574.255272248111,11415.51,0.004726563,5833.369,0.005228516,0.0018236847051251465
4125.4365305650335,10931.64,0.0046875,6552.446,0.005207031,0.0018323386447528327
5709.36507380466,11427.04,0.004730469,5734.672,0.005253906,0.0007254251965714289
5874.8156073396,11535.36,0.004914063,5653.92,0.005427734,0.0005160910567536156
5914.0147226793015,11525.1,0.004958984,5563.555,0.005455079,0.000589533793452194
5432.599798210709,11306.56,0.00471875,5921.171,0.005189453,0.0017220241532963925
5256.7846375018635,11291.82,0.004914063,6041.017,0.005410157,0.0005861400477723374
4844.412948866103,11244.39,0.004779297,6391.583,0.005357422,0.0006352234134894764
4852.004614060276,11314.89,0.004796875,6500.534,0.005330078,0.0006492439260461766
4737.9078048592855,11107.24,0.004898438,6350.566,0.005404297,0.0006047232615732346
5827.6153671564025,11501.39,0.004941407,5654.561,0.005466797,0.0004925399224293154
5863.997187461359,11484.08,0.004712891,5609.699,0.005234375,0.0017861462524357944
5472.284118434271,11364.88,0.004910157,5860.286,0.005388672,0.0006056805015906494
5996.095984692515,11531.51,0.004669922,5525.742,0.005091797,0.0018754221291557975
5041.17508766815,11332.19,0.004951172,6260.841,0.005462891,0.0005212719056384483
6344.213502614825,11628.93,0.004914063,5263.619,0.005441406,0.000574589850929019
5557.017454277364,11403.33,0.004914063,5854.518,0.005404297,0.0004692802063025324
5583.06978283454,11445.63,0.004763672,5856.44,0.005279297,0.0007258238575707705
4959.279074793063,11286.69,0.004900391,6301.858,0.005390625,0.0005953877828443314
4750.822194240247,11209.78,0.004917969,6507.583,0.005410157,0.0005597495571478273
5694.482428597035,11461.01,0.004929688,5753.258,0.005384766,0.0005178858086889507
6009.285715284091,11546.89,0.004927734,5548.173,0.005453125,0.0005699118964758691
5603.148599849354,11386.67,0.004796875,5775.688,0.005345704,0.000676478437389732
4503.714456634268,10993.16,0.004902344,6578.723,0.005390625,0.0006437443363080719
5307.183735731138,11295.66,0.004767579,6009.613,0.005300782,0.0006334147020526041
5593.295240799912,11429.61,0.004927734,5830.165,0.005402344,0.0004938597206339679
5409.24138766853,11400.13,0.004761719,5992.95,0.005296875,0.0007763560400947718
4792.397139601759,11275.15,0.004810547,6544.114,0.005285156,0.0005830764910237992
5794.26574436611,11452.68,0.004927734,5656.484,0.005435547,0.0005475189180974271
5292.803845603852,11368.08,0.00494336,6078.188,0.005439453,0.0004148144645530384
4636.758214320844,11220.04,0.00471875,6593.463,0.005222656,0.0018034611649676792
5427.887749075352,11449.48,0.004927734,6030.763,0.005445313,0.0005327104985302668
5465.318511066125,11421.92,0.004941407,5987.823,0.0054375,0.0005633027451662914
5544.10057750972,11411.66,0.004916016,5848.109,0.005396485,0.0005892132717905281
4952.898112866173,11362.96,0.004900391,6413.373,0.00541211,0.0005387908499469185
5056.636705883339,11380.9,0.00469336,6304.422,0.005240235,0.0005190435060111706
5832.123456918711,11505.88,0.004773438,5675.069,0.005304688,0.0018364830572181502
5742.374862705425,11456.53,0.004910157,5705.832,0.005394531,0.0005980717717558573
5807.082853883862,11484.72,0.004712891,5693.655,0.005271485,0.0017423293783758859
5587.132763931813,11478.32,0.004810547,5893.612,0.005375,0.0006237738270623712
5217.794874809218,11410.38,0.004869141,6162.786,0.005376953,0.0004536102659025579
4794.992518305521,11085.45,0.004767579,6299.295,0.005273438,0.0005944958793904586
5568.763573184644,11370.65,0.00491211,5832.087,0.005441406,0.0005497065752971353
5329.165297416966,11434.1,0.004808594,6082.674,0.005314454,0.0006244235832976923
5406.726880510618,11407.18,0.004884766,5998.077,0.005355469,0.00040027255808966744
5629.412109946802,11479.6,0.004931641,5823.755,0.005410157,0.0004789916031044967
5658.639766451392,11468.06,0.004826172,5831.446,0.005326172,0.0006373003553694914
5505.407167950667,11457.17,0.004910157,5939.116,0.005425781,0.0005705262497297003
5819.610737708067,11546.89,0.004929688,5746.208,0.0054375,0.0005513436033923425
5182.1092385816055,11395.64,0.004945313,6245.46,0.005421875,0.0004422967604690702
5577.579960027465,11428.33,0.004927734,5844.264,0.005423828,0.0004811182346633006
6351.305737931855,11621.24,0.004916016,5373.852,0.00541211,0.0005522326054043847
5529.0185005024205,11420.0,0.004931641,5886.563,0.005453125,0.000537116666114481
6091.453451820239,11494.34,0.004947266,5455.245,0.005441406,0.0004568620967694409
5689.9554252912985,11470.63,0.004945313,5753.898,0.005482422,0.0006237079212224095
4923.9633890573705,11211.71,0.00472461,6335.185,0.005201172,0.0006562606583477002
5340.771863111147,11378.98,0.004945313,6024.354,0.005441406,0.0005118356501915026
5256.6882903650085,11326.43,0.004867188,6064.729,0.005341797,0.0005931904967075993
5326.939267364249,11368.08,0.004916016,6049.348,0.005392578,0.0005387510257516039
5984.244557014798,11521.26,0.004914063,5536.637,0.005425781,0.0004926522564666907
5128.734188804161,11336.68,0.004929688,6246.101,0.005433594,0.0004836860126730898
5204.268475113946,11405.25,0.004783203,6199.316,0.005357422,0.000658037407352357
5977.695250629747,11518.05,0.004914063,5548.173,0.005423828,0.0005743984017073879
5526.766756332473,11390.51,0.004957031,5859.646,0.005480469,0.0006140864988588607
5240.078768622559,11353.98,0.004929688,6127.537,0.005427734,0.0005757581985064258
5969.534810290916,11550.74,0.004955078,5571.245,0.005435547,0.00047395283883356595
5175.042107760556,11328.35,0.00488086,6146.123,0.005394531,0.000533954595309384
6036.300969850049,11522.54,0.004945313,5459.09,0.005462891,0.00047464303996044556
5498.344710400713,11433.45,0.004728516,5944.243,0.005263672,0.0017507756534971802
5763.575097455294,11450.76,0.004898438,5660.329,0.005408203,0.0005518282715624978
5329.4406164405655,11404.61,0.004697266,6065.371,0.005175781,0.001783503021893387
5903.299166977796,11512.28,0.004958984,5636.616,0.005453125,0.00043087640744954027
5720.886767907478,11435.38,0.004914063,5716.727,0.005392578,0.0005031959831785246
5292.019430647212,11395.0,0.004962891,6110.233,0.005433594,0.0004418825435438275
5391.896992635788,11422.56,0.004933594,6025.635,0.0054375,0.0005104249494801301
5074.949773643107,11400.77,0.004794922,6277.504,0.005378907,0.0006086566141185312
5732.512123415625,11473.19,0.004923828,5765.435,0.005462891,0.0006386003364763777
5806.250611974075,11448.83,0.004896485,5628.925,0.005423828,0.0005825686826857741
5961.375627343169,11520.61,0.004939453,5589.19,0.00546875,0.0005828901826718883
5998.218324781537,11528.95,0.004927734,5589.831,0.005419922,0.0004912609609284957
5862.745636148432,11463.58,0.004882812,5586.626,0.005375,0.00054284477902806
5600.268213900397,11467.42,0.004896485,5834.65,0.005392578,0.00037165881738316243
5864.7284544163795,11488.57,0.004884766,5616.107,0.005392578,0.0005825603804139034
5955.757811342489,11500.75,0.004925781,5572.527,0.005441406,0.0005830513104999173
5737.688980833191,11448.83,0.00491211,5762.871,0.005390625,0.0005870905162947144
5338.114253768346,11378.34,0.004839844,6001.282,0.005326172,0.00047275204117454696
5451.608022334488,11439.86,0.004900391,5991.027,0.005408203,0.0005437747373340954
4943.602111408609,11351.42,0.004865235,6388.378,0.005375,0.00043646248676459704
5829.937644651572,11482.16,0.004773438,5641.103,0.005279297,0.0019191838279273223
6110.081067259095,11559.71,0.004794922,5443.067,0.005361328,0.0007043128092001212
5758.853764458022,11456.53,0.004898438,5660.329,0.005388672,0.000569448431154105
5573.563666052395,11396.92,0.004941407,5801.324,0.005451172,0.0006542684105660192
5152.416601459505,11346.29,0.004839844,6223.029,0.0053125,0.00042160588052126183
5682.80227229892,11475.75,0.004855469,5784.661,0.005386719,0.0006241575804789327
4956.521587408083,11298.87,0.004882812,6325.571,0.005402344,0.0004000932644344203
5451.252042716002,11420.0,0.004779297,5950.652,0.005330078,0.0006904009112646113
5709.382921271446,11378.98,0.004925781,5686.605,0.005453125,0.0005109797933548387
5074.826531829493,11331.55,0.00488086,6226.875,0.00540625,0.00044606558663006586
5600.268702277353,11462.29,0.004945313,5861.568,0.005451172,0.00045564977440378543
4882.72759038004,11195.04,0.004837891,6330.699,0.00538086,0.00038257767434074215
5264.997407217986,11323.22,0.004898438,6064.729,0.005375,0.0006114885770696722
5579.485452907489,11366.8,0.00494336,5826.96,0.005451172,0.0005862672674831316
6058.617645236949,11578.29,0.004925781,5554.582,0.005423828,0.0004939893570008649
5018.065989851748,11355.91,0.004734375,6280.709,0.005205079,0.0005094561188396479
4993.280556572076,11343.73,0.004931641,6348.643,0.005462891,0.000591109653513973
6087.9575508064445,11544.33,0.00456836,5443.708,0.005195313,0.0019209745572256428
5566.431433393582,11470.63,0.004914063,5880.794,0.0054375,0.0005121722916929968
5159.331547449243,11296.94,0.004898438,6152.531,0.005404297,0.0006094263027836438
5403.938483853369,11430.89,0.004871094,6009.613,0.005332031,0.0005298643613048704
5170.813712613343,11412.3,0.00478125,6268.532,0.005306641,0.0005701684880150739
5610.070279026514,11398.21,0.004767579,5808.374,0.005361328,0.0006853316397726679
5647.56371265525,11411.02,0.004826172,5766.716,0.005322266,0.0006676591650851685
5682.346310603914,11448.83,0.004748047,5780.175,0.005251953,0.0018947701921260577
5252.574315743858,11350.14,0.004900391,6085.879,0.005375,0.0005164815110422945
5348.15526816554,11428.33,0.004886719,6077.547,0.005359375,0.0006174466091446332
6113.957447281296,11554.58,0.004808594,5463.576,0.00534961,0.000621582238410457
5402.773866211657,11411.02,0.004826172,5998.077,0.00534375,0.000625227752475124
5432.702894656372,11355.27,0.004886719,5927.58,0.005361328,0.0005704893335829095
5437.297769626646,11362.96,0.00491211,5949.37,0.005376953,0.000627819975120133
5098.31709499112,11302.71,0.004841797,6210.852,0.005339844,0.0006392647995352069
5353.77966517139,11399.49,0.004945313,6053.834,0.005400391,0.0005287613565299732
5188.9554203211555,11279.0,0.004900391,6152.531,0.005390625,0.00044436848189645503
5937.737147104277,11469.99,0.00491211,5581.5,0.005402344,0.0006257589868006861
5366.349924133387,11434.1,0.004839844,6087.801,0.005341797,0.0005752623907430357
5595.090533069078,11418.71,0.004945313,5837.214,0.005449219,0.0004899249826328327
5828.69962266074,11480.24,0.004957031,5648.152,0.005431641,0.0004198108909232191
5270.356855383442,11366.8,0.004826172,6082.674,0.005373047,0.0006409527541182754
5980.914988308863,11536.0,0.004550782,5621.234,0.005138672,0.0018321715736633374
5418.417280371217,11340.53,0.004683594,5931.425,0.00515625,0.0017260099782826718
5878.71859396867,11490.49,0.004716797,5632.771,0.005216797,0.0007623589420689425
5090.860059071238,11364.88,0.004685547,6281.35,0.005177734,0.0016914699092425347
4788.5525151050715,11191.2,0.004900391,6405.683,0.005367188,0.0005072157151050143
6064.925372946797,11510.36,0.004744141,5464.217,0.005240235,0.0007627714748000802
5381.0872583836635,11432.81,0.004970703,6033.326,0.005478516,0.0006084796465679719
5784.365260744453,11473.83,0.004914063,5697.5,0.005416016,0.0005070490455280154
4637.460496362896,11196.97,0.004777344,6562.06,0.005326172,0.0006096552148672042
5380.7426720990725,11357.83,0.004826172,6009.613,0.005361328,0.0006412642332218037
5599.873281575619,11400.77,0.004765625,5807.733,0.005298828,0.000695686748626457
4969.458320007543,11383.46,0.004898438,6401.196,0.005369141,0.00048123914801907416
5377.432722771771,11342.45,0.004666016,5996.795,0.005158203,0.0017779412608198823
5342.587683651062,11372.57,0.004867188,6021.149,0.005375,0.0005404227796409368
4215.439223810384,10931.64,0.00478125,6634.479,0.005363281,0.0006648491732744916
5329.319088397482,11393.08,0.004916016,6050.63,0.005400391,0.0006054416489687446
5139.000993001113,11346.93,0.004886719,6209.57,0.005359375,0.0003513101133744932
5577.987587373188,11390.51,0.004855469,5819.269,0.005363281,0.0005371621525970332
5510.656420008626,11365.52,0.004896485,5871.181,0.005388672,0.0005333063398564096
4981.835171502665,11260.41,0.004853516,6283.273,0.005373047,0.0005628170269663377
6081.784658036906,11526.38,0.004927734,5462.294,0.005400391,0.0004728277037125516
4916.044097799293,11260.41,0.004720703,6353.77,0.005259766,0.000532179016140287
5039.126404089873,11291.18,0.004699219,6235.206,0.005173828,0.0018496841511504646
5825.512583674368,11450.76,0.004972656,5666.738,0.005417969,0.0004390341689983195
4466.1789906968515,11014.95,0.004736328,6560.136,0.005265625,0.0007080962460826879
5998.426783298302,11495.62,0.004945313,5494.979,0.0055,0.00046652687648489127
5006.426270962262,11254.01,0.004871094,6198.034,0.005359375,0.00045126246818733755
5720.9506562012775,11454.6,0.004925781,5736.595,0.005455079,0.0004961762436726749
5084.436600983909,11290.54,0.004658204,6173.04,0.00515625,0.0018396545146944405
4970.755358834607,11262.98,0.004875,6306.345,0.005326172,0.00055677996118812
5433.265404899214,11372.57,0.004917969,5950.01,0.005417969,0.0005995863706434836
5675.351436797485,11468.7,0.004916016,5792.993,0.00540625,0.0005178314028289687
5679.807870464242,11439.22,0.004875,5776.33,0.005339844,0.0006184366536805554
6399.433215374316,11685.96,0.004945313,5158.513,0.005488282,0.0005734500790134228
5181.134470115412,11293.74,0.004712891,6123.691,0.005167969,0.001763930034926975
5031.739561847464,11311.69,0.004947266,6275.582,0.00546875,0.000562145301253078
5550.055580493492,11448.19,0.004945313,5916.684,0.005417969,0.0004997292387828496
5728.392345796871,11510.36,0.004734375,5741.722,0.005238282,0.001836304729825483
5079.353702404345,11326.43,0.004914063,6220.466,0.005402344,0.0005201047367760874
5589.575935231021,11438.58,0.00494336,5861.568,0.005464844,0.0006216364324965398
5218.615636363573,11405.25,0.00494336,6172.399,0.005431641,0.00022613162845117038
5278.7568104455995,11348.22,0.004806641,6096.133,0.005359375,0.0006416440859677267
5513.838574137005,11457.17,0.004955078,5946.165,0.005462891,0.0005663394442550286
5015.777616147847,11335.4,0.004933594,6328.776,0.005433594,0.000573253132410229
5731.5345614098715,11478.32,0.004914063,5728.263,0.005392578,0.0004416222716583531
5439.878282222434,11351.42,0.004896485,5937.834,0.005361328,0.00041645956436594384
5072.506401570966,11306.56,0.004878907,6247.383,0.005394531,0.00045373792359011764
4841.461023740876,11318.09,0.004896485,6500.534,0.005408203,0.000418135735051874
5603.09992055033,11403.97,0.004941407,5781.457,0.0054375,0.000585494367909637
5815.2794220399355,11446.27,0.004947266,5673.146,0.005419922,0.0004945401816098006
5638.701606215879,11401.41,0.004929688,5737.235,0.005408203,0.0004617364357738066
4819.987700044336,11254.01,0.004859375,6429.395,0.005345704,0.0005363050435799237
4589.572383299931,11086.09,0.004736328,6512.07,0.005251953,0.0005452134479160856
5249.755371556265,11352.7,0.004742188,6057.68,0.005267578,0.0017448766863583918
5338.502602733789,11433.45,0.004857422,6114.078,0.005345704,0.0004127223821023812
5833.068373647278,11496.9,0.004757813,5630.848,0.005253906,0.0007268656894802544
5519.374781605412,11432.81,0.00491211,5920.53,0.005414063,0.0005190278894746257
5678.443542891759,11410.38,0.004916016,5746.208,0.005369141,0.0005918497035862871
6247.6804446094475,11678.27,0.004929688,5337.321,0.005539063,0.00046039876609004773
5259.891029010668,11387.95,0.004898438,6091.006,0.005375,0.0004668214987098751
5586.342424097011,11421.92,0.004685547,5818.628,0.005175781,0.0017134604671667423
5440.4127653896585,11435.38,0.004810547,6006.409,0.005328125,0.0007802939550610651
5191.410833494797,11363.6,0.004896485,6153.813,0.005400391,0.0003875059987691661
5921.3802545393155,11491.77,0.004945313,5573.809,0.005441406,0.0005393224625247966
5538.2368213575955,11468.06,0.004794922,5939.756,0.005339844,0.0007065297420473504
5366.411606840342,11413.59,0.004884766,6033.326,0.005355469,0.0005739736876396755
5605.487595489963,11446.27,0.004910157,5832.728,0.005404297,0.0006237586724876034
5428.652165006569,11430.89,0.004882812,6028.84,0.005404297,0.00055959787146491
4744.909498792438,11215.55,0.004691407,6483.23,0.005158203,0.0005450134926640847
5784.483004370859,11437.3,0.004949219,5668.66,0.005466797,0.0005079482498698922
4984.754301237506,11317.45,0.004849609,6326.212,0.005394531,0.0004692334006269499
5395.509414704466,11408.46,0.004927734,6017.945,0.005417969,0.00043476693135175776
6152.993761926393,11662.89,0.004929688,5437.94,0.005490235,0.0005576737733536295
5496.505441245265,11355.91,0.004927734,5860.927,0.005435547,0.0004601688974895082
5847.760011041767,11487.29,0.004960938,5640.461,0.005449219,0.00056183580675236
4961.599375588874,11312.33,0.004900391,6350.566,0.005373047,0.000573150263313531
5575.6318632841485,11448.19,0.004916016,5857.723,0.005423828,0.0005123048196444364
5351.871786688654,11443.71,0.004929688,6114.078,0.005435547,0.0005825916682860666
5777.605073191875,11493.7,0.004988282,5680.196,0.005466797,0.00043214927695376
5671.137513120395,11459.73,0.004929688,5803.247,0.005408203,0.0004569336099945353
4939.82608716668,11225.81,0.004904297,6249.306,0.005394531,0.0005532850965385119
5592.1436563215275,11429.61,0.004925781,5851.313,0.005421875,0.00048795684458296964
5594.805715907846,11441.14,0.004958984,5835.932,0.00547461,0.0006011850106637058
5479.292801898522,11393.72,0.004794922,5931.425,0.005378907,0.0007051450153393741
5730.451768388559,11459.09,0.004916016,5741.081,0.005435547,0.0005129493224993321
5392.230120165062,11330.27,0.004785156,5942.961,0.005333985,0.0006164440127471427
5182.045455437372,11332.19,0.004796875,6165.99,0.005361328,0.0006617460963024596
5722.721834897863,11433.45,0.00494336,5719.932,0.005431641,0.0006239060208237845
5711.702012871474,11444.99,0.004914063,5736.595,0.005417969,0.0005814785989328961
5265.483651057519,11398.21,0.004853516,6142.277,0.005376953,0.0005823783276708422
5446.845508292153,11405.25,0.004916016,5955.779,0.005421875,0.0004726566910246161
5567.857374954214,11427.04,0.004929688,5883.358,0.005402344,0.0004964078341456659
5700.499033428623,11478.96,0.004916016,5778.894,0.005408203,0.0006476979275951431
5372.939076456888,11346.29,0.004886719,5953.215,0.005361328,0.00040003844611485916
5777.589318424035,11453.32,0.004855469,5669.301,0.005402344,0.0006156848112441528
5704.389533863155,11500.75,0.004533203,5837.214,0.005060547,0.001806540833795581
5412.473479469969,11407.82,0.004898438,5996.795,0.005408203,0.0005309790752876719
5240.496824226169,11309.12,0.004826172,6081.393,0.005345704,0.000661723272121792
5274.715237746279,11348.22,0.004673828,6107.669,0.005142578,0.0007557288678732118
5502.193858789268,11406.54,0.004945313,5912.198,0.005464844,0.0005140307582911292
5797.610095872276,11508.44,0.004808594,5735.313,0.005335938,0.0006385958262843879
4709.847453165857,11129.03,0.004767579,6400.555,0.005292969,0.0007132909095548126
5619.314043432113,11451.4,0.004929688,5821.833,0.005400391,0.0004897715625152254
4669.2415836592745,11177.74,0.004933594,6549.882,0.0054375,0.000466379431781653
5598.058101831776,11470.63,0.004927734,5869.899,0.005433594,0.0004264646489060371
5401.3327875325695,11453.96,0.004886719,6024.994,0.005417969,0.00038257146528959457
6187.921458519067,11647.51,0.004947266,5473.189,0.005570313,0.0005070628511517623
5798.452825269715,11511.0,0.004896485,5706.473,0.005421875,0.00048025024323208697
5684.727257962238,11434.1,0.004896485,5763.512,0.005373047,0.0004533019799304339
5424.519999958579,11377.06,0.004683594,5933.988,0.005189453,0.0018267441774324027
5918.196812620879,11555.22,0.00478711,5658.406,0.005279297,0.00071653192244494
5763.195234897535,11445.63,0.004941407,5717.368,0.005449219,0.0003505379156805371
6074.762951627266,11409.1,0.004914063,5429.609,0.005404297,0.00047269460277157214
5517.693681412404,11370.01,0.004916016,5880.794,0.005433594,0.00058637469755122
5525.318700725176,11384.11,0.004869141,5859.646,0.005361328,0.0004098925568486037
5365.248524991084,11457.17,0.004535156,6057.039,0.005125,0.0018543084367333774
5466.7025983961075,11446.27,0.004931641,5988.464,0.005386719,0.0005137073939739079
5445.083741082664,11417.43,0.004898438,5968.597,0.005375,0.0005017475370979313
5896.273110992818,11543.69,0.004826172,5614.826,0.005359375,0.0006320951147167813
5537.9298236815,11420.64,0.004873047,5883.358,0.005361328,0.0005533908923780117
5324.589630114718,11334.12,0.004925781,6015.381,0.005388672,0.0005714001052515331
5603.453903220392,11430.89,0.004882812,5846.828,0.005361328,0.0005420933660663988
4638.871912067965,11186.71,0.00488086,6533.86,0.005345704,0.00038975490967304134
4199.037121912259,11113.01,0.004751953,6537.064,0.005271485,0.0017031778372138765
4882.46942391473,11327.07,0.00475,6380.047,0.005330078,0.0006805745778594635
5149.456124205327,11348.22,0.004867188,6180.73,0.005347657,0.00044091665342838667
4552.881469888232,11045.72,0.004748047,6483.871,0.005257813,0.0005439983894657143
5631.06121429704,11462.29,0.004945313,5859.646,0.005480469,0.00045576830617885685
6027.92114926747,11474.47,0.004945313,5489.211,0.005480469,0.0005037512425440276
5310.7248969564225,11345.65,0.004900391,6041.657,0.005433594,0.0006174513995323722
5048.3422613304,11328.99,0.004896485,6258.919,0.005404297,0.000584307742031187
5154.389604056675,11296.94,0.004898438,6095.492,0.005351563,0.00040081527907055166
5469.838534156573,11295.02,0.00488086,5901.303,0.005357422,0.00029498490568135986
5358.845207561957,11268.1,0.004945313,5894.253,0.005433594,0.0005143088598761678
5775.867882326915,11455.24,0.004841797,5701.346,0.005324219,0.0006546930137521404
5844.974600079343,11506.52,0.004929688,5664.815,0.00544336,0.0005118751812477186
5295.068157242304,11402.69,0.004810547,6108.31,0.005322266,0.0006964957137608901
5339.021362480927,11341.81,0.004826172,6017.945,0.005357422,0.0006240314099055525
5243.987898047581,11406.54,0.004896485,6164.708,0.005375,0.0005777782573501799
5036.9340530358595,11309.12,0.004916016,6264.687,0.005416016,0.00047398038104257416
5708.193494506352,11462.94,0.004783203,5753.898,0.005347657,0.0006720798161003817
5457.335326901363,11372.57,0.004896485,5900.021,0.005388672,0.00040978492295904925
5562.627281925279,11416.15,0.004744141,5843.623,0.005269532,0.000731875177943788
4928.337584431047,11301.43,0.004751953,6367.229,0.005275391,0.0004807390042641586
5629.545628432821,11473.83,0.004914063,5864.131,0.005421875,0.0005112991403537968
4839.0594835039665,11318.09,0.004855469,6352.488,0.005355469,0.0003213857574500042
5174.014050244422,11362.96,0.004851563,6199.316,0.005330078,0.0005492996999404889
5426.481795615963,11413.59,0.004960938,5958.342,0.0054375,0.0004953890381969223
5576.060709317942,11448.19,0.004916016,5875.667,0.005375,0.0005718842238076429
5566.51069655181,11454.6,0.0048125,5875.667,0.005361328,0.0017340918905408554
5422.308497247642,11409.74,0.004822266,6003.845,0.005330078,0.0006543004068107218
5057.988259498288,11381.54,0.004794922,6329.417,0.005330078,0.000628592559308125
5640.8393036062325,11403.97,0.004927734,5812.22,0.005388672,0.0006072088854923647
5405.914541118647,11418.71,0.004765625,6001.282,0.005271485,0.0007101162738639361
5840.386354143536,11537.92,0.004894531,5689.169,0.005455079,0.0006234223016437416
5350.9955122176325,11347.58,0.004773438,6007.05,0.005367188,0.0018315489929124976
5293.126674312411,11371.93,0.004929688,6073.702,0.005433594,0.0005290744582630004
5319.250663096984,11367.44,0.004949219,6051.271,0.005421875,0.0004367577523662233
5690.88619482961,11466.14,0.004955078,5725.699,0.005492188,0.0006406493381020397
5848.401681968958,11434.74,0.004990235,5600.085,0.005486328,0.00039954571425261
5385.028106327254,11411.02,0.004703125,6022.431,0.005189453,0.0017698559693280005
5577.506745895011,11420.64,0.004990235,5853.877,0.005451172,0.0004828967452344843
4941.567675014174,11314.89,0.004900391,6388.378,0.005373047,0.0006063848252335839
5040.967784470739,11271.95,0.004767579,6283.914,0.00525586,0.000494732559552833
6145.554622610067,11564.2,0.004929688,5427.686,0.005455079,0.0004861894208716711
5756.094238249197,11472.55,0.004900391,5710.318,0.0054375,0.0006088763466492383
5335.159451144478,11380.26,0.004931641,6015.381,0.005382813,0.0005879314707380991
5447.300389115822,11411.02,0.004900391,5948.088,0.005390625,0.0006056219098340467
5033.507805728352,11311.69,0.004767579,6284.555,0.005273438,0.0007531304022399079
5258.84303732237,11367.44,0.004826172,6098.056,0.005376953,0.0006460150441829524
5697.053429826279,11414.23,0.00494336,5671.865,0.005449219,0.0005627999755384026
5302.744765605049,11371.29,0.00491211,6069.216,0.005427734,0.0004274034885198635
5441.784463685793,11406.54,0.004958984,5973.724,0.005466797,0.00043007936100609637
4926.70045961347,11195.68,0.004796875,6301.218,0.005298828,0.000616036679520219
5410.564548815066,11307.84,0.004898438,5869.258,0.005388672,0.0005808185597060079
5837.753910987419,11451.4,0.004822266,5615.467,0.005328125,0.0017489622659956476
6040.487321708189,11534.71,0.004927734,5511.001,0.005427734,0.000594574181961833
4977.681446934364,11316.17,0.004761719,6326.212,0.0053125,0.0004271467965379118
5674.193651404107,11341.17,0.004945313,5727.622,0.005400391,0.0005573915193545336
5419.54805184771,11341.81,0.004828125,5929.502,0.00534375,0.0006924302870295411
4638.696804214425,11170.69,0.004873047,6676.778,0.005363281,0.00046561622069257616
5720.271211035702,11414.87,0.004988282,5685.324,0.005447266,0.0003891413208526183
5322.105158271798,11413.59,0.004902344,6094.852,0.005367188,0.0005740901976002456
6493.9747771241,11654.56,0.004960938,5207.221,0.005484375,0.0004968757956403252
5705.957825669381,11475.11,0.004958984,5778.894,0.005455079,0.00044575820510938443
5079.725202785576,11381.54,0.004720703,6290.963,0.005205079,0.0005545286669842153
5552.957460923683,11406.54,0.004916016,5846.187,0.005433594,0.0006756791989639116
5143.594490644119,11332.19,0.004867188,6171.758,0.005357422,0.0005997747374160877
6002.446755062569,11555.86,0.004929688,5558.427,0.005470703,0.0004345662641918209
5901.2128171725035,11516.13,0.004927734,5589.19,0.005423828,0.0005643665643742156
5203.417857207749,11340.53,0.004929688,6130.741,0.005400391,0.000469001211510529
5046.4442264216505,11312.33,0.004759766,6248.024,0.005332031,0.0016258512985329865
5586.732345298485,11403.97,0.004884766,5817.347,0.005384766,0.0005470151644994939
5603.510384180914,11446.27,0.004929688,5836.573,0.005419922,0.000531447546383192
5141.0184965130065,11245.03,0.004919922,6119.205,0.005408203,0.0005045164819673465
5899.023338068357,11509.72,0.004916016,5600.726,0.005408203,0.0005193504007603811
5681.989172010975,11404.61,0.004810547,5706.473,0.005357422,0.0006494741047818163
4932.951411053475,11201.45,0.004767579,6286.477,0.005279297,0.0006894116740697331
5592.017000546195,11452.04,0.004957031,5855.8,0.005462891,0.0005165966204629937
5182.671189835808,11350.14,0.004851563,6192.267,0.005404297,0.0005891455962788821
4668.759456290727,11217.47,0.004884766,6538.987,0.005361328,0.000532274366568945
5385.4683376250405,11409.74,0.004898438,5971.801,0.005375,0.0006184215131283379
5353.03349774678,11408.46,0.004941407,6071.779,0.005419922,0.0005169969035143736
5187.730408305734,11422.56,0.00494336,6209.57,0.005417969,0.0005974085803213107
6645.535012731589,11753.9,0.004945313,5271.31,0.005535156,0.000462161551308846
5833.995087824232,11484.72,0.004939453,5596.881,0.005482422,0.00046053908676257335
5624.43622030654,11441.79,0.004927734,5828.242,0.005417969,0.0005976286506283612
5837.3301462301915,11435.38,0.004914063,5610.34,0.005416016,0.000551527631282872
6168.799562616279,11597.52,0.004949219,5468.063,0.005503906,0.0004955301700895721
5394.501509369412,11377.7,0.004666016,5985.26,0.005160157,0.0007937224401532581
5240.700603437234,11353.98,0.004822266,6098.056,0.005328125,0.0005751275012133846
5165.685294974639,11380.26,0.004796875,6239.692,0.005345704,0.0006607927234324568
5106.673029379565,11302.71,0.004900391,6178.167,0.005396485,0.0006089683905587601
4622.5585553239125,11096.35,0.004712891,6465.285,0.005191407,0.0017216830675320137
5752.598606805973,11464.86,0.004767579,5726.34,0.005306641,0.0006415037753511859
5286.55984618799,11441.14,0.004746094,6150.608,0.005287109,0.0016979109374356041
5336.588424488343,11346.93,0.00475586,6008.972,0.005236329,0.0017562190291593287
5398.885618645372,11419.35,0.004828125,5994.873,0.005326172,0.0006550525623789892
5679.23291574375,11433.45,0.004947266,5762.871,0.005435547,0.0005757234020946906
5203.205528280398,11291.18,0.00491211,6128.818,0.005449219,0.00044463992229046675
5266.706737645816,11323.22,0.004898438,6074.343,0.005359375,0.0005587085940982495
5625.777748203245,11472.55,0.004726563,5825.037,0.00525,0.0018002119155963124
4765.818085918075,11095.07,0.004886719,6421.064,0.005382813,0.000572030323214774
5961.4871161660085,11478.32,0.004945313,5487.93,0.005480469,0.0005433337593299659
5201.569033626209,11371.93,0.004916016,6169.194,0.00540625,0.0005930581211169727
5554.885845319167,11427.69,0.004898438,5868.618,0.00540625,0.000532652045745809
5092.388380577922,11331.55,0.004716797,6257.637,0.005238282,0.0017441220619083336
6058.887565533518,11548.81,0.004832032,5493.057,0.005367188,0.0008280883710690014
5731.63620793884,11487.29,0.004929688,5744.285,0.005466797,0.00048068080568496605
5401.488801373352,11402.05,0.004960938,5976.287,0.005414063,0.00048214691780215906
5675.687900968013,11471.27,0.004962891,5786.584,0.005457032,0.0005811099051707066
5266.708279172125,11333.48,0.004716797,6112.796,0.005189453,0.0019047830347615606
5600.331612365938,11471.27,0.00494336,5874.386,0.005423828,0.0004952410606325974
4780.67645114077,11275.8,0.004919922,6468.49,0.005400391,0.0005969254335371901
5114.844196084325,11380.26,0.004871094,6280.709,0.005330078,0.0005075127443561096
4893.88353785853,11321.3,0.004853516,6423.627,0.00528125,0.0005832550740667601
6003.320520519971,11544.33,0.004929688,5552.019,0.005416016,0.0005128160313470942
5622.169486779523,11466.78,0.004902344,5850.032,0.005435547,0.0005555068492466673
5755.490168082246,11473.83,0.004728516,5700.705,0.005226563,0.0018235003431030389
6081.89299369795,11541.76,0.004814453,5502.67,0.005310547,0.0006558181038112216
5913.800879327931,11511.0,0.00491211,5602.649,0.0054375,0.0003929597881347544
5560.181265425802,11396.28,0.004714844,5817.347,0.005210938,0.0018071308358314335
5353.14437368132,11438.58,0.004685547,6069.216,0.00519336,0.0018209558265443136
5620.634897959132,11420.64,0.004958984,5793.633,0.005435547,0.0005776436140223544
5386.775317337598,11428.33,0.004945313,6023.072,0.005462891,0.0005992984013629676
5759.40503709055,11475.75,0.004794922,5707.754,0.005351563,0.0007011017336293577
5162.548482692657,11344.37,0.004927734,6187.14,0.005453125,0.0004688010219539515
5880.368869774407,11527.02,0.004914063,5638.539,0.005484375,0.0006114152008125594
5769.024216097895,11439.22,0.004726563,5703.269,0.005253906,0.0015950903755900887
5450.135742446848,11448.83,0.004697266,5971.801,0.005189453,0.001796417402122773
5596.24253202011,11469.34,0.004728516,5892.972,0.005205079,0.0016965517807369227
5444.828559821425,11366.16,0.00484375,5882.076,0.005324219,0.0006307619698017661
5871.537372740109,11526.38,0.004900391,5661.611,0.005404297,0.0005999599954645084
5133.728274674758,11352.7,0.004763672,6208.93,0.005330078,0.0004592520266760773
4724.9379287013635,11125.19,0.004722657,6393.505,0.00525586,0.0005532298485322061
5117.98385608141,11382.82,0.004916016,6257.637,0.005388672,0.0004961194873252453
5909.9633072215165,11471.27,0.004681641,5560.351,0.005210938,0.001914249950378488
5560.540396513023,11446.27,0.004955078,5900.021,0.005451172,0.0005894711783938288
5648.845860321991,11381.54,0.004929688,5761.589,0.005449219,0.0005197865643051788
5592.030119485973,11419.35,0.004964844,5817.347,0.005466797,0.0004839822540923797
5737.4150672742235,11467.42,0.004941407,5725.699,0.005441406,0.0005571513073685122
5364.100710376945,11368.72,0.00488086,5997.437,0.005416016,0.0005218350837713413
5515.668742567293,11433.45,0.004914063,5910.917,0.005402344,0.0006184220479821141
5315.518391126772,11418.07,0.004871094,6118.564,0.005392578,0.0005350782285860542
5074.351392716514,11337.32,0.004916016,6265.328,0.005371094,0.0004742526263830724
5303.197626730732,11388.59,0.004884766,6091.647,0.005361328,0.000589427533103763
5596.507347737929,11425.76,0.004947266,5817.987,0.005433594,0.0005729193296138745
4712.094952526758,11199.53,0.004884766,6504.379,0.005359375,0.0006016638939576977
5884.646106871662,11527.02,0.004826172,5698.782,0.0053125,0.0006667686555652129
4933.489608367402,11244.39,0.004914063,6308.267,0.00540625,0.0004768123649308509
5353.39306850781,11322.58,0.004867188,5955.779,0.005341797,0.0003664373153526837
6428.754046213808,11835.93,0.004960938,5282.846,0.005408203,0.0005566931234277121
5394.008422151806,11437.94,0.004669922,6051.912,0.005181641,0.0018130214505383568
5539.679909935815,11430.25,0.00491211,5903.226,0.005419922,0.0005831546061157445
4734.633897460274,11163.64,0.004671875,6487.716,0.005222656,0.0018380924199882796
5833.484274500797,11484.72,0.004826172,5669.301,0.005355469,0.0006520967907381968
4742.115997483302,11159.15,0.004837891,6472.976,0.005359375,0.000527207167944405
5615.06393345923,11406.54,0.004931641,5811.579,0.005427734,0.00047855808539359977
5796.369756809767,11479.6,0.004947266,5682.119,0.005431641,0.00046758303301527735
5335.261566528837,11414.87,0.004947266,6094.852,0.005472656,0.0004904088114352535
5683.234430117568,11471.91,0.004841797,5814.783,0.005363281,0.0006277240891753997
5862.738727511909,11525.74,0.004958984,5648.152,0.005515625,0.0004777394528557653
5589.112951221241,11452.04,0.004712891,5851.955,0.005253906,0.001688602374528382
6074.176415245864,11522.54,0.004957031,5418.073,0.005453125,0.000611240302984095
5743.316350619722,11508.44,0.004933594,5746.849,0.005470703,0.0005047015698271267
5195.331600418701,11328.35,0.004710938,6099.979,0.0051875,0.0017791757688548524
5786.030773597203,11419.35,0.004730469,5578.295,0.005253906,0.0016752237467573454
5809.060934196681,11507.8,0.004839844,5734.031,0.005382813,0.0006517857956843427
6080.260013340012,11528.95,0.004773438,5455.245,0.005310547,0.0016753185437708125
5341.047755914455,11393.08,0.004867188,6048.066,0.005384766,0.0003845239397664028
5560.6655265346735,11368.08,0.004917969,5789.147,0.005373047,0.0005403575133664218
5559.274425325461,11407.18,0.004882812,5867.336,0.005375,0.0004007173987653716
6286.677548261697,11668.66,0.00494336,5322.581,0.005458985,0.000517419537094624
5554.74456633798,11418.71,0.00491211,5827.601,0.005439453,0.0005005174246260986
4902.295996591233,11159.15,0.004871094,6302.5,0.00534961,0.0005378916903796033
5346.339258914603,11355.91,0.004867188,6006.409,0.005341797,0.0005462192654252856
5236.671537017186,11346.29,0.004683594,6148.045,0.005191407,0.0017962101429158416
5069.148392270026,11257.21,0.004900391,6178.808,0.005414063,0.0005648927694566121
5178.693027324868,11320.66,0.004882812,6139.073,0.005359375,0.0005601610260795441
5422.329413460844,11413.59,0.0048125,5975.646,0.005353516,0.0006510152894606343
5938.342799354166,11505.23,0.004929688,5541.124,0.005417969,0.0005108348959120706
5269.9826392797395,11377.06,0.004931641,6058.32,0.005429688,0.0005749428926641281
5014.79656790904,11277.72,0.004886719,6283.914,0.005371094,0.00046105479506266975
5591.8459984059045,11417.43,0.004916016,5826.319,0.005490235,0.00048682128325499305
5499.918069482983,11396.28,0.00488086,5881.436,0.005371094,0.0005437771292178823
4786.078530399663,11143.13,0.004929688,6343.516,0.005435547,0.0004526849739926182
5471.765953837496,11310.4,0.004894531,5883.358,0.005404297,0.0004064982594768462
6363.388307086157,11691.73,0.004882812,5343.089,0.005394531,0.00042187390550762214
5711.900136124314,11476.39,0.004951172,5770.562,0.005460938,0.0004764949918944249
5035.794204700538,11271.95,0.004869141,6185.217,0.005361328,0.0005302160718301754
5269.808312935482,11378.34,0.004884766,6065.371,0.005353516,0.000587426107035294
5695.155031488223,11455.24,0.004945313,5775.048,0.005439453,0.000575251761830196
4735.774290443804,11123.26,0.004810547,6343.516,0.005357422,0.00047559529715672033
5142.5125022618195,11309.12,0.004769532,6134.586,0.005298828,0.0007219919722640609
5711.833657564215,11494.98,0.004728516,5790.429,0.005240235,0.0016785454789098192
4869.7332330098125,11262.34,0.00471875,6369.151,0.005240235,0.0005207359758956562
5626.026454371071,11446.91,0.004882812,5805.811,0.005376953,0.0005286068222284365
5906.498650686432,11517.41,0.004941407,5573.809,0.005453125,0.00042941549436177997
4625.455665300316,11144.41,0.004886719,6551.805,0.005378907,0.0003918722115736785
5423.489113725288,11392.44,0.004857422,5980.132,0.005375,0.0006153308522760054
5778.573188241511,11507.16,0.004714844,5789.147,0.005207031,0.001757975402154025
6043.979120623959,11533.43,0.004910157,5479.598,0.0054375,0.000539934032183166
5001.309084280274,11300.79,0.004765625,6308.267,0.005263672,0.000496872635132026
5386.465419352763,11384.11,0.00497461,5987.823,0.005511719,0.0005253555610374068
6284.822160270523,11642.38,0.004808594,5338.603,0.005330078,0.0006810851425975593
5828.372251671976,11505.88,0.004927734,5677.633,0.005453125,0.0005020606815449966
5620.9020172468445,11403.33,0.004929688,5767.357,0.005417969,0.0005257234273041137
5177.542210136319,11320.66,0.004794922,6151.89,0.005324219,0.0006633084989748814
5835.584309630925,11517.41,0.004927734,5678.915,0.005441406,0.0005467820246106332
4316.278994457441,10936.13,0.004867188,6733.817,0.005373047,0.0004931241040722399
5550.720250866291,11405.25,0.004886719,5853.236,0.005359375,0.0005588334368820507
5569.532075768623,11487.29,0.004945313,5919.248,0.0054375,0.0004964153334735542
5470.221232489902,11310.4,0.004882812,5824.396,0.005390625,0.0003968745333700403
5360.087908740001,11396.28,0.004947266,6028.84,0.00546875,0.0005494589211541889
5401.535394561384,11453.96,0.004896485,6033.326,0.005388672,0.0005842341419745632
5268.044064128127,11380.26,0.004886719,6116.642,0.005355469,0.0005991743589000843
5194.427615852426,11318.09,0.004683594,6107.669,0.005175781,0.0017199431326287607
5253.2611395206395,11368.08,0.004826172,6130.1,0.005384766,0.0007223160954070447
5269.027693799145,11324.5,0.004669922,6064.729,0.005144531,0.0018430516755511982
5796.713386070969,11435.38,0.004947266,5653.279,0.005484375,0.0005527930316790449
5158.04837397509,11318.74,0.004810547,6158.94,0.00534375,0.0006484536465660366
5687.343194598858,11450.12,0.004929688,5768.639,0.005404297,0.0005512715669510798
6078.436928799949,11516.13,0.004958984,5418.073,0.005466797,0.00042767240137766183
5557.308901235384,11377.7,0.004871094,5778.894,0.005330078,0.0005341521340961436
5607.958877464858,11401.41,0.004931641,5787.225,0.00540625,0.0005201840989245333
5052.164702564351,11301.43,0.00475,6222.388,0.005285156,0.0016757142954531808
5388.350519667239,11398.85,0.004810547,6002.563,0.005361328,0.0006539856632585846
5544.2889746275905,11388.59,0.004960938,5853.236,0.00547461,0.0005972570551893041
5834.035230713972,11468.7,0.00497461,5681.478,0.005445313,0.0005008551928770199
5551.625833891794,11424.48,0.004914063,5878.872,0.0054375,0.0005908570688571975
5440.8537008613275,11411.02,0.004841797,5979.491,0.005371094,0.0004425714916082236
5268.796748415191,11377.06,0.004683594,6126.896,0.005175781,0.0017992086337156542
5550.794624559279,11382.82,0.004917969,5801.324,0.005419922,0.0005344831372943615
5137.565450291637,11294.38,0.004810547,6198.034,0.0053125,0.0006555839527048024
5900.601818835647,11507.16,0.00478125,5586.626,0.005355469,0.000759496051989552
5456.204521178857,11425.12,0.004882812,5993.591,0.005363281,0.0005589519261802445
5185.139766634268,11302.07,0.004884766,6155.095,0.005355469,0.0005325203009172045
4869.359640863542,11179.66,0.004716797,6323.008,0.005185547,0.0019057170860078624
5780.686666168615,11407.82,0.004728516,5627.003,0.005205079,0.0017730734934271984
5591.51905952097,11422.56,0.004945313,5812.22,0.005466797,0.0004883969211527338
5439.383408437913,11343.73,0.004927734,5905.148,0.005435547,0.0006072141516960517
5864.857914102796,11509.72,0.004958984,5621.234,0.005486328,0.00046664309872905085
5493.365299787209,11377.06,0.004884766,5834.65,0.005363281,0.0004187404298069438
4765.2004380094495,11208.5,0.004777344,6565.905,0.005271485,0.0006005192673610425
5961.424074727699,11519.97,0.00491211,5562.914,0.005431641,0.0005940741982891675
5278.368430640756,11430.25,0.004826172,6124.973,0.005300782,0.0006430035257708281
5083.896854426533,11347.58,0.004931641,6265.969,0.005384766,0.0005664269853366303
5636.005951002651,11348.86,0.00491211,5757.744,0.005371094,0.0006136045547138845
4973.000148172542,11366.8,0.004916016,6338.389,0.005384766,0.0004497822734601696
6054.206457808745,11549.46,0.004955078,5503.952,0.005472656,0.0002878873357754376
5023.582794264494,11297.59,0.004902344,6303.14,0.00538086,0.000555006085774077
5177.228186902575,11333.48,0.004900391,6146.123,0.005386719,0.000533495441987613
5706.9541479902355,11370.65,0.00491211,5702.627,0.005404297,0.0006188105704230384
5950.730101216565,11493.06,0.004757813,5537.278,0.005304688,0.001698132497533293
5298.05063602395,11387.31,0.004957031,6054.475,0.00541211,0.0005710364594978458
5527.046081593884,11373.21,0.004857422,5864.772,0.005341797,0.000619362188648139
5611.954710009296,11382.18,0.004808594,5767.357,0.005326172,0.00062621047769255
5317.64612822396,11458.45,0.004839844,6116.0,0.005408203,0.0004179568714797046
5223.605736130332,11368.72,0.004697266,6119.205,0.005207031,0.0017256137761261817
5887.113049326015,11499.47,0.004910157,5632.771,0.005390625,0.00044248120236309573
5057.497351037355,11285.41,0.004794922,6234.565,0.005365235,0.00066154481461963
6137.964355528381,11592.39,0.004958984,5450.758,0.005498047,0.0003817531230746801
5976.202414057667,11546.25,0.004949219,5549.455,0.005486328,0.0005014611915338915
5651.298347295327,11469.34,0.004564453,5801.965,0.005125,0.0017895503116050187
5462.869429933352,11414.87,0.004699219,5955.138,0.005189453,0.0017845006759676914
5510.667035230623,11423.84,0.004871094,5920.53,0.005361328,0.0006109565565459148
5842.214115776976,11516.77,0.004898438,5660.97,0.005390625,0.0005244844794515479
5870.992769424366,11464.22,0.004828125,5572.527,0.005378907,0.0006784907290584994
4797.117587568411,11229.65,0.004716797,6505.661,0.005216797,0.0018898367083116856
4938.140349704184,11250.8,0.004708984,6265.969,0.005222656,0.000754766190685209
5916.314746492161,11526.38,0.004958984,5602.649,0.005453125,0.00040862079833035034
5678.878460554495,11444.99,0.004927734,5769.921,0.005398438,0.0005859006309451137
5353.6288532084145,11328.35,0.004734375,5973.083,0.005240235,0.0005190129122617969
5139.041781203014,11299.51,0.004712891,6154.454,0.005238282,0.0017229831989120253
6037.900587496449,11549.46,0.004794922,5472.548,0.005361328,0.0006140224585668257
5581.39339818872,11413.59,0.00494336,5817.987,0.005462891,0.0006284668409235388
5560.1272858428365,11426.4,0.004929688,5885.921,0.005402344,0.0005696635734863346
5258.502262029635,11403.97,0.004882812,6137.15,0.005359375,0.0005191798394100437
5493.118446751733,11366.16,0.004914063,5832.087,0.005441406,0.0005699590476787521
5328.617938006071,11280.92,0.004857422,5964.751,0.00534375,0.0004150926203110829
5552.85298392884,11422.56,0.004853516,5851.313,0.00534375,0.0004287034130127897
5779.638589400204,11440.5,0.004914063,5696.859,0.00540625,0.0005323355460529662
5426.276124578669,11471.91,0.004960938,5941.679,0.005462891,0.000427184568480733
5335.221485556325,11425.76,0.004898438,6065.371,0.005416016,0.0005942879200273746
5456.692106717864,11454.6,0.004835938,5996.154,0.005345704,0.00048252171242638966
5321.273577730745,11413.59,0.004841797,6053.834,0.005345704,0.00046683187880127125
4742.444460817292,11114.93,0.004917969,6382.61,0.005431641,0.0005664835631364845
5930.858270644602,11486.65,0.004945313,5539.201,0.005425781,0.0005245438643261056
5799.214096041624,11390.51,0.004931641,5541.764,0.005427734,0.0005386699513469838
5598.706253899212,11387.31,0.00491211,5786.584,0.005433594,0.000522226199733471
5774.761821712339,11449.48,0.004783203,5684.042,0.0053125,0.0006445111505483394
5614.0091905575855,11438.58,0.004550782,5798.761,0.005091797,0.0017790961744762917
5127.2233469726025,11336.68,0.004945313,6235.847,0.005449219,0.000518437478027676
5478.072535674776,11336.04,0.004732422,5896.817,0.005248047,0.0016498427510077188
5090.382713192026,11286.05,0.004929688,6185.858,0.0054375,0.0005655338764276228
5702.434586934121,11491.13,0.004900391,5837.214,0.005414063,0.0005960513419836702
5466.8939229310945,11382.18,0.004927734,5935.271,0.005429688,0.0005857734247748334
5097.049480366025,11279.0,0.004853516,6196.752,0.005283203,0.0004924706188965657
5315.812509502264,11338.6,0.004927734,6021.79,0.005435547,0.0005143325866214393
5660.899661289213,11382.18,0.004931641,5735.954,0.005396485,0.0005016096615818905
5225.546826966223,11266.82,0.004914063,6119.205,0.005435547,0.0005407121020250762
5761.728603656292,11467.42,0.004701172,5723.136,0.00521875,0.0018633772152435904
5691.982910052579,11461.65,0.004910157,5767.357,0.005373047,0.0005304389610236166
4906.364528749028,11244.39,0.004855469,6314.676,0.005345704,0.0003354860346766008
6188.506837606201,11616.75,0.004958984,5402.691,0.005517578,0.000463338467101101
5551.516273745803,11395.0,0.004714844,5851.313,0.005232422,0.0016754899425428203
5628.646888027897,11430.25,0.004931641,5793.633,0.005451172,0.000498914381254302
5587.888369901655,11452.04,0.004925781,5851.955,0.005417969,0.0003662437151143292
6209.205114668257,11584.06,0.004970703,5425.764,0.005470703,0.000388231483863927
5522.656023694002,11421.92,0.004927734,5883.358,0.005402344,0.0005926279637456999
5552.119085402307,11447.55,0.004925781,5897.458,0.005402344,0.0004263035105218725
6134.742036963167,11575.73,0.00494336,5451.399,0.005453125,0.0005216272435440867
4883.355683389586,11173.89,0.004796875,6298.654,0.00528125,0.0006747878188152183
5294.134512813666,11414.23,0.004949219,6070.498,0.005439453,0.00043096595644973685
4417.064350584409,11132.88,0.004738281,6612.049,0.005300782,0.0006497227286080077
5004.338151198941,11277.72,0.004757813,6267.25,0.005300782,0.000724347324457723
5584.514283979356,11455.88,0.004960938,5851.955,0.0054375,0.00045914911480257083
5390.891513522084,11312.33,0.004884766,5946.165,0.005376953,0.0005740543945877712
4776.447552124863,11255.93,0.004917969,6428.113,0.00540625,0.0005789928151103731
5476.731905479846,11420.64,0.00478125,5960.906,0.005345704,0.0006543531938067253
4784.502064493589,11296.94,0.00494336,6517.838,0.0054375,0.0005320684627726189
5074.467358645532,11380.26,0.004884766,6273.659,0.005371094,0.0005312813082699691
5569.732795747347,11419.35,0.004960938,5848.109,0.005451172,0.0005215856932960964
4804.161996729704,11231.57,0.004900391,6368.511,0.005390625,0.0005621163652986974
5039.849366615346,11331.55,0.004898438,6280.068,0.005416016,0.0005455977291048014
4902.219778027788,11240.55,0.0046875,6356.975,0.005234375,0.0018373049956739616
5727.7713166109415,11451.4,0.00497461,5747.49,0.005511719,0.0005503824547043425
5483.098662408131,11385.39,0.004914063,5902.584,0.005433594,0.0004206790944442877
5903.520545306754,11530.23,0.004898438,5618.03,0.005455079,0.0005513680576623844
5716.982368333247,11456.53,0.004960938,5725.699,0.005451172,0.0004826709538809051
6251.975439792866,11571.25,0.00478125,5353.984,0.005332031,0.0007206497115391366
5738.348090937371,11458.45,0.004988282,5749.413,0.005511719,0.0004237020313988707
5746.89877974656,11470.63,0.004582032,5691.732,0.005164063,0.001744052996257968
5012.351855860229,11314.25,0.004916016,6310.19,0.005416016,0.0005042961761243101
4435.730844856753,11057.25,0.004765625,6549.242,0.00534375,0.0006688746534055187
5566.564301740579,11421.28,0.004947266,5839.777,0.0055,0.000559566380369171
5415.660533328199,11357.19,0.004826172,5916.043,0.005361328,0.0006290277074330562
5851.340659618501,11471.91,0.004882812,5653.92,0.005375,0.0005323245977834647
5187.751003511839,11343.73,0.004792969,6179.449,0.005464844,0.000635605172274152
4896.850480377989,11228.37,0.004707031,6233.284,0.005158203,0.0005402564057884837
5422.617626094851,11395.0,0.004898438,5981.414,0.005371094,0.000517685980273966
5510.031941971757,11436.66,0.004703125,5917.966,0.005226563,0.0017852341774839441
5149.735451897565,11348.22,0.004882812,6216.621,0.005404297,0.00048481415199946984
5949.677144992515,11523.18,0.00488086,5589.19,0.0054375,0.0003546018414943702
4950.0535872059545,11258.49,0.004896485,6307.626,0.005386719,0.0006189233418636396
4893.203080171559,11229.65,0.004919922,6383.251,0.005398438,0.0005913725995496217
6017.751085754082,11507.16,0.004914063,5494.979,0.005408203,0.0004901855599443765
4770.306423964093,11234.78,0.004714844,6505.02,0.005220703,0.0017315248262700985
4682.6324868469355,11175.18,0.004685547,6555.65,0.005142578,0.0018437365574882783
5990.941879356304,11523.82,0.004773438,5507.156,0.005283203,0.0017715374362530195
5626.5195435296255,11380.26,0.004945313,5805.811,0.005419922,0.00048678308025603805
6443.834574776177,11679.55,0.004941407,5194.403,0.00550586,0.000601289898085914
5258.852133887951,11389.23,0.004869141,6145.481,0.005376953,0.0004657860673945308
5278.819261927811,11307.2,0.004917969,6064.089,0.005410157,0.0005383113369557451
5072.37258618107,11380.26,0.004685547,6296.731,0.005207031,0.0018013931006300526
5327.085910784045,11400.13,0.004929688,6071.138,0.005455079,0.0005008909244940564
5167.60002959367,11388.59,0.004929688,6224.311,0.0054375,0.0005892360687197298
5722.411493003037,11457.17,0.00494336,5728.904,0.005414063,0.0003238412508560197
5173.1095433931,11379.62,0.004900391,6176.244,0.005396485,0.000545849152941203
5762.79476970384,11473.19,0.004826172,5703.269,0.005298828,0.0007504298909712854
5365.578400084459,11310.4,0.004683594,5941.038,0.00515625,0.0019542095242640408
4755.075612082843,11205.3,0.004927734,6385.174,0.005439453,0.0005415142575183857
5014.029238049545,11394.36,0.004779297,6328.776,0.005330078,0.0007156994112488765
5623.072532000946,11491.77,0.004884766,5852.595,0.005392578,0.0006185000617763698
5707.613943429624,11500.75,0.004734375,5800.042,0.005314454,0.000518459277690379
5601.823800525432,11425.12,0.004914063,5808.374,0.005419922,0.0006007458311588581
4987.022853466643,11246.32,0.004917969,6258.278,0.005400391,0.0005135672962579572
5631.1842053271,11439.22,0.004941407,5826.96,0.00546875,0.0005214832803416174
4898.9403757460395,11259.13,0.004822266,6360.82,0.005326172,0.0004621071040453801
5833.584833626937,11484.72,0.004523438,5664.174,0.005107422,0.0018931955844556467
6016.794836503051,11546.89,0.004960938,5511.001,0.005484375,0.00043894975361296977
5452.175555031971,11346.93,0.004898438,5892.972,0.005417969,0.0004344936609770202
5108.573676107046,11295.66,0.004763672,6210.211,0.005267578,0.0006675279366121482
5363.12733661431,11406.54,0.004914063,6064.729,0.00540625,0.0005693534836442582
5524.103520303531,11390.51,0.004939453,5857.082,0.005429688,0.0005461098690116476
5521.123185363446,11397.56,0.004884766,5849.391,0.005359375,0.0006094869325254304
5147.713088045453,11336.04,0.004884766,6197.394,0.005373047,0.0005792070488156346
5513.978619430866,11423.84,0.004914063,5906.43,0.005404297,0.0005592784245153213
5342.723427160731,11398.85,0.004826172,6060.244,0.005316406,0.0006291427908469297
5113.313381693039,11345.65,0.004716797,6247.383,0.005189453,0.0017366565089417666
5089.876665958581,11257.21,0.004853516,6178.167,0.005292969,0.00038427243733044693
5233.863130884044,11345.01,0.004746094,6139.714,0.005253906,0.0007122700518147723
5156.3235451413875,11343.09,0.004929688,6192.267,0.005464844,0.0004608756312888588
4807.789382302549,11229.65,0.004751953,6315.958,0.00534375,0.0006874594317202382
4848.439834855887,11293.74,0.004722657,6480.666,0.005189453,0.0005014721376488224
4822.24508362113,11185.43,0.004798828,6353.77,0.0053125,0.0006499730849967737
4643.851809418584,11163.64,0.004732422,6612.049,0.00525586,0.0005304396091893284
5707.791461591255,11427.04,0.004945313,5684.683,0.005464844,0.0004968548755493576
5214.124925539314,11391.8,0.004728516,6182.012,0.005230469,0.0017115129423740637
5526.906363211593,11412.3,0.004947266,5898.099,0.005470703,0.0005478602913311153
5358.21999385995,11383.46,0.004888672,6018.585,0.005357422,0.0005610052356434583
5851.02955294129,11472.55,0.004960938,5593.677,0.005451172,0.000528575828286865
5239.581916378708,11373.21,0.004871094,6108.31,0.005392578,0.0006106165453067893
5037.0387097876755,11311.69,0.004767579,6264.687,0.005267578,0.0005966943984288839
5192.394639351774,11304.63,0.004826172,6117.282,0.005394531,0.0006191500416341282
5141.873212770168,11350.78,0.004765625,6254.433,0.005333985,0.0004752449910904544
5329.331046906257,11416.15,0.004914063,6077.547,0.005449219,0.0006094323994511832
5091.531640853442,11331.55,0.004869141,6228.797,0.005314454,0.000602293334896198
5799.0336631912,11496.9,0.004902344,5688.528,0.005408203,0.0006028922751638764
5839.603074976253,11487.29,0.004958984,5664.174,0.005498047,0.000448690292279579
5278.589826928559,11361.67,0.004701172,6082.674,0.005191407,0.0018418721618027288
4849.257793428741,11239.91,0.004738281,6383.251,0.005271485,0.0007259333375359728
5378.035120557807,11386.67,0.004929688,6013.458,0.005451172,0.000468711388622623
5553.632652929941,11373.85,0.004929688,5796.838,0.005429688,0.0005885549119621969
5410.93896624204,11419.35,0.004882812,6017.304,0.00534375,0.0003872190527956707
5257.922501099931,11378.34,0.004945313,6127.537,0.005433594,0.0005283632775783767
5756.68251528873,11430.89,0.004728516,5677.633,0.00525586,0.001825626886628881
4735.696772508079,11180.3,0.004761719,6444.776,0.005300782,0.0006024151626516917
5181.316858952851,11325.79,0.004916016,6139.714,0.005451172,0.0005466978916727175
6032.441309767235,11546.89,0.004964844,5436.018,0.005498047,0.00046677243843141705
5891.90619904494,11543.69,0.004929688,5627.003,0.005425781,0.00044007379954959724
5678.558602595815,11457.81,0.004929688,5782.739,0.005435547,0.0005183073526745329
5151.43061,11366.16,0.004896485,6208.289,0.005376953,0.0005308023038904652
4645.376101108375,11290.54,0.004830078,6471.053,0.005384766,0.000584870800432568
5799.736414208504,11487.29,0.004865235,5681.478,0.00534375,0.0005731425086924889
5488.458018992928,11332.19,0.004933594,5828.883,0.005439453,0.0005282102339999778
5437.393415671297,11399.49,0.004941407,5951.934,0.005421875,0.0006157691120323777
5503.86251000792,11372.57,0.004898438,5884.64,0.005410157,0.0006010998254998299
5116.663356039969,11273.87,0.00494336,6154.454,0.005435547,0.0004949197924331958
5620.171121829725,11411.02,0.004744141,5778.252,0.005302735,0.0016847809659063248
4736.579164287752,11163.64,0.00478125,6433.881,0.0053125,0.0006521620400734107
5226.939818902405,11367.44,0.004777344,6153.172,0.005341797,0.0006402734952251007
5525.739716811366,11420.0,0.004933594,5887.203,0.005451172,0.00048029251009054343
5898.535016510698,11509.72,0.004882812,5653.279,0.005376953,0.0005997623715043572
5239.277644835896,11396.92,0.004914063,6193.548,0.005416016,0.0005123316585522242
5405.04105099391,11393.08,0.004958984,6024.354,0.005433594,0.0004052363294928989
5384.754477766105,11413.59,0.004935547,6066.011,0.005421875,0.0005108371067799882
5705.592649303458,11370.65,0.004914063,5693.655,0.005427734,0.0004823119135791615
5522.560061671326,11425.76,0.004914063,5897.458,0.005425781,0.00048679829955042644
4975.212866321279,11312.33,0.004855469,6333.903,0.005384766,0.0005543690329678049
5455.362553788552,11376.42,0.004900391,5937.834,0.005421875,0.0005566475820644492
5558.584760456823,11409.1,0.004794922,5871.181,0.005332031,0.0005816908186376277
5550.022423934199,11370.65,0.00491211,5835.932,0.005386719,0.0005871526760463544
6139.178437607657,11557.15,0.004810547,5438.582,0.005326172,0.0006245910995522428
4854.078608375308,11252.08,0.004658204,6538.987,0.005164063,0.0018423255461294183
5407.961844807215,11424.48,0.004900391,6008.331,0.005359375,0.0004828022782904195
5322.975410241151,11386.67,0.004900391,6051.912,0.005417969,0.0005086089049154293
5542.886964836284,11414.23,0.004947266,5859.004,0.005451172,0.00042417016227905215
5151.871217625017,11284.13,0.004722657,6116.642,0.005216797,0.0005668951455793941
6063.300192566822,11559.07,0.004914063,5516.77,0.005427734,0.0004963352161861322
5613.306167322533,11429.61,0.004853516,5837.214,0.005328125,0.00043261323259563935
5185.035509509739,11397.56,0.00494336,6245.46,0.005484375,0.0005216152925570091
5382.893099562353,11321.3,0.004884766,5955.779,0.005347657,0.0005485239768540947
4600.955091246667,11144.41,0.00478125,6573.595,0.005341797,0.0007421705781667206
5309.995299802787,11396.28,0.004914063,6093.57,0.005423828,0.0005116594192250821
5478.080098977429,11382.82,0.004783203,5914.762,0.005345704,0.0007103762317018556
5617.494124694871,11426.4,0.004914063,5807.733,0.005421875,0.0005852758534737007
5687.01072201331,11472.55,0.00494336,5779.534,0.005453125,0.0005363484518758051
5855.29815062148,11509.72,0.004929688,5643.666,0.005451172,0.000611810569947128
4754.924454263143,11287.33,0.004898438,6513.352,0.005392578,0.00044142581203991156
5504.384589591123,11433.45,0.004947266,5933.347,0.00544336,0.0005822761229004182
5936.891162028267,11508.44,0.004939453,5569.323,0.005451172,0.0006167612026478387
5624.425325495816,11457.17,0.004927734,5841.701,0.005451172,0.0005146138505762881
6064.35075283692,11550.1,0.004914063,5428.327,0.005453125,0.000502470007040665
5540.969482219231,11431.53,0.004794922,5909.635,0.005345704,0.0006454528094457131
5689.29887032202,11403.33,0.004794922,5731.468,0.0053125,0.0007043498577309654
5385.0141812244465,11409.74,0.004886719,6025.635,0.005359375,0.0003919665189917598
4962.248329475683,11312.33,0.004900391,6365.947,0.005373047,0.0005629135444352944
5293.415941933051,11318.09,0.004882812,5971.801,0.005359375,0.0005142510694553188
5936.387661498471,11506.52,0.004826172,5593.036,0.005378907,0.0006633023779694019
5702.462556820027,11468.06,0.004929688,5755.18,0.0054375,0.0005234832462093026
6019.0789759203435,11552.66,0.004927734,5521.897,0.005455079,0.00045326235725445536
5413.984851941954,11425.76,0.004925781,5981.414,0.00544336,0.00042617006312771006
5598.420677324667,11459.73,0.004916016,5851.955,0.005386719,0.0005891725778134182
5245.977798661881,11337.96,0.004712891,6082.034,0.005238282,0.0017462625067461613
5938.461819094081,11469.99,0.00494336,5535.355,0.005464844,0.0004660101559884233
5468.963878802504,11432.17,0.004916016,5915.402,0.005410157,0.0005528914718881526
5362.526096907522,11370.01,0.004783203,5998.077,0.005314454,0.0006469411044091131
5421.9706284599215,11461.65,0.004865235,6017.304,0.005363281,0.0005297251184000775
5974.138022434692,11486.01,0.004828125,5536.637,0.005273438,0.0006607613097526669
5027.7677120343515,11352.06,0.004900391,6331.339,0.005373047,0.00044606006281418633
5675.305578665146,11467.42,0.004898438,5774.407,0.005417969,0.0005546812029686422
5352.991288032178,11416.79,0.004929688,6069.216,0.005429688,0.000487588489629615
5237.420406797469,11391.8,0.004902344,6165.349,0.00540625,0.00038223981558094787
5743.12969266686,11465.5,0.004794922,5716.727,0.005302735,0.0006545603477295938
5151.181727263059,11316.81,0.004900391,6126.896,0.005390625,0.0005566024469365073
5332.117833997825,11344.37,0.004916016,6019.867,0.005447266,0.0004692700264088981
6499.1687729430405,11753.9,0.004957031,5284.127,0.005490235,0.0004058181431986281
4725.346141582541,11194.4,0.004779297,6436.445,0.005361328,0.00042757583131617743
4737.010270176219,11189.92,0.004855469,6411.45,0.00534375,0.000527073793561443
5322.730636374373,11343.73,0.004945313,6009.613,0.005470703,0.0005326025031341697
5220.766969676691,11341.17,0.004916016,6111.515,0.005404297,0.0004633322098525469
5498.207109615545,11444.99,0.004962891,5951.292,0.005478516,0.000505358278350396
5640.053551667336,11431.53,0.00488086,5789.147,0.00540625,0.0005801536240094473
5658.482910496184,11448.19,0.004869141,5816.706,0.005361328,0.0006290720960859001
5661.449526233915,11427.69,0.004884766,5759.025,0.005375,0.0005368750423367617
5773.479640802084,11520.61,0.00494336,5769.28,0.005482422,0.000553749625804198
5904.199421178449,11505.88,0.004699219,5568.041,0.005208984,0.0019092730176293528
5627.292373808025,11479.6,0.004916016,5875.027,0.00540625,0.000604272985052277
5166.016512497461,11294.38,0.004777344,6123.691,0.005359375,0.0006823305592615707
5806.366728887457,11500.75,0.004783203,5703.909,0.0053125,0.0007043945265472771
4554.0542190214655,11178.38,0.0046875,6555.65,0.005175781,0.0018178320820623445
5871.22091117642,11512.28,0.004771485,5658.406,0.005328125,0.0006762616724152673
5377.930730271261,11308.48,0.004958984,6005.127,0.005451172,0.0004349328680975789
4603.025568963396,11211.07,0.004855469,6536.424,0.005345704,0.0005256891929145865
4587.96923916767,11089.3,0.004751953,6612.049,0.005332031,0.0006908044516073527
5565.003653131835,11454.6,0.004730469,5897.458,0.005222656,0.001702926353575055
5332.862066989531,11356.55,0.004701172,6033.967,0.005173828,0.0017388709981238858
5143.721014084579,11351.42,0.004882812,6191.625,0.005357422,0.00044180241125042795
5343.037100225716,11438.58,0.004767579,6067.934,0.005300782,0.0006835480150212718
5334.267098971253,11340.53,0.004898438,5976.928,0.005417969,0.000404473448362789
5240.435588248146,11335.4,0.00475,6101.901,0.005271485,0.00046236214705684046
5665.934739834814,11434.1,0.004955078,5769.921,0.005458985,0.0004449771011788809
6062.076779894816,11552.66,0.004814453,5477.675,0.005384766,0.0006607414966096503
4919.269665564232,11303.99,0.004736328,6323.648,0.005285156,0.0007088511975041543
5867.0906062674085,11489.85,0.004826172,5596.24,0.005351563,0.0006654949976552811
5017.676874882988,11394.36,0.004900391,6335.185,0.005435547,0.0005711653355624618
5872.185638601882,11512.28,0.004955078,5720.572,0.005453125,0.00040531699277000777
5603.776764713959,11421.92,0.004757813,5807.733,0.005283203,0.0007246802843267282
5809.757416872698,11371.29,0.004929688,5634.693,0.005435547,0.0005507773557717653
5969.817396639325,11489.21,0.004898438,5512.283,0.005398438,0.0005959010622891052
5412.405338287276,11450.12,0.004814453,6055.116,0.005361328,0.0006985444035983462
5285.263216185995,11411.66,0.004837891,6121.127,0.005345704,0.00045261471277254525
5264.69216116147,11266.82,0.004791016,6035.89,0.005363281,0.00042400380388212243
4920.146755119438,11212.35,0.004796875,6255.074,0.005332031,0.0006367844398598662
5467.239448069325,11360.39,0.00491211,5889.126,0.005416016,0.0005968794149717693
5475.57671623015,11410.38,0.004767579,5917.325,0.005330078,0.0007358416238178269
5087.163669728254,11405.25,0.00472461,6194.83,0.005244141,0.0005352001837475031
4927.905688950013,11314.89,0.004689453,6389.02,0.005173828,0.001924751911352648
5125.557892970798,11339.24,0.004898438,6242.896,0.005369141,0.000480220306844148
5743.0232091270855,11507.16,0.004798828,5772.484,0.005394531,0.0006750437964852753
5280.97945395436,11362.96,0.004916016,6112.796,0.00540625,0.0005972508302719888
5106.101280631814,11330.27,0.004779297,6175.604,0.005330078,0.0006386295245843481
4937.040943066613,11274.51,0.004767579,6494.125,0.0053125,0.0006755414272214739
5429.686180030764,11450.12,0.004900391,6030.763,0.005373047,0.0005682978694613039
5622.718753329121,11447.55,0.004916016,5826.96,0.005451172,0.000616020739304166
5866.669700508475,11479.6,0.004917969,5564.836,0.005525391,0.0005599772458127198
5413.897741824273,11405.25,0.004882812,5985.9,0.005359375,0.0005582966015329192
5730.521229657769,11481.52,0.004806641,5741.722,0.005318359,0.0006692603036745732
4884.039575787667,11195.04,0.00478125,6324.93,0.005328125,0.00067060998258197
6145.619295107377,11601.37,0.004970703,5421.277,0.005462891,0.0004632548210644423
5010.91680946569,11303.35,0.004945313,6283.914,0.005466797,0.0004452103521949726
5711.207781653567,11437.3,0.00494336,5714.163,0.005433594,0.00046538368013140176
4301.779005292702,11113.01,0.004837891,6633.198,0.005292969,0.0005181207007197125
5788.006257509987,11452.04,0.00491211,5682.119,0.005400391,0.0005184678994444143
5427.904609091602,11449.48,0.004824219,6054.475,0.005347657,0.0006369277941359443
5702.305827955162,11412.95,0.004957031,5663.533,0.005449219,0.00046171907125306283
5328.377877495611,11270.03,0.00494336,5996.795,0.005449219,0.0004541888011954489
5737.623927110121,11438.58,0.004914063,5712.241,0.005410157,0.0005403344438478674
5538.469757976842,11428.97,0.004871094,5889.126,0.005363281,0.0004211670051217164
5097.249006317306,11364.88,0.004931641,6299.295,0.005402344,0.0004916413443920318
5409.861638946519,11449.48,0.004916016,6054.475,0.005392578,0.0005064912774677623
5869.903413988278,11487.29,0.004900391,5605.212,0.0054375,0.0005323037880415379
4795.393519668764,11186.07,0.004669922,6395.428,0.005121094,0.0017767514230240464
5438.456233158695,11355.91,0.004929688,5911.557,0.005423828,0.0005291707753902158
4963.467921266651,11314.25,0.004841797,6371.715,0.005326172,0.0005792110744656424
6408.976814256237,11726.98,0.004976563,5182.867,0.005472656,0.00045125420390680745
5617.660594498255,11447.55,0.004914063,5849.391,0.005433594,0.0005444313998293392
5321.357725946835,11357.83,0.004916016,6042.298,0.005402344,0.0005909135269353392
5664.925171414973,11456.53,0.004714844,5838.496,0.005238282,0.001739152498362443
5201.614654650939,11297.59,0.004806641,6080.752,0.005298828,0.0006514745996871981
5696.946118393968,11482.16,0.004914063,5809.015,0.005419922,0.0005927241373751514
5162.257334107291,11358.47,0.004896485,6202.521,0.005382813,0.0004069204190363541
5854.991798332723,11453.96,0.004945313,5600.085,0.005433594,0.0004749428267801443
5895.70838722182,11438.58,0.004945313,5532.151,0.005462891,0.0004999695644518972
5307.67792573067,11380.9,0.004898438,6074.343,0.005373047,0.0006052602982119631
4352.866360352585,10913.05,0.004900391,6526.169,0.00540625,0.00042406058196142504
5367.613791387612,11343.09,0.004914063,5991.027,0.005421875,0.000606533018471499
4742.00804519315,11237.34,0.004916016,6507.583,0.005400391,0.0005150463221405674
5426.9579708876845,11416.79,0.004914063,5994.873,0.005449219,0.0005321569311025124
6274.565764249783,11642.38,0.004955078,5311.686,0.005484375,0.0005359449068994302
5722.702689011284,11457.17,0.004900391,5754.54,0.005376953,0.0005423885754335295
4986.127481862322,11290.54,0.004947266,6296.091,0.005433594,0.0005618337361745928
5557.184103099933,11425.76,0.004939453,5909.635,0.005451172,0.0005191957207674008
5906.515669305492,11482.8,0.004910157,5556.505,0.005392578,0.0005872399700310768
5640.1391982040805,11437.94,0.004855469,5771.843,0.005330078,0.0006199373982780452
5535.589772129993,11464.86,0.004841797,5915.402,0.005363281,0.0004872636433282578
5041.664083920796,11345.01,0.004548828,6310.831,0.005140625,0.0017959951889557093
5025.3636040169595,11302.71,0.004683594,6265.969,0.00521875,0.0019883515116452576
5847.64894782011,11496.26,0.004933594,5606.495,0.005439453,0.0005348464779961438
4862.982332928973,11314.25,0.004916016,6430.677,0.005388672,0.0005532461566463783
5249.3023672065265,11281.56,0.004822266,6062.807,0.005310547,0.0005980426975184224
5640.559727870318,11425.12,0.004882812,5817.347,0.005376953,0.0006150744767753683
5099.662645801178,11395.0,0.004929688,6270.455,0.005402344,0.0005231578546543685
5328.313810864521,11356.55,0.004914063,5996.154,0.005416016,0.0005830020936652368
5399.428312751191,11418.07,0.004898438,6016.022,0.005386719,0.000604570828702769
5926.674415241504,11507.8,0.004976563,5572.527,0.005464844,0.00048726780089646216
5917.475441660108,11555.22,0.004767579,5618.03,0.005308594,0.0007071463462879363
5802.042134298939,11470.63,0.004898438,5685.964,0.005408203,0.00048573507513293844
5372.851192558554,11434.74,0.004929688,6051.912,0.005390625,0.00047732503832439245
5168.140415334911,11351.42,0.004898438,6190.985,0.005382813,0.0005952260522815481
5391.483411732062,11378.34,0.004857422,5974.364,0.005345704,0.0004586995062322108
5617.176556136441,11426.4,0.004728516,5808.374,0.005238282,0.0017763651003166187
5186.531980167737,11327.71,0.004900391,6146.763,0.005390625,0.0005895929207916723
5474.947757354928,11398.21,0.004884766,5942.32,0.005371094,0.0005265851983227558
5563.889763733759,11403.33,0.004882812,5857.723,0.005363281,0.0005087641943923514
5710.1264124956615,11449.48,0.004931641,5739.158,0.005404297,0.0004912731042699386
5583.387424148399,11437.94,0.004732422,5822.474,0.005201172,0.0018558481493796872
5678.176963770944,11483.44,0.004927734,5840.418,0.005439453,0.0006050650364938482
5437.611925306767,11439.86,0.004900391,5980.132,0.005408203,0.0005264240479684496
5509.3583501191115,11425.12,0.004683594,5922.453,0.005210938,0.0017400296133764403
6193.705039236175,11587.91,0.004972656,5423.841,0.005501953,0.0004925887809667752
5513.060826820926,11392.44,0.004929688,5852.595,0.005419922,0.000444134558139551
5449.959737723087,11411.66,0.004791016,5966.033,0.005357422,0.0006618018965492361
4847.665606239764,11312.33,0.004761719,6462.721,0.005347657,0.000626558032463752
5097.297183146749,11325.14,0.004869141,6209.57,0.005345704,0.0005964103269508897
5088.600854045935,11299.51,0.004826172,6225.593,0.005285156,0.0006135064551820302
5061.975278415388,11388.59,0.004884766,6326.854,0.00540625,0.0005582915795459067
5745.923011517423,11491.77,0.005,5760.307,0.005464844,0.0004831895415356772
5544.29192426317,11387.31,0.004898438,5824.396,0.005398438,0.00042824792622304377
5400.68622373169,11353.98,0.004822266,6012.177,0.00534375,0.0004472852891620262
5369.599046598401,11432.81,0.004666016,6044.221,0.005160157,0.0017167033592784201
5059.751218946135,11335.4,0.004779297,6246.101,0.005388672,0.0006070287648931511
5599.308279060456,11482.8,0.004564453,5841.701,0.005169922,0.0018157496702494616
5128.384419451507,11323.22,0.004896485,6195.471,0.005417969,0.0005908768301475086
5253.487776677014,11384.75,0.004960938,6175.604,0.00546875,0.00047290415374735167
5427.820049400713,11475.11,0.004871094,6005.768,0.005330078,0.0006084541179374557
5614.172827467397,11414.23,0.004916016,5778.252,0.005451172,0.0005754470949324939
5593.81713850683,11417.43,0.004929688,5826.319,0.005466797,0.0005735151885164223
5199.88458623436,11405.9,0.004867188,6216.621,0.005361328,0.0005308051219857274
4736.301535090165,11209.78,0.004857422,6506.943,0.005326172,0.0005891164998134329
5427.356850749392,11383.46,0.004898438,5968.597,0.005419922,0.00036533947275838437
5883.214779922161,11468.06,0.004927734,5590.472,0.005466797,0.00047224916504459626
5749.65197853471,11499.47,0.004945313,5772.484,0.005453125,0.0005074458423101078
5237.289312488383,11290.54,0.00494336,6059.602,0.005451172,0.00042658223442531553
5532.94091553606,11450.12,0.004539063,5920.53,0.005056641,0.001825529360155527
4926.643576379493,11239.91,0.004708984,6328.135,0.005232422,0.0007398715250633145
5676.664561200392,11491.77,0.004896485,5809.656,0.005375,0.0006048741923010533
5338.117861642864,11392.44,0.004837891,6041.657,0.005347657,0.0005513847634441604
4730.930782995559,11143.77,0.00478125,6389.02,0.005361328,0.0006655403728224126
5296.505117610994,11388.59,0.004882812,6077.547,0.005373047,0.0003818505968309667
5674.784157061343,11480.88,0.00494336,5788.506,0.005449219,0.0005847184854945621
5249.878544765412,11355.91,0.004882812,6119.846,0.005353516,0.00042023559188936573
4643.315629618606,11206.58,0.004738281,6533.86,0.005283203,0.0004769642737203985
5421.645537364639,11394.36,0.004927734,5981.414,0.005419922,0.0005355391724485961
5657.513141681818,11436.66,0.004970703,5809.015,0.005478516,0.0004924724498760747
5472.816603781231,11430.25,0.00478125,6024.994,0.005283203,0.0017069830118273332
5000.154459228708,11259.13,0.004699219,6262.123,0.00521875,0.0018828375628824918
5821.234236624544,11486.01,0.004916016,5656.484,0.00540625,0.0005755042701527062
5145.9833484577575,11274.51,0.004716797,6099.979,0.005173828,0.0017131125976869025
5580.650417631996,11396.92,0.004947266,5785.302,0.0054375,0.0004825301361198492
6145.967555829145,11594.32,0.004763672,5420.637,0.0053125,0.0007113382417296077
5354.531478281466,11380.9,0.004898438,6006.409,0.005392578,0.0005859579513317235
5155.132229157924,11395.0,0.004914063,6214.057,0.005408203,0.0006174829023334932
5564.2580315942405,11478.32,0.004824219,5895.535,0.005367188,0.0006302449914337253
5675.969001686247,11395.0,0.004933594,5732.75,0.005423828,0.00048360224962869843
6256.736675886446,11642.38,0.004958984,5311.686,0.005625,0.0004962957583791621
5092.643667600738,11356.55,0.004929688,6265.328,0.005431641,0.0005776335236723588
5365.250429041604,11370.65,0.00488086,6012.177,0.005371094,0.0005992318544544895
5562.693763721525,11453.96,0.004927734,5882.076,0.005439453,0.0004943900548920299
5733.604737552699,11480.24,0.004728516,5744.926,0.005195313,0.0017661737420445799
5690.355347435578,11500.75,0.004896485,5831.446,0.005392578,0.0005324792758626954
5035.909905463281,11325.79,0.00478125,6269.814,0.005388672,0.0007136155795347687
5045.959118483482,11337.32,0.004765625,6280.068,0.005267578,0.0007053311525833286
5435.551776740789,11427.69,0.004765625,5968.597,0.005248047,0.0007753362071701702
5110.7122178479085,11369.37,0.004960938,6303.781,0.005466797,0.00044666433515932157
5864.028359080046,11484.08,0.004914063,5572.527,0.005455079,0.0005062362251795616
5055.930473644271,11286.69,0.0046875,6236.488,0.005169922,0.0019675704781066884
5496.130317218218,11430.89,0.004535156,5946.165,0.005125,0.0018030212923103475
5988.821689952378,11550.74,0.00491211,5523.819,0.005453125,0.0006433974170548094
5700.83804857874,11491.13,0.004701172,5786.584,0.005292969,0.001774915060770003
5484.568643814978,11419.35,0.004898438,5940.397,0.005373047,0.0004426140764296457
5156.267380610973,11303.99,0.004712891,6162.145,0.005232422,0.001719856153101259
5544.408610580505,11444.99,0.004917969,5901.944,0.00538086,0.0005439101371464054
5578.055858715204,11415.51,0.004810547,5843.623,0.005314454,0.0006467410923632165
5060.813765486565,11393.08,0.004957031,6333.903,0.005462891,0.0005144028743005395
5419.424011147162,11395.64,0.004744141,6001.923,0.00525586,0.0017567053827506605
5600.384174819488,11391.8,0.004945313,5787.225,0.005449219,0.00043901253416169
5664.070749220437,11388.59,0.004929688,5737.235,0.005433594,0.0004641916811757984
5373.970073455207,11370.65,0.004931641,6012.177,0.005441406,0.00048174693029434294
5547.481730533085,11400.77,0.004929688,5860.286,0.005453125,0.0005037394708618427
5309.476608996194,11373.85,0.004798828,6037.171,0.005330078,0.000655747006840916
5893.603993727383,11525.1,0.00494336,5660.97,0.005482422,0.0005662601010562827
5647.200874847437,11401.41,0.004914063,5755.821,0.005388672,0.00048592053647932275
5190.185747070129,11383.46,0.004714844,6217.261,0.005189453,0.0017408035356310597
6252.170795093998,11619.95,0.004744141,5425.123,0.00525,0.001717391733375611
5699.4278454058995,11368.72,0.004929688,5687.887,0.005439453,0.0004655315865797757
4985.524452897455,11280.28,0.004933594,6283.273,0.005429688,0.000496570059779512
6385.443277946368,11650.72,0.004916016,5267.464,0.005486328,0.0005218314137159988
4704.359334889302,11212.35,0.004707031,6496.688,0.00519336,0.0006946655802190301
5225.352684233267,11365.52,0.004796875,6121.127,0.005375,0.0006359620028355511
5419.595159472112,11341.81,0.0048125,5864.772,0.005332031,0.000669785000054075
5490.695451788073,11403.97,0.004767579,5927.58,0.005271485,0.0006608743779402237
5116.473804545778,11351.42,0.004902344,6255.714,0.005404297,0.0005398775612194205
5145.938724268594,11330.91,0.004931641,6185.217,0.0054375,0.0005723856581223843
5346.208520056489,11408.46,0.004945313,6065.371,0.005482422,0.0005639784585199687
5047.884629357544,11353.34,0.004685547,6330.699,0.005171875,0.0017569769012234953
5653.418988109911,11444.35,0.004832032,5789.147,0.005404297,0.0006771729626903412
5292.525485006113,11297.59,0.004900391,6007.69,0.005394531,0.0005331650393181333
4984.21882536783,11292.46,0.004916016,6319.163,0.005386719,0.0005242586137794941
5717.166471927124,11444.35,0.0046875,5672.506,0.005210938,0.0017843641452011914
5801.154815156765,11461.65,0.004902344,5693.014,0.005421875,0.0005387943656127885
6008.408212091524,11552.66,0.004916016,5556.505,0.005419922,0.0006440481986004892
5243.486396558528,11400.77,0.004728516,6173.04,0.005244141,0.0018833055359357132
5124.485552353062,11353.98,0.004867188,6214.697,0.005388672,0.00041509671477494485
5188.299933460163,11422.56,0.004900391,6198.675,0.005388672,0.0005646410172056967
5415.104009890847,11340.53,0.004808594,5920.53,0.005361328,0.000666411894131839
5884.77631646846,11499.47,0.004955078,5608.417,0.005451172,0.000412779668485005
5844.130103795973,11459.09,0.00491211,5559.068,0.005441406,0.00038935211296487816
5362.692813541174,11295.66,0.004896485,5928.22,0.005410157,0.00041047751363046864
5545.759452442683,11416.15,0.004929688,5874.386,0.0054375,0.0005487870184449927
6014.357147776774,11558.43,0.004972656,5523.819,0.005464844,0.00044815727964443106
4882.550283437965,11210.42,0.004806641,6323.648,0.005328125,0.0006884338679379387
5722.943260931088,11487.93,0.004925781,5748.131,0.005455079,0.0004609470695921456
5108.205912759329,11325.79,0.00478125,6191.625,0.005324219,0.0005876260768162118
5600.306982336588,11386.67,0.004886719,5799.402,0.005357422,0.0005250052129947869
5307.23741944104,11398.21,0.004898438,6110.233,0.005310547,0.0006053794333485887
5778.390045036481,11467.42,0.004523438,5685.964,0.005107422,0.001844570910053206
6031.389040997411,11543.05,0.004957031,5487.93,0.005464844,0.00047226178595317437
5841.139001791826,11537.92,0.004900391,5691.091,0.005388672,0.00055066926385427
5756.933749154998,11386.03,0.004898438,5610.98,0.005404297,0.0004848075470585785
4735.231308164439,11187.35,0.004753906,6452.467,0.005269532,0.0006264097529032873
6037.817752605124,11497.54,0.004748047,5512.283,0.005246094,0.0006886970838849531
4929.348225008689,11300.15,0.00478125,6365.947,0.005300782,0.0006365923409193923
5646.487363198683,11415.51,0.004898438,5773.766,0.005353516,0.00033456992214217854
5082.834597125519,11281.56,0.004779297,6194.189,0.0053125,0.0004576141004022065
5691.299116734152,11471.91,0.004914063,5773.766,0.005439453,0.0005303446343756322
5498.692444289141,11403.97,0.004927734,5918.607,0.005423828,0.0005319837446494751
5513.574652556886,11420.64,0.004886719,5915.402,0.005392578,0.0005274713164964153
4846.369136808555,11277.08,0.004714844,6490.28,0.00521875,0.0018858044810406787
5514.113232193465,11382.18,0.004925781,5820.551,0.005451172,0.0004275860801428652
5726.691663075888,11506.52,0.004925781,5765.435,0.005453125,0.0005393593190206015
5508.536567500851,11382.82,0.004896485,5880.154,0.005400391,0.0005451782491951382
5486.84738641459,11446.91,0.004914063,5982.696,0.005441406,0.0005999543857831755
6246.916899244373,11613.54,0.004925781,5371.929,0.005457032,0.0005786003342704648
5916.894208414767,11511.0,0.004539063,5581.5,0.005107422,0.0018586764616775379
5673.688573252942,11452.04,0.00491211,5783.379,0.005402344,0.0005372289949023027
5434.070488573765,11362.96,0.004929688,5933.347,0.005435547,0.0005598676988136729
5367.701726120416,11457.17,0.004916016,6044.221,0.005429688,0.000535719843838936
5599.927737020545,11455.88,0.004929688,5856.44,0.005451172,0.0005570407256290618
5430.69013565275,11382.82,0.004957031,5953.215,0.005451172,0.0006028319537560521
6037.706667443974,11553.3,0.004929688,5461.012,0.0054375,0.0005600311642297998
5311.264585189326,11430.89,0.004949219,6096.774,0.005451172,0.0004473414498634654
4720.9428636392095,11171.97,0.004751953,6408.246,0.005271485,0.0004898421193699321
4888.819079209355,11272.59,0.004929688,6385.814,0.0054375,0.00044936981462031725
5785.921848494255,11452.04,0.0049375,5672.506,0.005478516,0.0006130134855366261
5136.018549751786,11357.19,0.00491211,6191.625,0.005419922,0.000517126540278318
5902.164689295536,11477.03,0.004783203,5578.936,0.005285156,0.0006760147482824513
5409.61354357435,11397.56,0.004806641,6008.972,0.005332031,0.0006350280858543641
5332.5054275924895,11353.98,0.004916016,6065.371,0.005373047,0.0005866763588221318
5272.681090018205,11407.82,0.004855469,6095.492,0.005332031,0.0006111918468466196
5651.974712376862,11440.5,0.004945313,5780.816,0.005449219,0.0005102627404166946
6211.942599180872,11627.64,0.004957031,5327.067,0.005482422,0.0005652791198027104
4936.370897486788,11364.88,0.004794922,6412.091,0.005265625,0.0006249806703624034
5399.853172175044,11393.08,0.004728516,6026.276,0.00521875,0.0018416092069497422
5457.9116772183925,11410.38,0.004882812,5948.088,0.005363281,0.00033552810524856375
5594.962390260379,11427.69,0.004808594,5839.777,0.005310547,0.0006251110655317017
5760.927592468119,11442.43,0.00491211,5684.683,0.005433594,0.0004043183181151301
5388.690744404053,11403.97,0.004769532,6017.945,0.005316406,0.0006524655606760636
5593.0687924341255,11442.43,0.004925781,5852.595,0.005447266,0.0005923649410998926
4530.508252552953,11086.73,0.004871094,6540.269,0.005326172,0.00040394601609682046
5401.754676642506,11420.0,0.004886719,6007.05,0.005371094,0.0005588000290732023
5241.321908099697,11387.31,0.004728516,6145.481,0.005207031,0.0007248202057633727
5150.233995284197,11250.8,0.004888672,6149.968,0.005404297,0.000601282249424026
5597.654459626159,11379.62,0.004916016,5784.661,0.005416016,0.0006198154492310342
5774.413726075168,11471.91,0.004742188,5723.136,0.00522461,0.0017913932491136653
5626.9030638720105,11443.07,0.004896485,5846.828,0.005378907,0.0006015929619532393
4957.917010022647,11258.49,0.004705078,6267.892,0.005175781,0.000591394242872942
5460.697290539789,11428.97,0.004910157,5964.751,0.005419922,0.0006152284945425862
5580.302941639727,11453.32,0.004900391,5895.535,0.00540625,0.0004924859059069138
5070.141725437327,11287.33,0.004785156,6223.67,0.005359375,0.0006213280505039711
5733.410187196487,11469.99,0.004888672,5726.981,0.005394531,0.0005538196628664372
4956.257849029234,11250.8,0.004748047,6314.676,0.005222656,0.00048819685708350143
5470.86054096522,11443.07,0.004857422,5944.243,0.005396485,0.00062591937185297
5895.803183674087,11399.49,0.004929688,5524.46,0.005451172,0.0005233786321415347
5417.906801704488,11337.32,0.004884766,5951.292,0.005359375,0.0005540235565373337
5294.322035538431,11407.18,0.004703125,6212.134,0.00521875,0.0017947915796955424
4885.366755594134,11266.82,0.004900391,6368.511,0.005384766,0.0006269853542733928
5400.885057210865,11387.31,0.004898438,5961.546,0.005382813,0.00021281390084585251
4646.687286534935,11119.42,0.004792969,6511.429,0.005306641,0.0005349910832608636
5848.143325169079,11469.34,0.004945313,5583.422,0.005417969,0.0004889871574859314
5549.535759020244,11461.01,0.004929688,5923.093,0.005451172,0.0005772792265206307
5860.057059317564,11523.18,0.004894531,5648.793,0.005394531,0.0005712832500230502
5567.242991985805,11436.66,0.004865235,5864.131,0.005373047,0.0005640159651599877
5442.980972773546,11412.3,0.004976563,5950.01,0.005466797,0.000506812935155577
5503.764319985822,11473.83,0.004914063,5951.934,0.0054375,0.0006284820251748185
5478.002689792347,11395.64,0.004896485,5906.43,0.005410157,0.00054201673570567
4762.2418741647,11162.36,0.004853516,6320.444,0.005328125,0.00032368063029379433
5444.155480604193,11412.3,0.00497461,5971.801,0.005476563,0.0005495708002250305
5758.957214237223,11457.81,0.004857422,5700.705,0.005376953,0.0006435994432821616
5841.066430749584,11450.76,0.004914063,5628.925,0.005423828,0.0005916593115065664
6218.641354843031,11543.69,0.004728516,5397.564,0.005238282,0.0017154528371921833
5811.929028220432,11517.41,0.004929688,5705.832,0.005427734,0.0004945460575955762
5305.275350827515,11332.19,0.004898438,6053.834,0.00538086,0.0005641552906521718
5384.574403816463,11412.3,0.004824219,6026.276,0.005378907,0.0006355139611277843
5700.449921065249,11416.79,0.004925781,5694.937,0.005419922,0.0004943844641702564
5162.659824252416,11405.25,0.004683594,6238.411,0.005205079,0.0017362864556304451
5369.270123012065,11380.9,0.004960938,6027.558,0.005498047,0.00046336516069877604
5381.543154036945,11390.51,0.004839844,6014.74,0.005332031,0.0006131805180933517
5853.1319155212595,11506.52,0.004828125,5664.815,0.005347657,0.000657698075571969
5501.961260157565,11359.75,0.004916016,5828.883,0.005390625,0.0005125472312200268
4236.200132105868,10841.91,0.004851563,6634.479,0.005328125,0.0005267987392574228
5446.381337128635,11434.1,0.004931641,5978.851,0.005433594,0.0004670046581858413
5768.788897041636,11461.01,0.004945313,5689.81,0.005462891,0.0005197068563767369
5621.475166142226,11452.04,0.004914063,5800.684,0.005408203,0.0005884774205440283
5291.165639128818,11415.51,0.004824219,6118.564,0.005388672,0.0004049807088956746
5647.375769625988,11413.59,0.004929688,5778.252,0.005414063,0.000428961445692022
5118.02908648585,11318.74,0.004736328,6186.499,0.005330078,0.00048598887609319844
5687.835042526545,11480.24,0.004914063,5797.479,0.00541211,0.0006202796443973068
5470.017665516655,11421.28,0.004916016,5942.32,0.005392578,0.0005043783545689263
5638.633245812261,11487.93,0.004701172,5830.805,0.005175781,0.0019129146963072024
5311.464281356548,11368.72,0.004673828,6058.961,0.00519336,0.00178577174891997
4212.918343640433,10903.44,0.00484375,6530.656,0.005316406,0.00044231576366315467
5574.666397616385,11483.44,0.004916016,5930.143,0.005458985,0.0005025681983649221
5255.4366992985515,11332.83,0.004865235,6086.52,0.005341797,0.0004944524396347902
5694.402301436328,11440.5,0.004958984,5737.235,0.005498047,0.0004663931506250671
5523.523513790629,11421.28,0.004722657,5889.126,0.00521875,0.0007101304746043362
5431.7132311341,11412.95,0.004884766,5966.033,0.005357422,0.0005522468151419787
4959.044272377811,11322.58,0.004882812,6365.947,0.005390625,0.000424847235378902
5848.22654504607,11424.48,0.004814453,5623.158,0.005277344,0.0006501520622631432
5305.726439855991,11329.63,0.004914063,6012.817,0.005439453,0.000505751132067656
5895.4509086939925,11512.28,0.004955078,5603.931,0.00547461,0.0005056320488465729
5276.635588644171,11361.67,0.004896485,6057.68,0.005375,0.0005551877932842822
5475.392359057947,11412.3,0.004900391,5942.961,0.005421875,0.0005584332177107042
5293.860903844323,11398.85,0.004931641,6086.52,0.005421875,0.0005229344342698049
4718.0783430074225,11171.97,0.004859375,6408.246,0.005341797,0.000573612669493406
5190.92691509002,11299.51,0.0048125,6098.697,0.0053125,0.0006517870486163771
5598.65737303596,11467.42,0.004955078,5850.032,0.005466797,0.0004115124717896564
5263.744166955387,11379.62,0.004945313,6105.746,0.005421875,0.0004887160423190467
5785.859896369399,11467.42,0.004884766,5696.859,0.005390625,0.0005864285221320768
5725.0337505562575,11378.98,0.004552735,5700.705,0.005185547,0.0018342979144833924
4642.975154624024,11178.38,0.004794922,6468.49,0.005298828,0.0006662760961520443
5422.615616115846,11381.54,0.004886719,5953.856,0.005375,0.000519116161931165
5845.228376462857,11504.59,0.004910157,5646.229,0.005410157,0.0006046753973736608
5232.90015748666,11266.82,0.004902344,6079.47,0.005386719,0.0003543172782467755
5010.561173825665,11309.76,0.004857422,6323.008,0.00534375,0.0005466692086523966
5289.898433090067,11439.86,0.004931641,6139.714,0.005404297,0.0004352552291450798
5828.5187402482425,11482.16,0.00494336,5663.533,0.005441406,0.00058032119078535
5784.026783043599,11509.08,0.004699219,5719.291,0.005232422,0.001844073550104456
4917.744535577994,11289.9,0.004714844,6287.759,0.005238282,0.0017205897595007863
5573.520443615126,11371.93,0.004746094,5807.733,0.00522461,0.0017509636691974318
6231.739961013136,11616.11,0.004714844,5284.768,0.005226563,0.0007560143808135822
4941.713834718061,11276.44,0.004865235,6349.925,0.00534375,0.0003475881059381477
5453.900963743682,11432.17,0.004914063,5944.883,0.005402344,0.0005730897388015609
4955.369188113876,11262.34,0.004896485,6308.908,0.005421875,0.00042960590018850404
4785.447784933851,11195.68,0.004902344,6395.428,0.005359375,0.0005848191567000983
5520.100032138991,11393.08,0.004712891,5864.131,0.005208984,0.0018030954332193404
5253.784976710418,11393.08,0.004960938,6189.062,0.005478516,0.0004916501124627445
5257.790709343486,11388.59,0.004933594,6105.746,0.005433594,0.0004619018331020866
5785.105818248936,11437.3,0.004914063,5675.71,0.005441406,0.0004818177720903941
5681.8690877271365,11412.95,0.004929688,5687.246,0.005431641,0.0004990554595621651
5443.526830324121,11429.61,0.004916016,5963.469,0.005396485,0.0005556653161553956
5800.385370035573,11487.29,0.004894531,5701.346,0.005392578,0.0004951205926082844
5828.287814523015,11501.39,0.004917969,5672.506,0.005396485,0.0005303419697014664
5761.145554781237,11390.51,0.004970703,5634.693,0.005431641,0.0004117504957465564
5776.850320835721,11477.68,0.004916016,5689.81,0.005451172,0.0005588479664905195
5136.867852079313,11309.12,0.004796875,6210.852,0.005376953,0.0006686891582629263
5270.561808239664,11377.06,0.004716797,6110.874,0.005253906,0.0017492054846987095
5670.1891937828605,11468.06,0.004884766,5787.866,0.005392578,0.000534525775850175
5137.297796054841,11371.93,0.004765625,6268.532,0.005310547,0.0007035585556984975
5248.588137581845,11369.37,0.004826172,6134.586,0.005363281,0.0006721666651394604
5511.667503636596,11423.84,0.004945313,5917.325,0.0054375,0.0005999881959164459
5395.210988833511,11422.56,0.004929688,6027.558,0.005419922,0.000533545641942843
5218.812826729707,11346.29,0.004886719,6099.337,0.005404297,0.0005998257843702556
5738.631205661833,11454.6,0.004882812,5685.964,0.005359375,0.0005054725437182315
5473.260042211829,11412.95,0.00478125,5919.248,0.005347657,0.0006371050242786849
5635.449154145896,11436.66,0.004947266,5782.098,0.005466797,0.0004220806545370894
5269.138907590716,11313.61,0.004707031,6037.812,0.005173828,0.0005624740748891177
5062.707757166481,11355.91,0.004699219,6279.428,0.005175781,0.0017688223711971286
5238.6409778976,11398.21,0.004929688,6168.553,0.005482422,0.0005057643791632881
5340.164409406929,11341.81,0.004882812,5976.928,0.005357422,0.0003849139112905996
6003.732789621032,11544.33,0.00491211,5616.107,0.005400391,0.00042575191377671584
5327.79242198879,11334.12,0.004914063,5978.851,0.005390625,0.0005072594940612569
5238.266925110778,11332.83,0.004705078,6111.515,0.005175781,0.0005230424111924807
5374.033610536291,11425.12,0.004814453,6038.453,0.005371094,0.0006187746926145141
5736.033015039773,11508.44,0.004769532,5798.761,0.005294922,0.0006851825590848778
5305.632672241028,11318.74,0.004929688,6051.912,0.00540625,0.0005383585500799633
5182.799862505964,11275.15,0.00471875,6080.752,0.005240235,0.0017743230408008921
5150.798264307952,11345.65,0.004714844,6224.952,0.005189453,0.0018015112561513542
5484.9827536216035,11429.61,0.004986329,5964.751,0.005482422,0.0004185326410783833
5507.019234313742,11455.24,0.004916016,5943.602,0.005402344,0.0005058426292969161
5608.105316988975,11446.27,0.004886719,5828.242,0.005404297,0.00047209104916636125
4267.325947016775,10699.0,0.004855469,6520.401,0.005339844,0.00046732864660784364
4985.73725973544,11264.9,0.004916016,6230.079,0.005390625,0.0005407943358910771
4908.254441741113,11258.49,0.004855469,6357.616,0.005337891,0.00031193335837328225
5708.56811614467,11394.36,0.004939453,5698.141,0.005447266,0.0005195042517889677
5423.9796504776705,11397.56,0.004884766,5969.878,0.005341797,0.0005319077479195761
4989.7458777697575,11336.04,0.004810547,6335.826,0.005361328,0.0006364144875955151
5602.231455074737,11412.95,0.00475,5842.982,0.00525,0.0006857248367094774
5707.374600844842,11491.13,0.004761719,5770.562,0.005304688,0.0016680433686115908
5381.234391781379,11430.25,0.004710938,6037.812,0.005191407,0.0018531769419600995
5863.3659855606475,11496.26,0.004929688,5618.671,0.005421875,0.0006117341513999446
4638.514984472992,11186.71,0.004732422,6566.545,0.00525,0.0006041645317416027
5165.159128573831,11343.09,0.004697266,6177.526,0.005173828,0.0018297218932246814
5433.9873200988295,11420.0,0.004685547,6000.641,0.00521875,0.0017799951347434396
5767.368997764766,11457.17,0.004914063,5678.273,0.005421875,0.0005128585444436395
5641.119918812765,11425.12,0.004904297,5800.042,0.005376953,0.0005304584727540191
5182.769521147838,11382.82,0.004900391,6188.421,0.005402344,0.0004826714467130576
4562.200646336492,10989.32,0.004857422,6540.91,0.005324219,0.0005563418466612411
5436.249848826931,11411.02,0.004914063,5967.956,0.005423828,0.00043326006085997725
5542.710745994904,11475.75,0.004763672,5919.889,0.005236329,0.0006330554917874834
5653.698087099725,11423.2,0.004869141,5781.457,0.005408203,0.0006420430340880509
5715.005308671446,11434.74,0.004916016,5721.213,0.005490235,0.0004648146949332608
5834.803921166498,11517.41,0.004869141,5675.71,0.005361328,0.0005519095597147441
5213.223481868024,11326.43,0.004669922,6114.719,0.00519336,0.0018529107879138062
5280.033973583141,11297.59,0.004884766,6046.144,0.005359375,0.00047009547633804764
5513.819262793718,11434.74,0.00491211,5927.58,0.005390625,0.00046947594131441944
5863.200589352957,11503.31,0.004939453,5623.798,0.005470703,0.0005921309909161244
5351.239071992535,11367.44,0.004947266,5993.591,0.005421875,0.00048069855989954925
5144.368607333898,11364.24,0.004701172,6232.002,0.005171875,0.0018019600565918345
5242.169943429471,11386.03,0.004898438,6193.548,0.005400391,0.00043192782518127284
5564.788627170996,11468.7,0.004712891,5908.353,0.005207031,0.0018366007724216246
5311.550098194541,11328.99,0.004841797,6058.32,0.005378907,0.0006290405338599219
5347.354220389048,11421.92,0.004869141,6060.244,0.005347657,0.0004304796459602635
5677.394611086558,11415.51,0.004927734,5742.362,0.005388672,0.00044026246086661914
5155.033526947206,11386.67,0.004814453,6203.162,0.005345704,0.0006566579595935916
5872.903258975798,11518.69,0.004939453,5648.152,0.005435547,0.0005640773052870896
5898.071193901572,11492.42,0.004796875,5600.726,0.005294922,0.0006838095628005521
5365.56583130812,11386.03,0.004798828,6006.409,0.005390625,0.0006715617781949173
5663.182522829452,11489.21,0.004947266,5823.755,0.005402344,0.0005605631813066703
5250.548615008256,11350.14,0.004929688,6109.592,0.005417969,0.0005028618215079776
5370.879253732439,11439.86,0.004882812,6017.945,0.005375,0.0003921964375372431
4855.176697970814,11230.29,0.004824219,6439.649,0.005320313,0.0005335508654703007
5015.214539380401,11408.46,0.004857422,6396.069,0.005347657,0.0005835387555879826
4713.841102314464,11199.53,0.0046875,6457.594,0.0051875,0.0018866529379946624
6131.598522629716,11543.69,0.00497461,5446.913,0.005457032,0.00045938349322047017
6021.880842756452,11498.83,0.004957031,5473.189,0.005449219,0.0005954704422246361
6210.24293311469,11586.63,0.00488086,5327.067,0.005375,0.0003301427570827181
5576.945925838012,11437.94,0.004732422,5872.463,0.005210938,0.0018791894282515183
5360.423248302133,11412.3,0.004931641,5997.437,0.005435547,0.0005026504070659722
4602.710465231101,11118.14,0.004708984,6468.49,0.005210938,0.000497385985991011
5210.01847330168,11380.26,0.004910157,6145.481,0.005402344,0.0005956825045292708
5567.2626172776645,11455.88,0.004744141,5923.093,0.00528125,0.0018606550928723475
5253.430495525448,11404.61,0.004902344,6186.499,0.005373047,0.0005878340797765051
4986.40313359874,11286.05,0.00475,6385.174,0.00534375,0.00045942315996709625
5381.841265015595,11384.11,0.004769532,5971.801,0.005333985,0.0007157246415703737
4686.4316492566195,11207.86,0.004671875,6536.424,0.005164063,0.001780209092865399
5873.580942881127,11536.64,0.004896485,5636.616,0.005404297,0.00038835751563597417
5537.078041111246,11487.29,0.004945313,5951.934,0.005435547,0.00039025812446435494
5706.223078979541,11432.81,0.004533203,5726.34,0.005056641,0.0018156677256053217
5542.656916987439,11455.88,0.004898438,5901.944,0.005398438,0.00044927576359816903
5546.586976949504,11425.76,0.004761719,5886.563,0.005330078,0.0007399341247718872
5314.936688614926,11330.27,0.004681641,6022.431,0.00522461,0.0017333088665919282
4890.215879668465,11278.36,0.004917969,6362.102,0.005417969,0.00047882625607136335
5370.428358039002,11377.7,0.004871094,5996.154,0.005404297,0.000410893775788448
5976.21741066914,11539.2,0.004941407,5573.168,0.005439453,0.00040444118729773636
5887.431909559629,11450.76,0.004777344,5572.527,0.005361328,0.0006853585650096867
5744.052213462095,11514.85,0.004857422,5789.147,0.005400391,0.0006135640000226922
4555.507569870946,11030.33,0.004871094,6449.903,0.005318359,0.00055705741383413
5320.948205542518,11406.54,0.004810547,6121.127,0.005330078,0.0006731614048980963
5925.555877051555,11480.24,0.004941407,5569.323,0.005466797,0.0005939113500596234
4976.893334481665,11236.06,0.004945313,6286.477,0.005417969,0.0005222247697898062
6262.612636513421,11587.91,0.00497461,5301.431,0.005482422,0.0004474294924845927
4990.737183659951,11328.35,0.004869141,6328.135,0.005341797,0.0005447610231512135
5299.7755604622835,11386.67,0.00491211,6094.21,0.005419922,0.0005274326316746843
5517.683547994471,11418.71,0.004898438,5889.126,0.005376953,0.0005346818476460849
5462.830052443399,11363.6,0.004929688,5878.231,0.005445313,0.0005139152572210182
4605.202935771266,11109.16,0.004751953,6515.274,0.005310547,0.0006274012438211462
5621.06820235352,11421.92,0.004898438,5809.015,0.005425781,0.0005235613933204244
5576.465097196566,11407.82,0.004714844,5834.01,0.005191407,0.0017718664758542121
4974.457719685513,11232.21,0.004798828,6272.377,0.005375,0.000640160263241358
5420.17010145314,11406.54,0.004900391,5996.795,0.005375,0.0006138132692420275
5701.390396463012,11454.6,0.004927734,5752.617,0.005449219,0.0005516364779917104
5796.72848100419,11496.26,0.004798828,5689.81,0.005408203,0.0008161572684786615
6199.169944449306,11627.64,0.00491211,5412.946,0.005427734,0.0006193865112259613
4755.49069407771,11280.28,0.004867188,6554.369,0.005347657,0.0004438143526083546
5380.780628931546,11391.16,0.004744141,5996.154,0.005269532,0.001859234887999402
6049.914806830411,11448.83,0.004855469,5511.001,0.005347657,0.0006288133822144388
5243.5778846221665,11340.53,0.004929688,6111.515,0.005435547,0.000475738921390574
5735.966766439002,11416.79,0.004929688,5668.66,0.005410157,0.00028742256049108883
5581.674728369335,11421.28,0.00494336,5869.258,0.005402344,0.0006045316924533018
5449.506878572005,11398.21,0.004900391,5958.342,0.005417969,0.000546147287783708
5273.538600850323,11338.6,0.004931641,6067.293,0.005453125,0.0004890589404512988
4584.717642364608,11167.49,0.004871094,6536.424,0.005369141,0.0004775654372371641
5815.999299955649,11443.71,0.004947266,5635.334,0.005451172,0.0005392452403608063
5131.101273704375,11332.19,0.004796875,6173.04,0.005373047,0.000667144880724076
5067.230704881008,11233.5,0.004707031,6222.388,0.005210938,0.0005782273546533157
5217.588263519311,11371.93,0.004839844,6171.117,0.005310547,0.0004622546810339656
5686.214200293022,11464.86,0.004726563,5778.894,0.005234375,0.0017365659203481363
5117.280658409105,11259.77,0.004869141,6144.841,0.005324219,0.0004045501451017599
4762.2960508527485,11254.01,0.004767579,6553.087,0.005330078,0.0005577721720914246
5620.422491268752,11446.27,0.004929688,5830.165,0.005447266,0.0004896996026393826
5536.952739066147,11452.68,0.00488086,5904.508,0.005392578,0.0005626790358251832
5685.429768119764,11459.09,0.00491211,5782.739,0.005390625,0.0006123532025960998
5296.670988833824,11363.6,0.004730469,6081.393,0.005226563,0.002025006758301237
5372.509250271857,11424.48,0.004914063,6042.939,0.005419922,0.00048431265310947143
5708.788054765318,11370.65,0.004898438,5696.859,0.005388672,0.0005529967486405656
6074.000166505763,11536.0,0.004955078,5481.521,0.005488282,0.0005666690233065987
5405.765485895773,11398.85,0.004853516,5982.055,0.005361328,0.0006003564561925792
4847.064146606866,11308.48,0.004873047,6423.627,0.005375,0.0005717787029170208
5912.6247892425,11533.43,0.004810547,5634.693,0.005328125,0.0006825391284611588
5339.48854081408,11352.7,0.004796875,6041.657,0.005345704,0.0006595339763365844
4974.741012154981,11262.98,0.004871094,6308.908,0.005326172,0.0005050177482728666
5764.381693952195,11438.58,0.004988282,5717.368,0.005464844,0.00040002229475276206
5379.520243801128,11377.7,0.004914063,5994.232,0.005414063,0.0005277818733092069
5781.0934263797535,11440.5,0.004957031,5643.666,0.005423828,0.000589191930907296
5673.632904344388,11468.06,0.004958984,5783.379,0.005484375,0.0005081439635193257
4998.159610924055,11227.73,0.004929688,6227.515,0.005419922,0.0004072153161338213
5609.198772088245,11415.51,0.004730469,5837.214,0.005226563,0.001879270085809399
5586.390553665892,11452.04,0.004941407,5869.258,0.005449219,0.0005776953915158766
5105.400481209979,11303.35,0.004873047,6152.531,0.005341797,0.0005102876890309164
4736.99951147244,11133.52,0.00469336,6380.688,0.005212891,0.0005768763249514863
5033.262033450415,11325.79,0.004779297,6299.936,0.005324219,0.0006003846491524535
5539.088466040329,11421.92,0.004947266,5854.518,0.005449219,0.0005824685970156921
4794.5642436946855,11252.72,0.004683594,6597.949,0.00522461,0.0018665220499308568
4691.664684817604,11214.91,0.004738281,6629.994,0.005259766,0.0006766305115511154
4711.644960904793,11212.35,0.0046875,6503.098,0.005201172,0.0017970276922666963
6004.449425127753,11522.54,0.004955078,5503.311,0.005460938,0.0006309728606512451
5325.331578097111,11406.54,0.00494336,6052.553,0.005464844,0.00038099645906288204
5683.131490052833,11478.96,0.004927734,5791.07,0.005435547,0.0004370076066857871
5477.140828008719,11357.83,0.004898438,5869.899,0.005417969,0.0005901897696014596
5503.664115266646,11448.83,0.004955078,5939.116,0.005433594,0.0005585600893741987
5375.933153544566,11324.5,0.004884766,5957.701,0.005357422,0.0005182310519081968
5797.776827256888,11492.42,0.004927734,5710.959,0.005486328,0.0005899744894079257
4953.5632442663755,11311.69,0.004783203,6370.433,0.005330078,0.00065336310466589
5921.2992993914595,11539.2,0.004927734,5576.373,0.00544336,0.00042794105604685947
5536.462372614439,11421.92,0.004919922,5863.491,0.005398438,0.0005724821001970169
4721.464512277168,11218.12,0.004810547,6467.208,0.005296875,0.000602807611185127
5601.863239764095,11415.51,0.004902344,5783.379,0.005359375,0.0005704796422360191
5832.287684894934,11492.42,0.004757813,5657.766,0.005251953,0.0006975486861624953
5556.863742421565,11394.36,0.004896485,5832.087,0.005376953,0.0003943228896298925
5217.623008108497,11405.9,0.004824219,6162.786,0.005326172,0.0005554218050480108
5438.462332698298,11347.58,0.004796875,5908.994,0.005361328,0.0006798997213753864
5694.015873099799,11424.48,0.004884766,5701.987,0.005375,0.0004355220168862037
5465.551981482735,11386.67,0.004669922,5910.917,0.00519336,0.0018857585532398565
5269.075129374609,11341.81,0.004810547,6096.133,0.005376953,0.0006307497231682467
5638.925434042417,11475.75,0.00494336,5828.883,0.0054375,0.0006044416724860164
5160.865446279582,11318.09,0.004884766,6166.631,0.005392578,0.0005783467382578271
5819.383455005333,11499.47,0.004925781,5666.738,0.00546875,0.0005228010855666725
5480.787058824326,11430.89,0.004945313,5982.055,0.005435547,0.0005090885723563667
5175.517142263313,11332.83,0.0046875,6160.222,0.005201172,0.0018289078597018538
5198.939002569126,11375.13,0.004824219,6189.062,0.005345704,0.0006812350481786654
5143.812861829114,11321.3,0.0048125,6210.211,0.005341797,0.0006194061402924117
4874.643962408239,11221.32,0.004902344,6288.4,0.005353516,0.0004445152628881511
5472.034355763959,11391.16,0.004925781,5939.756,0.005404297,0.0006006662818476218
5421.184099344288,11330.91,0.004914063,5949.37,0.005417969,0.0005514178759510149
5689.434472174021,11424.48,0.004910157,5700.705,0.005425781,0.0003902209182574421
5405.266800438971,11406.54,0.004925781,6017.304,0.005453125,0.0005451024267899939
4304.378180835302,11113.01,0.004738281,6667.165,0.005328125,0.0006767539545113671
5905.238276506923,11525.74,0.004927734,5618.03,0.005451172,0.00034742835364019937
5168.267581881494,11358.47,0.004765625,6161.504,0.005357422,0.0004666009448854134
4769.086303085564,11264.9,0.004685547,6521.683,0.005185547,0.0018957536637936082
5441.334312178548,11484.72,0.004835938,6003.845,0.005326172,0.00045058577313664594
5564.9679697663,11432.81,0.004925781,5872.463,0.005402344,0.0005644186516536706
4727.203837652121,11242.47,0.004765625,6553.087,0.005341797,0.0006184440469841971
5180.378193834826,11409.1,0.00478125,6235.206,0.005324219,0.0006673478742313332
4810.990467709526,11265.54,0.004722657,6394.146,0.005251953,0.0007006920537101087
5869.627559457227,11469.99,0.004822266,5585.345,0.005326172,0.0006539375697840036
5535.970831729829,11404.61,0.004916016,5886.563,0.005433594,0.0005072041100078113
5342.258330147154,11393.08,0.004917969,6070.498,0.0054375,0.0005115187623092148
4768.6445959504,11211.71,0.004867188,6483.23,0.005324219,0.0004604514666513611
4842.774896442253,11262.34,0.004851563,6375.561,0.005361328,0.0004995514758950583
5294.275614062909,11350.14,0.004503906,6081.393,0.005097657,0.0018786858744201309
5371.65166941899,11395.64,0.004728516,6018.585,0.005226563,0.000725320342822251
4825.487272615019,11274.51,0.004886719,6480.666,0.005357422,0.0005739672193617102
4382.948434588167,10941.89,0.004810547,6540.91,0.005314454,0.0006406956793429015
5697.91231854478,11455.88,0.004945313,5753.898,0.005453125,0.0005828507277033491
5594.244605413401,11455.88,0.004898438,5850.032,0.005375,0.0005672082978710566
5174.258450852672,11362.32,0.004851563,6146.123,0.005328125,0.0005757660018047527
5049.723586258039,11323.86,0.004716797,6256.355,0.005220703,0.0018388347731466827
5678.0947747559485,11439.22,0.004929688,5765.435,0.005419922,0.0004690680227796885
5627.277992561418,11393.08,0.004884766,5749.413,0.00538086,0.0003308137755821816
5773.491941268206,11446.27,0.004826172,5698.141,0.005355469,0.0006903690888711111
5201.3771596883535,11355.91,0.004773438,6168.553,0.005300782,0.0017285962040924656
6053.9645070112865,11557.79,0.004728516,5516.77,0.005185547,0.0017708063011740993
5048.989980166888,11363.6,0.00491211,6328.135,0.00540625,0.0005486585056476352
4820.958075766838,11422.56,0.004701172,6389.66,0.005191407,0.0017795225521887693
5504.4493007292685,11403.33,0.004839844,5930.784,0.005332031,0.0006104385977017817
6039.982345691039,11534.71,0.004958984,5496.261,0.00550586,0.0004415222503577693
5330.274578980694,11428.33,0.004914063,6060.244,0.005394531,0.0005333221291795192
5864.600782958851,11498.83,0.004960938,5636.616,0.005470703,0.00047338126465004226
5277.038807494213,11385.39,0.004941407,6116.642,0.005421875,0.0006020356948920278
5476.817138806488,11414.87,0.00491211,5917.325,0.005371094,0.0006003362290699958
5285.42706018334,11344.37,0.004826172,6074.983,0.005296875,0.0006107095831342785
5574.146612001464,11345.65,0.004962891,5806.451,0.00546875,0.0005611932429240448
5439.099653688217,11391.8,0.004882812,5938.475,0.005371094,0.0004067885335173091
5794.243277937599,11489.85,0.004826172,5711.6,0.00534961,0.0006652681101570737
5110.660443873845,11380.26,0.004884766,6270.455,0.005386719,0.00046671217741806276
5413.656916734918,11436.02,0.004947266,6012.177,0.005451172,0.00039972778784506653
5494.694833538736,11396.28,0.004917969,5912.839,0.005433594,0.00052240529209728
6410.580913946508,11652.64,0.004767579,5262.337,0.005285156,0.0006811922064860762
5421.262900321547,11437.3,0.004916016,5981.414,0.005408203,0.00046170780312098096
5625.611327882244,11443.07,0.004869141,5822.474,0.005318359,0.00044888981283620243
5309.434682773922,11439.86,0.004783203,6121.127,0.005320313,0.0006370215772357531
5588.282498550036,11468.7,0.004958984,5866.054,0.00546875,0.00044903578192609085
5094.925880724263,11279.0,0.004853516,6170.477,0.005310547,0.0005320975645971312
5217.116754066257,11380.26,0.00494336,6169.194,0.005431641,0.00045516519566861596
5963.965507166869,11476.39,0.004822266,5489.211,0.005408203,0.0006443782519623251
5879.99962885782,11487.29,0.004839844,5625.08,0.005314454,0.0007079169622474931
5813.392638939354,11507.8,0.004931641,5682.119,0.005453125,0.00046699785717283507
5653.737985360721,11415.51,0.004925781,5771.843,0.005402344,0.0005901630926023148
4872.5849901662195,11298.87,0.004900391,6399.914,0.005359375,0.0005157135621272417
5538.156570489897,11468.06,0.00494336,5948.729,0.005482422,0.0005632487500258219
5326.064151305397,11393.08,0.00478125,6054.475,0.005341797,0.0016717752923822021
4727.519882705872,11180.3,0.004900391,6456.313,0.005376953,0.0006279011754480848
4841.127196611195,11133.52,0.00475,6324.93,0.005265625,0.0004827879601171869
5516.27440006948,11451.4,0.004916016,5936.552,0.005394531,0.0005632611382024551
5658.560845563094,11478.32,0.004941407,5828.883,0.005421875,0.0005659684560594833
5838.208504500511,11442.43,0.004929688,5620.594,0.0054375,0.0005225867574884381
4978.351905117941,11310.4,0.004917969,6371.715,0.005416016,0.0004787939567032497
5269.901166487536,11404.61,0.004759766,6148.045,0.005271485,0.0007119404341403845
4962.0323043744975,11263.62,0.004685547,6365.306,0.00515625,0.0017867416260554767
5805.7917830165,11501.39,0.004929688,5727.622,0.005433594,0.0005268580724746197
5761.352869816891,11420.64,0.004896485,5696.218,0.005357422,0.0006188923345889884
4554.812535117207,11141.21,0.004783203,6558.854,0.005306641,0.0006363953634372611
5636.929193365309,11472.55,0.004898438,5833.369,0.005433594,0.0005046849258315602
5095.069403381258,11300.15,0.004886719,6216.621,0.005408203,0.0005969785859894335
4995.4838115093535,11303.99,0.004640625,6287.118,0.005210938,0.0017838602301894259
5398.889846997621,11330.91,0.004902344,5975.005,0.005417969,0.0004936528423287819
5951.7819871344045,11539.84,0.004945313,5601.367,0.005501953,0.00046485063642971914
5242.331387797843,11332.19,0.004916016,6110.874,0.00538086,0.0005917319037387042
5917.365404443927,11461.65,0.00494336,5553.3,0.005464844,0.000605245568725378
5207.480560981314,11343.73,0.004927734,6119.205,0.005416016,0.0005241825998185478
5270.957030032485,11398.21,0.00488086,6147.404,0.005373047,0.00039896189989016643
5752.686057000605,11515.49,0.004857422,5749.413,0.005322266,0.000628671370723155
5171.247135829105,11296.94,0.004701172,6110.874,0.005212891,0.001726811077134669
5427.023305855637,11412.95,0.004744141,5958.342,0.005208984,0.0018744840961278134
5953.959674634155,11511.64,0.004939453,5570.604,0.005453125,0.0005291411404917531
5778.4458992186765,11468.7,0.004773438,5696.859,0.005269532,0.0017143991317068968
5411.156783853428,11430.89,0.004810547,6062.166,0.005378907,0.0006625813368207778
5387.795604250651,11353.34,0.004714844,5970.519,0.005169922,0.0018384202240728448
5525.249705766739,11425.76,0.004931641,5917.966,0.005388672,0.00046014564783320453
5756.010465950055,11507.8,0.004867188,5739.158,0.005296875,0.0005563930657944873
5004.710277542026,11264.26,0.00478125,6221.748,0.005267578,0.0006644138476671714
5630.497005846783,11461.01,0.004744141,5821.833,0.00522461,0.0007315408247371038
5198.400979391159,11387.95,0.004699219,6179.449,0.00519336,0.0017202642040584177
4953.2083958384865,11320.66,0.00475,6349.284,0.005267578,0.0005035208398320651
5768.7130311209885,11478.32,0.004810547,5720.572,0.005330078,0.0006893075005858932
5545.245962376562,11451.4,0.004945313,5903.867,0.005439453,0.00048388565950601315
4543.106810796656,11091.22,0.004669922,6478.103,0.005160157,0.0019306462250301044
5806.874857239305,11298.23,0.00491211,5627.644,0.005388672,0.0006146104287606247
6366.983767963821,11596.88,0.004910157,5282.846,0.005457032,0.0005484299937459948
4827.9353303203225,11204.66,0.0046875,6420.423,0.00516211,0.0017914729031776753
5183.270716465679,11346.29,0.004734375,6204.443,0.005292969,0.0005112764288716809
5082.012499194843,11344.37,0.004808594,6242.896,0.00534375,0.0006074461742214052
5759.030526927226,11481.52,0.004933594,5715.445,0.005421875,0.0004907477619869455
5734.852067036848,11446.27,0.004929688,5696.859,0.005421875,0.000589089714469115
5347.5393244233455,11375.13,0.004900391,6003.845,0.005371094,0.0005535321576064392
5623.334867423826,11472.55,0.004882812,5835.932,0.005373047,0.0002300416311488091
5240.5824897190105,11290.54,0.004798828,6059.602,0.005320313,0.0006544424580951998
5491.845153236652,11443.07,0.004855469,5925.657,0.005330078,0.0005186889339749184
6046.96680487714,11545.61,0.004945313,5501.389,0.005470703,0.0004217346350142723
5120.315653466389,11372.57,0.004916016,6253.792,0.005386719,0.0004669028442544445
4947.601500919961,11309.12,0.004744141,6343.516,0.005257813,0.0016682864568112446
4899.454613964473,11234.14,0.004705078,6330.058,0.005205079,0.0005532445721092246
5743.484883821552,11464.86,0.004564453,5726.34,0.005136719,0.0018186841753870956
5581.868831256331,11455.88,0.004900391,5866.054,0.005394531,0.0004858517101470018
5578.784283382205,11448.19,0.00494336,5908.994,0.005457032,0.0005321205468095417
5759.115007370818,11459.73,0.004957031,5712.881,0.005435547,0.0005904122832806569
4944.842120747451,11311.69,0.004898438,6360.82,0.005373047,0.0005596434959870056
5817.991293867819,11479.6,0.00494336,5663.533,0.005455079,0.0006107515046355098
5240.186213954541,11384.11,0.004869141,6171.758,0.005359375,0.0004016080957149554
5026.699296867208,11352.06,0.004796875,6310.831,0.005298828,0.0005905353069145083
5782.707886350215,11466.78,0.004914063,5680.837,0.005453125,0.0005395570733424724
5307.241677699018,11390.51,0.004910157,6106.387,0.005419922,0.0005305939069806505
5558.246520689324,11346.29,0.004941407,5783.379,0.005439453,0.0006025912489907498
5646.738257115611,11427.04,0.004730469,5782.098,0.00525,0.0017457674246124332
5905.035595436057,11484.72,0.004712891,5554.582,0.005208984,0.0017918474943837222
5050.350494181777,11363.6,0.004794922,6264.687,0.005298828,0.0005895586731840201
4900.586379206254,11298.87,0.004931641,6419.141,0.005431641,0.0005480402749988086
6161.500630254615,11575.73,0.004931641,5437.94,0.005470703,0.00047210875850206964
5785.787776357024,11475.75,0.004896485,5653.279,0.005388672,0.0003653134382304935
5540.975347651744,11493.06,0.004902344,5925.657,0.00540625,0.0005108146842213199
5205.696205460674,11391.8,0.004794922,6200.598,0.005310547,0.0006256328740551688
5758.319107912527,11389.23,0.00494336,5627.644,0.005421875,0.0005015701669418903
5822.781128392223,11496.9,0.004552735,5669.301,0.005070313,0.0018534609171006148
5214.927255073681,11410.38,0.004916016,6199.316,0.005390625,0.0005248888497072262
5429.469689308337,11377.7,0.004931641,5950.652,0.005435547,0.0005820392495274273
5410.292920899265,11342.45,0.00491211,5957.701,0.005423828,0.0005201199141428644
6238.852109076086,11543.69,0.004822266,5326.426,0.005363281,0.000688469840468448
5265.603408113621,11411.66,0.004679688,6119.205,0.005189453,0.0019087750075868425
5903.709737441571,11477.03,0.004927734,5577.654,0.005439453,0.00044060594184517536
5344.162945382021,11418.07,0.004914063,6087.161,0.005419922,0.0005809619884503249
5667.144610854575,11437.94,0.004828125,5763.512,0.005373047,0.0006581557342778804
5425.589217609638,11475.75,0.004894531,6053.834,0.005453125,0.0006212423374280986
5285.545151356268,11328.99,0.004884766,5978.209,0.005357422,0.0005999345817281122
5372.432374298467,11374.49,0.004699219,6010.254,0.005189453,0.0017701335988977807
5173.451722702759,11282.85,0.004849609,6109.592,0.005359375,0.0004841487241714949
5333.104486653228,11391.16,0.004898438,6050.63,0.005396485,0.0005666128641962411
5729.734066854805,11468.7,0.00478125,5772.484,0.005285156,0.0006898187904991785
6019.476636208954,11573.81,0.004931641,5519.974,0.005470703,0.0004172367129716269
5118.424731453683,11277.08,0.004884766,6206.366,0.005361328,0.000506619494372758
5465.09563512439,11411.02,0.004960938,5955.138,0.005451172,0.0004959342378427686
5447.228246125611,11375.77,0.004810547,5944.883,0.005306641,0.0006133429918620055
5219.120320928154,11405.9,0.004744141,6142.918,0.005234375,0.0018167648955627748
5137.070050836485,11366.16,0.004927734,6194.83,0.005419922,0.0004951574806377368
4703.685855212392,11218.76,0.004896485,6531.297,0.005410157,0.0004940663073491668
5647.574414113612,11448.83,0.004929688,5808.374,0.005435547,0.00045868471312581947
5740.374395893317,11471.91,0.004945313,5726.981,0.005433594,0.0004300612782844958
6006.2463871556165,11568.04,0.004896485,5560.991,0.005378907,0.0005222633608933244
5114.126178477942,11293.74,0.004914063,6198.034,0.005417969,0.0005586397293002162
5600.14460451001,11446.91,0.004927734,5821.833,0.005449219,0.0004663865704311909
5696.725531815228,11451.4,0.004917969,5736.595,0.005435547,0.0004767324240593092
5664.05979235129,11417.43,0.004730469,5746.208,0.005240235,0.001743180917649889
5265.361151099682,11412.95,0.004914063,6162.145,0.005400391,0.0005182607825535483
6100.074504938207,11596.24,0.004957031,5474.471,0.005484375,0.0005790755629643142
5806.757282551973,11438.58,0.004796875,5657.125,0.005376953,0.0006486048166715471
5660.421953022097,11450.76,0.004933594,5778.894,0.005404297,0.0006033351120152649
5640.410644658823,11396.92,0.004957031,5730.186,0.005482422,0.00048747889256758013
5093.361182934823,11356.55,0.00491211,6274.941,0.005400391,0.0005629841035981566
5669.827224848992,11383.46,0.00478711,5714.804,0.005361328,0.0016777491676741628
5604.740009840842,11398.21,0.004972656,5790.429,0.005533203,0.00042657147870768427
5308.551091160006,11353.98,0.004972656,6009.613,0.005480469,0.0005110907590899093
5160.188000796349,11321.94,0.004867188,6171.117,0.005341797,0.0005755136540256635
5809.154345882621,11438.58,0.004962891,5653.279,0.005482422,0.0004896165222085529
5491.1998917170395,11469.34,0.004990235,5935.911,0.005464844,0.0004389565292502623
5671.214982407499,11463.58,0.004931641,5776.97,0.005433594,0.0004953938441622759
4580.224577981121,11080.96,0.004919922,6551.805,0.005410157,0.0005605726879253676
6288.513312617574,11619.95,0.004957031,5341.807,0.005550782,0.0004806126173617075
5308.83630877005,11343.09,0.004898438,6040.375,0.005355469,0.0005238317285619558
5621.5264042832505,11405.25,0.004916016,5759.025,0.005388672,0.0005928871799541892
5733.842515189789,11535.36,0.004728516,5781.457,0.005242188,0.0016944191036032759
5282.3670580875905,11430.89,0.004871094,6132.023,0.005375,0.0005492935573605468
5618.090047937766,11423.2,0.004779297,5816.706,0.005314454,0.0006625918547963032
4757.320912446349,11214.27,0.00488086,6466.567,0.005353516,0.00042437122425848417
5554.033442467261,11403.33,0.004714844,5846.187,0.005222656,0.0017135221851952253
6021.265793197438,11527.02,0.004916016,5503.311,0.005425781,0.0006373596478988307
5391.0279529848995,11410.38,0.004914063,6003.845,0.005421875,0.0004960871304479195
5286.566300456597,11441.14,0.004730469,6129.459,0.005234375,0.0005155892331173721
5203.159071773419,11370.01,0.004931641,6151.89,0.005441406,0.0005136587027096309
5413.008486525964,11407.82,0.004763672,5979.491,0.005302735,0.0006903862543595868
5145.371118509667,11334.12,0.004751953,6173.04,0.005330078,0.0005415571229169735
5192.929786377617,11391.8,0.004814453,6187.78,0.005373047,0.0006603780135384804
5407.443406623351,11387.31,0.004857422,5999.359,0.005357422,0.0006261153755254786
5405.667107646953,11389.87,0.004810547,5977.569,0.005316406,0.0006525474477421687
5305.599188025515,11410.38,0.004949219,6105.105,0.005433594,0.00043451438358631895
5670.837687980104,11457.81,0.004929688,5783.379,0.005466797,0.000497443048114101
5170.203384813388,11368.08,0.004929688,6203.162,0.005404297,0.0004899677597803653
4566.572076247526,11157.23,0.004916016,6557.573,0.005400391,0.0005240633105325337
5652.251623735244,11427.04,0.004867188,5759.025,0.005361328,0.00051292975459628
5377.73270668023,11401.41,0.0046875,6030.763,0.005205079,0.0018827978302792107
5411.182572664418,11387.95,0.004712891,5982.696,0.005205079,0.0017575195178354517
5177.507221436871,11326.43,0.004785156,6105.746,0.005357422,0.0006398835485074851
5461.573471232295,11326.43,0.004896485,5852.595,0.005394531,0.0005179099635108603
5691.835462714441,11461.01,0.004929688,5780.816,0.005457032,0.0005906062142378857
5596.56325903243,11421.92,0.004929688,5817.987,0.005417969,0.0004873999265015847
5317.785985411551,11436.66,0.004914063,6113.437,0.00540625,0.0005520622543750186
5123.438753874323,11292.46,0.004867188,6152.531,0.005341797,0.00045636029811713254
4879.959101646736,11252.08,0.004685547,6337.748,0.005117188,0.0018700284532210778
4690.824047188506,11180.3,0.004916016,6411.45,0.0054375,0.00053497581743401
5224.571268983612,11296.3,0.004933594,6085.879,0.00540625,0.00043352953170846105
4788.80523455847,11222.6,0.004765625,6482.589,0.005316406,0.0006098491320844848
5458.38167868927,11412.95,0.004916016,5962.187,0.005417969,0.0004440840750122548
5122.62528463644,11320.02,0.004794922,6168.553,0.005330078,0.0006056160712299116
5252.77079203822,11357.83,0.004853516,6099.337,0.005375,0.000573063318896853
5685.609037771989,11520.61,0.004947266,5793.633,0.005439453,0.0005096085682171332
5784.022821308641,11509.08,0.00488086,5716.086,0.005441406,0.0003823859158669504
5529.765436299272,11457.81,0.004916016,5918.607,0.005371094,0.0005715193086234795
4962.44570733199,11244.39,0.004884766,6365.306,0.005357422,0.00043278274162589946
6064.648746788425,11555.86,0.004796875,5508.438,0.0053125,0.0006465521147653119
5438.900717863251,11402.05,0.004958984,5978.851,0.005484375,0.0005090486061517709
4825.822461578671,11185.43,0.004841797,6343.516,0.005314454,0.0004891534135639712
5749.281840910722,11480.88,0.004826172,5723.136,0.005392578,0.0006290368428500361
4969.737834991207,11298.23,0.004705078,6314.676,0.005283203,0.0005482514650405461
5615.678049536366,11426.4,0.004933594,5814.142,0.005404297,0.00047517803789317193
5446.091037259604,11410.38,0.004931641,5976.928,0.005390625,0.0005075804966179308
5654.617468116428,11457.17,0.004914063,5800.042,0.005470703,0.0006069509173248298
5362.095696561535,11396.28,0.004916016,6051.271,0.005384766,0.0005856394070946653
4851.538133413545,11229.65,0.004722657,6470.412,0.005257813,0.0005479966646663785
5944.624250991353,11562.91,0.004929688,5578.936,0.005425781,0.0005046543199396057
4755.859460271749,11293.74,0.004886719,6502.457,0.005357422,0.0005336715102037378
5974.308620866871,11476.39,0.004929688,5546.251,0.005455079,0.0004368865618645424
5699.039385470287,11414.23,0.004806641,5726.981,0.005326172,0.0006735565049786332
5674.041546996568,11463.58,0.004898438,5782.739,0.005361328,0.00060257258641296
5752.587428906958,11421.28,0.00494336,5694.296,0.005433594,0.0005705613003147462
5882.659533409288,11514.21,0.004810547,5572.527,0.005359375,0.0006286179616330573
5443.692813971748,11351.42,0.004900391,5914.121,0.005371094,0.000517428568046689
5929.6313701618965,11530.23,0.004685547,5564.836,0.005128907,0.0018200329681384735
4891.154415819874,11318.74,0.004884766,6414.655,0.005375,0.0005686743833438
5228.958763565436,11389.87,0.004900391,6158.94,0.005417969,0.0005282950583036235
4862.346246582752,11284.13,0.004792969,6408.246,0.005345704,0.0006105785852162255
5590.29721635884,11443.07,0.004869141,5880.154,0.005382813,0.0006262397110239818
5189.902791667801,11357.19,0.004882812,6180.73,0.005384766,0.0005353314009281287
5809.180329262432,11482.16,0.00494336,5641.103,0.005419922,0.000553939950278209
5081.122057730683,11326.43,0.004732422,6255.074,0.005314454,0.0007155405988446057
4752.26232207761,11150.82,0.004732422,6424.909,0.00521875,0.000400540047465482
4688.550143140718,11171.33,0.004783203,6468.49,0.005326172,0.0006817229778963886
5887.92404211552,11518.05,0.004947266,5579.577,0.005466797,0.0005385738989804829
5428.804160941545,11443.07,0.004914063,6027.558,0.00541211,0.0004830305564735711
5854.850345809682,11453.32,0.004535156,5593.036,0.005164063,0.0019234502176630158
5202.303854106578,11309.76,0.004914063,6109.592,0.005394531,0.0005958997521144836
5938.053710934948,11518.69,0.004914063,5605.853,0.005435547,0.0005794224962075891
5597.410404591211,11456.53,0.004777344,5875.027,0.005316406,0.0007211381577863557
5411.317879405596,11340.53,0.004900391,5927.58,0.005375,0.0004774435375646779
4976.093020235861,11219.4,0.004890625,6276.864,0.005386719,0.0004979081163153879
5029.032385681221,11309.12,0.004949219,6226.233,0.005451172,0.00044816955210248206
5797.679318588641,11469.34,0.004767579,5695.578,0.005330078,0.0006850632388647616
5251.822905197522,11428.97,0.004796875,6192.267,0.00534961,0.0006476388767358159
5105.3565937699395,11345.01,0.004900391,6228.797,0.005369141,0.00046329182543753577
5251.029058565042,11332.19,0.004927734,6068.575,0.005466797,0.00041887293128480625
5775.112271247766,11475.11,0.004929688,5735.313,0.005447266,0.0005023620324772964
4789.046767514855,11219.4,0.004900391,6401.837,0.005435547,0.0005150599236149787
5231.744121376803,11405.9,0.004839844,6134.586,0.005328125,0.0005299378986068601
6371.041681561289,11656.48,0.00491211,5229.011,0.005486328,0.0004177779742673502
5346.817946486926,11340.53,0.004939453,5983.337,0.005451172,0.0005056436197622837
4590.5614295351215,11157.23,0.004644531,6570.391,0.005121094,0.0019030162933165223
5515.979503302267,11403.33,0.004900391,5898.739,0.005394531,0.0004931244308270996
4663.20976883211,11065.58,0.004673828,6512.07,0.005158203,0.0005142893006389684
5669.839243282431,11418.71,0.004929688,5735.954,0.0054375,0.00045388178743991693
5483.06729130844,11454.6,0.004916016,6003.204,0.005386719,0.0005589908589376818
5796.49681043699,11438.58,0.004726563,5627.003,0.005220703,0.0007325281543110351
5138.677278481786,11364.24,0.004898438,6217.261,0.005375,0.0004863110979599403
5060.386016576859,11255.29,0.004916016,6168.553,0.005416016,0.0006126144800459358
5025.790672066319,11259.13,0.00491211,6247.383,0.005388672,0.0005686473347163946
5612.35297323257,11472.55,0.004884766,5854.518,0.005378907,0.0005965086162868551
5378.022089386976,11341.81,0.004931641,5962.187,0.005449219,0.0005962566973740996
5324.659542894839,11369.37,0.004841797,6051.271,0.005328125,0.0004583581612066846
5609.430430170195,11439.22,0.004777344,5839.777,0.005310547,0.0007153568762834656
5680.852151272271,11410.38,0.004914063,5751.976,0.005414063,0.0004972704619425306
4989.030071226491,11298.23,0.004765625,6287.118,0.005318359,0.0016782544325380224
5330.679053051654,11373.21,0.004826172,6031.403,0.005371094,0.0006381425505249604
5100.399810777393,11280.92,0.004869141,6199.957,0.005326172,0.00040801393659415465
5502.5745368108965,11401.41,0.004947266,5926.298,0.005449219,0.00047857122697376217
5351.736231457207,11396.28,0.004849609,6048.708,0.005341797,0.0004271891323244151
6130.233131902406,11596.88,0.00491211,5465.499,0.005451172,0.0005626538404936367
4299.70662991471,10861.14,0.004740234,6476.18,0.005261719,0.0006926585962127604
5261.256516462374,11409.74,0.004945313,6156.377,0.0054375,0.0004942552294025708
6186.876203762347,11619.95,0.004945313,5451.399,0.005451172,0.0005970630629225066
5102.754112885474,11384.11,0.004742188,6303.781,0.005220703,0.0007366498774339518
5356.76587225432,11462.94,0.004945313,6062.807,0.005488282,0.0005367295804712518
6111.834177367557,11555.22,0.004791016,5465.499,0.005316406,0.0018368885306408757
5215.164862539447,11350.14,0.00453711,6119.205,0.005097657,0.0017882755576028911
5646.715603855054,11451.4,0.00491211,5805.811,0.005464844,0.0006126710268977379
5093.493345579266,11344.37,0.004902344,6249.306,0.005396485,0.0006130337267215441
5272.776463457345,11407.82,0.00484375,6140.996,0.005375,0.0004383131214261109
5757.804347604271,11475.75,0.00488086,5725.699,0.005357422,0.000587977581551106
6025.3816866084135,11497.54,0.004810547,5471.267,0.005335938,0.0006527416245874211
5896.169854849864,11538.56,0.00491211,5632.771,0.005425781,0.0003869835540223803
5149.017563273596,11405.25,0.004898438,6234.565,0.005404297,0.0006132928970393404
5252.770193891627,11319.38,0.004898438,6101.901,0.005390625,0.0004893307004387109
5372.7035199342145,11384.75,0.004914063,5985.9,0.005439453,0.0004533009184117834
5608.300055975228,11414.23,0.004810547,5800.042,0.005328125,0.000649324038029446
5404.098067106208,11371.93,0.004824219,6037.812,0.005361328,0.0006351050338984004
5522.3726105885025,11399.49,0.004685547,5857.082,0.0051875,0.0017749996927643732
5720.38658937217,11451.4,0.004916016,5736.595,0.005402344,0.0004760169185153393
5431.496850507252,11379.62,0.004867188,5967.315,0.005324219,0.000422845727045215
4867.099354445703,11196.97,0.004933594,6323.648,0.005431641,0.0004360062762558846
5741.63168988197,11399.49,0.004699219,5689.169,0.005222656,0.0017882278789114836
5708.822357503659,11420.64,0.004681641,5671.865,0.005208984,0.0019140221984593497
5191.062784557537,11412.3,0.004914063,6190.985,0.005421875,0.0005186930783441782
5704.982634431604,11456.53,0.004916016,5749.413,0.005453125,0.0005488992450939933
5593.490116495057,11352.7,0.0048125,5767.357,0.005341797,0.0006507222374925743
5687.790483830825,11382.18,0.004929688,5707.114,0.005417969,0.000455292641446341
5265.055401346828,11345.65,0.004810547,6069.216,0.00534375,0.000622400882943152
6199.956108809796,11646.87,0.004960938,5423.841,0.005533203,0.0004777135363883585
5961.867356051242,11514.21,0.004939453,5503.952,0.005464844,0.00058349448997691
4873.517397138268,11202.09,0.004685547,6273.659,0.005185547,0.0017498435093899049
5789.159743234881,11502.03,0.004900391,5701.346,0.005400391,0.0005004247611815384
5868.640627093552,11496.9,0.004927734,5622.517,0.005417969,0.0003589801005094203
4791.9052427702945,11237.98,0.004886719,6488.357,0.005369141,0.0005008537230579776
4887.343401885849,11321.94,0.004761719,6424.268,0.00528125,0.0005996169181133366
5707.611040043625,11468.06,0.004902344,5744.285,0.005394531,0.0005947533576944199
4861.144396474188,11244.39,0.004945313,6415.295,0.005419922,0.0004888188777451391
5785.096703355001,11496.26,0.004765625,5717.368,0.005314454,0.0016546647937721718
6242.42791503539,11616.75,0.004945313,5389.233,0.005490235,0.0005137492095597421
5035.328133627779,11270.67,0.004916016,6232.002,0.00540625,0.0005821345964972468
5360.585993276311,11423.2,0.004855469,6057.039,0.005355469,0.000553125606134011
5227.3710789590405,11375.13,0.00491211,6152.531,0.005386719,0.0005934463219694976
5858.56934006698,11512.28,0.004923828,5616.749,0.005408203,0.0005450415554238383
5550.58637207224,11413.59,0.004941407,5876.949,0.00540625,0.0004536193439803261
5621.6928364053565,11417.43,0.004986329,5794.916,0.005460938,0.0003842387227856991
5044.56848830156,11300.15,0.004900391,6237.129,0.005375,0.0005821708358698905
5000.799994304889,11388.59,0.00488086,6387.737,0.005416016,0.0005289274454421168
5078.57551548824,11305.92,0.004734375,6236.488,0.005283203,0.0005040447371634237
5192.558374426317,11397.56,0.004947266,6224.311,0.005447266,0.0004712640423482708
4684.47541646295,11115.57,0.004898438,6433.24,0.005400391,0.0006003723160024117
5444.510613895019,11412.3,0.004927734,5979.491,0.005435547,0.0005634440916042162
5742.92384608187,11482.8,0.004929688,5728.263,0.005421875,0.00046532813025969695
5784.149879094693,11434.74,0.004726563,5660.329,0.005308594,0.0007447044429141705
5440.130719497342,11419.35,0.004914063,6001.282,0.005400391,0.0005085393059423273
6023.710904595605,11505.88,0.004931641,5509.079,0.00546875,0.0005342278048651408
6024.288610185312,11546.89,0.004916016,5505.875,0.00540625,0.0006137370728740957
5517.004458639292,11443.71,0.004808594,5928.861,0.005376953,0.0006304965858722205
5067.891708207312,11239.26,0.004898438,6210.852,0.005404297,0.0005714239469131808
5416.3609025956775,11382.18,0.004810547,5978.209,0.005388672,0.0006244934490958571
5287.177060403452,11368.08,0.004796875,6088.442,0.005339844,0.0006337562500272476
5201.4420026756425,11346.93,0.004837891,6168.553,0.005371094,0.0004973881515395607
5628.800674313994,11468.06,0.004947266,5816.706,0.005480469,0.0006024804706958011
5339.765442679105,11352.7,0.004884766,6000.0,0.005373047,0.00040923237387995915
5342.912302100658,11368.08,0.004914063,5985.9,0.005371094,0.0006034637474985108
5419.072507106401,11464.22,0.00491211,6006.409,0.005400391,0.0006014383621543645
5696.224415956935,11445.63,0.004945313,5776.97,0.005451172,0.00040584773312223347
5538.7836213818,11387.95,0.00497461,5855.8,0.005449219,0.00026620684733733
4821.538013039625,11229.65,0.004796875,6394.787,0.005326172,0.0006442384572393701
5680.633974216226,11436.66,0.004962891,5729.544,0.005490235,0.0005042253664977314
5580.8625029326295,11413.59,0.004931641,5863.491,0.005453125,0.000554073194526337
6196.922365875925,11595.6,0.004990235,5357.188,0.005486328,0.00044105725038987356
5450.381256980802,11402.05,0.00494336,5937.834,0.005449219,0.0006172362895705312
5807.8564021922,11435.38,0.004898438,5628.925,0.005417969,0.0005402971248386682
5761.4080881560085,11504.59,0.004925781,5721.213,0.00546875,0.00045905131618805456
5794.713743439323,11433.45,0.004931641,5634.693,0.005402344,0.0005918480581811349
5905.452936338592,11461.65,0.004945313,5524.46,0.005417969,0.0005373401466405766
5523.011377074272,11425.76,0.004728516,5907.071,0.005226563,0.0017507156264796543
5508.238270269662,11408.46,0.004898438,5912.198,0.005394531,0.0003985780319909273
5546.541086183023,11446.27,0.004683594,5898.099,0.005216797,0.001728737868925534
5061.041361542,11280.92,0.004914063,6232.002,0.005367188,0.0005807000542098954
5812.3130182112845,11520.61,0.00494336,5695.578,0.005457032,0.0004775051576770605
5873.146306094647,11534.07,0.004960938,5720.572,0.005449219,0.0004780276093627921
5535.563950231384,11438.58,0.004742188,5898.099,0.005246094,0.0019211634211418484
5537.620108393151,11412.3,0.00478125,5862.209,0.005314454,0.0006542447029505962
5097.045969754656,11311.04,0.004707031,6169.835,0.005220703,0.0005512556074550628
6164.658867614176,11594.32,0.004826172,5424.482,0.005330078,0.0006409027030023301
5348.2606003091005,11364.88,0.004744141,6024.354,0.005251953,0.0018332810655093095
5597.247261919271,11458.45,0.004552735,5889.126,0.005185547,0.001824910315965539
5659.665774500926,11443.71,0.004929688,5769.921,0.005453125,0.0004311319764777823
5830.065452919593,11480.24,0.00497461,5632.771,0.005513672,0.0003888085716999458
5337.508098219474,11378.34,0.004900391,6038.453,0.005371094,0.0006067958555567923
5547.199364137635,11377.7,0.004900391,5773.766,0.005390625,0.0005390115595928942
5322.387955806064,11387.95,0.004865235,6052.553,0.005359375,0.0004922764045214622
5395.278432663001,11340.53,0.004882812,6001.282,0.005388672,0.0005303929719023029
5304.022434659031,11430.25,0.004867188,6094.852,0.005345704,0.0005351167001821841
5737.541673072943,11447.55,0.004970703,5716.086,0.005449219,0.0005152790293343418
4858.618010392234,11313.61,0.004884766,6377.483,0.005337891,0.000534574535181305
5591.54003607118,11407.82,0.004685547,5812.86,0.00521875,0.0017853924278966268
5721.734942894161,11455.24,0.004945313,5735.313,0.005421875,0.0005537939031076541
5897.612877054915,11512.28,0.004914063,5648.793,0.005396485,0.000584658446659964
5481.651412922461,11423.2,0.004867188,5952.574,0.005361328,0.00041255977932651386
5665.713338711824,11437.94,0.004945313,5769.921,0.005402344,0.0004649817746094569
5411.431267794403,11364.88,0.004945313,5938.475,0.005416016,0.00044406606563860194
5830.69696140046,11478.96,0.004941407,5694.296,0.005470703,0.0005850721468288647
5198.213483318754,11357.19,0.004808594,6187.14,0.005330078,0.0006528267035511002
5296.206928697863,11409.74,0.004882812,6119.205,0.005357422,0.0005748193038710203
5922.8834983536235,11507.16,0.004960938,5584.063,0.005447266,0.00048088038836377624
5463.985236128729,11371.29,0.004742188,5899.38,0.005208984,0.0018560404638671133
5500.181087942902,11346.29,0.004929688,5830.805,0.005455079,0.0004363734402896398
4872.69541837207,11234.14,0.004748047,6335.185,0.005283203,0.00048208519321093937
5309.825693296092,11400.77,0.004898438,6092.288,0.005416016,0.0005737582552893824
5554.028963388079,11353.34,0.004882812,5785.302,0.005375,0.00038878313099434224
5184.986658252636,11436.02,0.004886719,6216.621,0.005378907,0.0006197480324032522
5070.932432307994,11264.9,0.004898438,6165.99,0.005388672,0.0004930797332171584
5605.92511648729,11450.76,0.004685547,5839.137,0.005199219,0.0017678800583992617
5315.916890968089,11367.44,0.004785156,6058.961,0.005332031,0.0006118757981939664
5589.110132317631,11400.77,0.004929688,5803.247,0.005423828,0.0005301756321135644
5354.72278712699,11407.82,0.004962891,6049.348,0.005460938,0.0004746784302173444
5636.314271528013,11420.0,0.00488086,5792.993,0.005345704,0.0006002137821921491
5678.487097651062,11483.44,0.004826172,5865.413,0.005394531,0.0006346122975692112
5975.755442432153,11483.44,0.004972656,5515.488,0.005484375,0.00042933286144341046
5149.691712421117,11311.04,0.004886719,6115.36,0.005357422,0.0004088099584890344
5577.9728542812645,11417.43,0.004714844,5835.292,0.00521875,0.001851109412340439
4957.62670111235,11225.17,0.004839844,6306.345,0.005378907,0.0005748095523680562
4747.790808681186,11210.42,0.004865235,6462.081,0.005337891,0.0005233264931835306
5925.875787641837,11539.2,0.004863281,5578.936,0.005361328,0.0007029611230363688
5740.852371603005,11431.53,0.004746094,5691.732,0.005326172,0.0017720259242241883
5983.078492850234,11536.64,0.004714844,5553.3,0.005201172,0.0017611483632451802
5949.010749825591,11528.95,0.004742188,5571.886,0.005222656,0.0006712430591976473
5916.112118687056,11432.81,0.004882812,5569.963,0.005373047,0.0006409319438001169
5949.611028948236,11535.36,0.00494336,5588.549,0.005464844,0.000579229235429259
5904.130046440379,11475.75,0.004958984,5572.527,0.005455079,0.00048795113764279796
5682.390192555934,11467.42,0.004898438,5785.943,0.005404297,0.0005943090974619486
5282.304895454025,11397.56,0.00488086,6091.006,0.005359375,0.000538972536041903
5503.544823647368,11409.1,0.004685547,5903.867,0.005222656,0.0018109229705409202
5972.223731600718,11555.86,0.004927734,5582.141,0.005433594,0.0006434022798991667
6128.315848470984,11566.76,0.004960938,5427.686,0.005484375,0.0005612920397320309
5512.372680581676,11377.7,0.004835938,5862.209,0.005394531,0.0005398564328631887
5537.05610282486,11412.3,0.0048125,5869.899,0.005390625,0.0006999145372921979
5931.633300491078,11512.92,0.004757813,5578.295,0.00525586,0.0006482406145015228
5012.130133085313,11219.4,0.004728516,6228.797,0.005207031,0.0018344191805457688
5931.793656090813,11526.38,0.004751953,5610.34,0.005316406,0.0007142027395738519
5739.453272701934,11492.42,0.004939453,5753.898,0.005433594,0.000578580035968019
5705.822258736892,11469.99,0.00494336,5778.252,0.005417969,0.0005304261008322445
5887.810944176913,11518.05,0.00491211,5604.571,0.005441406,0.0005670624895385111
5265.349210144497,11369.37,0.004927734,6100.619,0.005441406,0.0004974628416950279
5190.448091495555,11371.93,0.004884766,6192.267,0.005369141,0.0004125941663754921
5595.60158759677,11436.66,0.004910157,5849.391,0.005402344,0.00047419463400723164
5963.3696332363525,11529.59,0.004822266,5544.328,0.005347657,0.0006741369906830038
5228.022688146211,11400.13,0.004900391,6157.659,0.005394531,0.0003879781734481384
5661.497650616071,11436.66,0.004900391,5754.54,0.005404297,0.0005095893422492288
5552.863856811808,11433.45,0.004888672,5890.408,0.005394531,0.0005329467346113752
4644.29477461868,11178.38,0.004867188,6519.12,0.005361328,0.0005278140337329939
4931.046125230099,11316.17,0.004705078,6353.129,0.005285156,0.0005158215367396826
5727.296090862323,11473.83,0.004976563,5726.981,0.005498047,0.000355209503134669
5296.112616124884,11323.22,0.00494336,6016.663,0.005449219,0.00046465204625989784
4816.815822188399,11229.65,0.004898438,6408.246,0.005402344,0.0004176305330627636
6272.541318550996,11634.69,0.004839844,5370.006,0.005390625,0.0006473723532807601
5449.4578300252815,11380.26,0.004685547,5947.447,0.005240235,0.0017999499210453113
5351.969559969169,11409.74,0.004777344,6054.475,0.005326172,0.0006791995708920085
5678.110136716907,11443.71,0.004947266,5756.462,0.005425781,0.0004941245032519855
5543.5616528468845,11414.23,0.004841797,5887.203,0.005341797,0.00042759859066585147
5880.781422426365,11501.39,0.004539063,5627.644,0.005126954,0.0018325754796280028
5301.098479900698,11311.69,0.004703125,5971.801,0.005189453,0.0017624968738833516
4613.779265033794,11076.48,0.004794922,6478.744,0.005326172,0.0006098588844432859
5627.605798890214,11440.5,0.004712891,5786.584,0.005216797,0.0008735060089795011
5245.429271720187,11294.38,0.004736328,6064.089,0.005205079,0.000488440521494075
4916.866114825524,11355.27,0.004796875,6427.473,0.005298828,0.000598377739292749
5523.809584341332,11448.83,0.004884766,5918.607,0.005416016,0.00047016141822780425
5768.3740813803015,11502.67,0.004929688,5745.567,0.005451172,0.0005161701517880173
5518.1717416134325,11409.1,0.004742188,5860.927,0.005269532,0.0018601495993639079
5007.492831059558,11252.72,0.004855469,6288.4,0.005392578,0.000536116673959556
5505.807350107295,11378.34,0.004902344,5855.8,0.005388672,0.0005443753806454077
5566.695151240414,11411.66,0.004947266,5838.496,0.005433594,0.0005791173199962544
5617.646322917359,11397.56,0.004958984,5803.888,0.005498047,0.00044411479589948814
5538.525234148104,11421.92,0.004826172,5893.612,0.0053125,0.0006262482109595833
5271.502691311189,11407.18,0.004917969,6082.674,0.00540625,0.0005703454611602532
5562.058279203847,11368.08,0.004900391,5830.805,0.005376953,0.0005882249095458277
5628.243901890077,11337.96,0.004914063,5749.413,0.005419922,0.0003991908770067053
5566.9033478876345,11381.54,0.004945313,5835.932,0.005464844,0.0005368186826851721
4925.161840941091,11316.17,0.00491211,6376.202,0.005384766,0.00044229067830174395
4800.585999728065,11278.36,0.004882812,6488.357,0.005357422,0.00038272707968523706
5348.508310667592,11375.77,0.004902344,6010.254,0.005359375,0.0005639744556692448
5563.365007741866,11484.72,0.004779297,5903.226,0.00540625,0.0004912789202573228
5336.446861913144,11339.88,0.004941407,5988.464,0.005449219,0.0004960508426153191
6206.453268954853,11625.72,0.00488086,5374.493,0.0054375,0.0005507411885681847
5307.178197134517,11366.16,0.004882812,6042.298,0.005388672,0.0004010393936610428
4569.752900532608,11016.88,0.004753906,6597.949,0.005285156,0.0006779014956322253
5744.961681254187,11446.91,0.004931641,5691.732,0.005453125,0.0005677917962541977
5455.887325548256,11425.76,0.004884766,5985.9,0.005388672,0.0005912652580847438
5459.875819851011,11403.97,0.004941407,5923.093,0.005445313,0.0005454676013256258
4678.351434342498,11192.48,0.004900391,6555.65,0.005404297,0.000529230860308749
4838.2930232715535,11272.59,0.004853516,6439.649,0.005355469,0.00042529516045776504
5406.1573612815355,11415.51,0.004898438,6027.558,0.005396485,0.0005596521530712411
5125.407389485861,11324.5,0.004927734,6168.553,0.005453125,0.00047511542848992054
4951.648198498556,11259.77,0.004857422,6362.743,0.005337891,0.0005937883401815329
4835.767013626742,11303.35,0.004914063,6380.047,0.005386719,0.0005736723977649186
5342.109473307954,11411.02,0.004898438,6070.498,0.005404297,0.0005750001670811912
5358.957376037112,11430.89,0.004765625,6057.039,0.005279297,0.0016422629793250124
5541.970640218725,11410.38,0.004896485,5866.695,0.005414063,0.0004702030584714074
4626.623074426225,11097.63,0.0046875,6483.871,0.00519336,0.0019547915078969055
5483.2109709294355,11436.66,0.004746094,5940.397,0.005222656,0.0007272014290172805
5328.049179166297,11408.46,0.0048125,6066.652,0.005345704,0.0006791194597014295
5557.584176340151,11403.33,0.004886719,5879.513,0.005355469,0.0005569501629843484
5054.083394157047,11264.26,0.00475,6202.521,0.005267578,0.0004906121713849919
4332.570158007631,10938.05,0.004962891,6635.121,0.0054375,0.00046566894911857337
5492.15300474301,11388.59,0.004962891,5905.79,0.005462891,0.000520403492041646
5142.0485138301,11400.77,0.004927734,6234.565,0.005410157,0.0005062213245639034
5761.2333823993695,11457.17,0.004853516,5725.059,0.005353516,0.0005222943896058738
5126.950788910297,11317.45,0.004914063,6228.156,0.005408203,0.0005562011795044368
4852.300903105665,11325.79,0.004900391,6411.45,0.005390625,0.0004746883341928467
4902.820850543635,11262.34,0.004753906,6368.511,0.005361328,0.0007125858969940086
5586.376264137484,11413.59,0.004958984,5837.855,0.005464844,0.00038997354854324934
5500.57178894724,11452.68,0.00471875,5969.878,0.005240235,0.0017599845364039267
5810.609562953093,11515.49,0.004916016,5729.544,0.005408203,0.0005896180617813906
5434.095733444643,11353.98,0.004667969,5871.181,0.005201172,0.0018141014282861613
5646.142710971241,11433.45,0.004927734,5784.021,0.005431641,0.0004873582735279013
5181.314270214012,11311.69,0.004869141,6117.282,0.005347657,0.0004619534545770482
6001.494609523532,11550.74,0.004925781,5529.588,0.005439453,0.0005381172538687694
5081.265258481688,11288.61,0.004900391,6196.112,0.005355469,0.0004912483897480543
5395.7199279174965,11452.04,0.004535156,6051.912,0.005078125,0.0018771020208676677
4914.20934261314,11293.1,0.004839844,6396.069,0.005298828,0.00043695510882263476
5877.213556839121,11584.7,0.004869141,5704.55,0.005355469,0.00041603397094101206
5118.825653062238,11377.06,0.004712891,6214.057,0.005226563,0.0017163744612173819
5993.261478476449,11496.9,0.004882812,5477.035,0.005402344,0.0003967547844506127
5604.191407166903,11396.28,0.004955078,5782.739,0.005462891,0.00047015378909399133
5617.648152060281,11473.19,0.004910157,5908.353,0.005400391,0.0006246302721518384
5119.923811610727,11321.94,0.004927734,6191.625,0.005421875,0.0004067876481624718
5025.529625145223,11318.74,0.004857422,6302.5,0.005347657,0.0005886517161725666
4851.797925128611,11248.24,0.004798828,6399.273,0.005326172,0.00045782956342499387
5735.571633072003,11484.08,0.004888672,5741.722,0.00541211,0.0005481725025087467
6042.472822537559,11578.94,0.004923828,5502.67,0.005457032,0.0005957040768965407
5089.202517255223,11336.04,0.004947266,6271.096,0.0054375,0.00042315811443881013
4686.736526966645,11214.91,0.00484375,6431.958,0.005328125,0.0005223917888682141
4531.27381123161,11196.97,0.004900391,6483.23,0.005416016,0.0005613483139479326
5743.261194378792,11502.67,0.00494336,5781.457,0.005472656,0.0004485359399801015
5190.442266948739,11422.56,0.004882812,6209.57,0.005359375,0.0004141634464575952
5592.321937154512,11461.65,0.004929688,5850.032,0.005453125,0.0005296811063065863
5820.5925251722765,11468.7,0.004900391,5662.251,0.005390625,0.0005469159150935646
5625.686137920627,11468.06,0.004728516,5859.646,0.005228516,0.0017670272078408958
5484.906778290487,11401.41,0.004810547,5926.298,0.005339844,0.0006516575154878034
5410.229603968355,11373.85,0.00491211,5966.674,0.005375,0.0006204494234754773
5310.481088373656,11423.84,0.004728516,6119.205,0.005234375,0.0017922055363953173
5261.362564988134,11316.81,0.004931641,6068.575,0.005433594,0.0004969053979863025
5235.113745380081,11353.98,0.004847656,6128.178,0.005375,0.00027880023484341593
5569.761351857388,11411.66,0.004917969,5868.618,0.005388672,0.0005865316060211077
5626.034135917436,11440.5,0.004857422,5826.96,0.005396485,0.0005057641474051933
5524.5069398182895,11441.79,0.004898438,5928.861,0.00538086,0.0005106846522482652
5662.211424172212,11443.07,0.004910157,5752.617,0.005402344,0.00037650511754533925
5540.937294217236,11450.76,0.004746094,5876.309,0.005345704,0.000719084490302041
5799.37059479406,11422.56,0.004927734,5696.218,0.005421875,0.00044240592682129277
6307.075941197923,11644.95,0.004728516,5321.939,0.005242188,0.0018090687106015358
5173.632243032775,11362.32,0.004886719,6192.267,0.005361328,0.0004738082507858396
5027.6726827608,11343.09,0.004689453,6328.776,0.005160157,0.0007482739815044341
5325.806595792907,11405.9,0.004857422,6074.343,0.005326172,0.0005543775468252854
4221.374759716226,11031.62,0.004748047,6378.124,0.005261719,0.0006127396311303432
5411.234254652087,11311.04,0.004929688,5919.248,0.005388672,0.00048391973492797354
5440.936289430523,11406.54,0.004730469,5955.138,0.00525,0.0017680187108605478
5860.96618192543,11488.57,0.004853516,5588.549,0.005345704,0.0006411860901504034
5242.411826291651,11350.78,0.004886719,6109.592,0.005339844,0.0005355321191797388
5708.657916598622,11444.99,0.004927734,5734.672,0.005419922,0.0005298031784811908
5446.415949620357,11411.02,0.004763672,5966.033,0.005341797,0.0006816479629752202
5581.009286569846,11357.83,0.004783203,5797.479,0.005296875,0.0006461481352503186
5445.240832988231,11361.03,0.004884766,5924.375,0.005388672,0.0005945030475309225
5785.662379669455,11440.5,0.004927734,5684.683,0.005455079,0.0005428593840768755
5050.301463502686,11334.76,0.00475,6223.67,0.005330078,0.0004900588636998542
5116.443418994347,11353.34,0.004945313,6235.206,0.005425781,0.0005095241027675943
4831.362018938966,11312.33,0.004671875,6498.611,0.005138672,0.0018441125183880247
5750.3430184771805,11482.8,0.004726563,5743.003,0.005220703,0.001775719170711314
5010.347508992054,11316.81,0.004839844,6293.527,0.005341797,0.0005627500532241007
5250.571085540553,11399.49,0.004714844,6155.736,0.005191407,0.0017798579989539494
5826.978425504937,11474.47,0.004785156,5648.793,0.005306641,0.0006767113597014356
4666.3450505316405,11065.58,0.004722657,6515.274,0.005207031,0.0005165320339796472
5375.635111950864,11413.59,0.004916016,6042.298,0.005388672,0.0005859977244054668
5850.531992498517,11434.74,0.004810547,5590.472,0.005328125,0.0006549694353453169
4907.836251253515,11280.28,0.004703125,6414.655,0.005236329,0.0016968136645163906
5377.859620173926,11393.72,0.004947266,6034.608,0.005429688,0.0005454463636644163
4901.087227911844,11323.86,0.004722657,6447.981,0.005228516,0.0007853431966336214
5475.946455129124,11380.9,0.004927734,5917.966,0.0054375,0.000577882246257649
5548.475872835896,11387.95,0.004931641,5855.8,0.005466797,0.0004662453047095998
5923.4419948326795,11499.47,0.004896485,5559.068,0.00541211,0.0005525361684549702
5507.857755407158,11395.64,0.004917969,5878.231,0.005402344,0.0005118395508679194
4947.85585528907,11271.95,0.004882812,6319.803,0.005390625,0.0005117633427445457
5046.428691517094,11361.03,0.004886719,6293.527,0.005375,0.0005786994845425084
5449.018578571957,11377.7,0.004900391,5864.772,0.005453125,0.0005645660498971027
4968.933503367603,11296.94,0.004853516,6298.654,0.005341797,0.0003876900230335648
5401.637114411038,11425.76,0.004929688,6009.613,0.005425781,0.0005801184074003532
4945.420143436403,11346.29,0.004732422,6353.129,0.005271485,0.0004424164588399357
5970.60478083806,11476.39,0.004970703,5477.035,0.005464844,0.0005092705774655248
5473.022313286971,11367.44,0.004699219,5887.203,0.005189453,0.0017467755599581169
5825.407892390877,11455.88,0.004986329,5657.125,0.005494141,0.00029965606530387215
5162.1834390462745,11344.37,0.004900391,6173.04,0.005404297,0.0005744551400985531
5813.501425081142,11419.35,0.004960938,5609.699,0.005423828,0.0005035173798826561
4797.694352650125,11252.72,0.004898438,6521.683,0.005404297,0.0005776325064709507
5396.511301190298,11415.51,0.004839844,6007.05,0.005341797,0.0006091182530445229
6405.910741922384,11689.17,0.004925781,5284.127,0.005490235,0.0005995964453151318
5626.011431246151,11444.35,0.004730469,5823.755,0.005269532,0.0017726614161232964
5939.27212998952,11510.36,0.004533203,5566.759,0.005121094,0.0019008290022101974
5080.495707608439,11357.83,0.004679688,6279.428,0.005175781,0.0017301729258568299
5412.990080660271,11398.85,0.004826172,5996.795,0.005361328,0.0006724157945159648
4973.0814119531815,11312.33,0.004738281,6342.875,0.005251953,0.0005204418160674472
5683.226904646111,11452.04,0.004896485,5783.379,0.005410157,0.0004986122971795924
5644.364285394355,11469.34,0.004898438,5825.037,0.005384766,0.000561624061542977
5762.405421267105,11445.63,0.004914063,5680.837,0.005402344,0.000613721815574859
5074.393190047515,11284.77,0.004779297,6210.852,0.005345704,0.0006395438944671933
5225.679294339108,11396.92,0.004886719,6182.653,0.005390625,0.000604939116226753
4425.75891494555,11107.88,0.004837891,6633.839,0.005345704,0.0005328245582060829
5669.089423935018,11451.4,0.004898438,5771.843,0.005419922,0.0005593461483505462
5176.474140162686,11448.83,0.004716797,6214.057,0.00522461,0.001770908879084781
6014.440739569446,11545.61,0.004916016,5491.775,0.005431641,0.0005552790981287469
5283.872748959409,11400.77,0.004796875,6119.205,0.005326172,0.0006474984126285019
5006.882645322522,11320.66,0.004871094,6353.77,0.005388672,0.0005794715753624383
5572.383485442124,11420.0,0.004914063,5858.364,0.005404297,0.0006102220755529167
5636.777827984754,11399.49,0.004929688,5751.976,0.005466797,0.00045057555168836837
5636.466205582462,11440.5,0.004927734,5793.633,0.005404297,0.0005984954156561722
5487.73957898952,11424.48,0.004886719,5929.502,0.005384766,0.0006079982440015841
4639.457415063287,11206.58,0.004869141,6525.528,0.00534375,0.0003122624272305607
5400.290167915098,11418.71,0.004898438,5984.619,0.00540625,0.00047467808762453417
5839.089960198973,11528.31,0.004744141,5668.66,0.005175781,0.0018130887648470386
5140.1943764183015,11358.47,0.004947266,6219.184,0.005400391,0.0004417154628928502
5191.654090240166,11330.91,0.004867188,6156.377,0.005363281,0.0005427383309707306
4557.648664127783,11224.52,0.004853516,6629.994,0.005359375,0.0005311835802885041
5202.941179345393,11317.45,0.004851563,6119.846,0.00534375,0.0005995866663760098
6269.129996962846,11642.38,0.004957031,5353.984,0.005484375,0.00047272652425150503
5961.857541159576,11498.18,0.004947266,5498.184,0.005453125,0.0005018718551675568
5130.670985353788,11348.86,0.004865235,6246.101,0.005361328,0.00036879188253955233
6100.690793341485,11559.71,0.004726563,5478.957,0.005242188,0.0018756674332814703
4893.666116111503,11274.51,0.004701172,6413.373,0.005242188,0.0017635426657567307
5564.153121647056,11448.83,0.004945313,5872.463,0.005457032,0.00058769773140523
5309.807965382157,11418.07,0.004945313,6114.719,0.005484375,0.000563928437843498
6063.0362352405045,11571.25,0.004914063,5560.991,0.00540625,0.000533138883183585
5549.245010764388,11416.15,0.004929688,5863.491,0.005451172,0.0005503844771376117
4741.832946032831,11198.25,0.00471875,6457.594,0.005222656,0.0016861648455299392
5156.794120258252,11296.94,0.004896485,6142.277,0.005357422,0.0005899236206666273
5236.505776824471,11391.8,0.004882812,6129.459,0.005375,0.0004289398691173016
5296.189858408106,11371.93,0.004685547,6061.525,0.005222656,0.0018354563270380176
5481.9491349178115,11367.44,0.004990235,5824.396,0.005470703,0.0004880454942627984
5008.291405586225,11268.75,0.004785156,6258.278,0.005324219,0.0006506440117156583
5782.450381691239,11435.38,0.004783203,5662.251,0.005359375,0.0006810452946847724
5624.515378706182,11425.12,0.004748047,5819.269,0.00525586,0.000726613714462282
5450.700903817866,11361.03,0.004869141,5907.712,0.005363281,0.0005110256984574344
4521.498584283304,11204.66,0.004734375,6544.755,0.005240235,0.0007034751375395444
4732.280217868039,11120.7,0.004810547,6415.295,0.005283203,0.000588345858548031
5511.354733926825,11410.38,0.004796875,5910.917,0.005361328,0.0006378721978780121
5060.543935523389,11355.91,0.004746094,6310.19,0.00528125,0.001828913420803424
6006.262806456316,11524.46,0.004945313,5654.561,0.00547461,0.0004911644563724732
4726.974613205778,11194.4,0.004873047,6513.352,0.005386719,0.0005835619005459813
5246.871450765642,11294.38,0.004730469,6010.895,0.005285156,0.000747471652337129
5564.876964219925,11403.97,0.004728516,5835.292,0.005269532,0.0017503373664793517
5713.336572021837,11464.22,0.004931641,5718.009,0.005466797,0.0005720910812299546
5366.282468276477,11441.14,0.004695313,6069.216,0.005236329,0.0017033457063080166
5859.50566077476,11481.52,0.004714844,5682.119,0.005212891,0.0018079513507362457
5418.291795277872,11299.51,0.004869141,5921.171,0.005408203,0.0005106013656862864
4992.487731663232,11334.12,0.004865235,6337.107,0.005324219,0.00031744995713152364
5788.216489403049,11385.39,0.004837891,5643.666,0.005373047,0.000693842478564869
6100.280721465797,11532.15,0.004882812,5423.2,0.005410157,0.0005545259262256397
5793.06078402025,11517.41,0.004916016,5729.544,0.005392578,0.000532185845385602
5550.977341307186,11436.02,0.004929688,5873.104,0.0054375,0.0005133061212302036
5800.148207829869,11434.1,0.004931641,5641.743,0.00547461,0.0005266224152145016
5315.9723078276165,11391.8,0.004888672,6081.393,0.005357422,0.0006041786191160321
6038.51100122421,11546.89,0.004960938,5494.338,0.005498047,0.0004477880562280941
5889.965523109679,11450.76,0.004757813,5532.151,0.00534375,0.0006759700067941129
5478.429835618744,11447.55,0.004886719,5978.851,0.005361328,0.0005852215283021531
6164.642513713821,11562.91,0.004927734,5411.664,0.005457032,0.0005175939720811387
5838.971831167492,11487.29,0.004957031,5657.125,0.005492188,0.000604846532366419
6330.319540271374,11668.66,0.0048125,5312.967,0.005347657,0.0006494317293381036
5599.806396987039,11477.68,0.00494336,5850.032,0.005451172,0.0004708181002729499
5805.643193683868,11460.37,0.004710938,5680.837,0.005234375,0.0018018690901214188
5863.277443015746,11514.21,0.004822266,5611.622,0.005345704,0.0006880958332721257
5888.924377229319,11459.09,0.004896485,5618.03,0.005396485,0.0004753935976819188
5415.365965760444,11388.59,0.004884766,5975.646,0.005357422,0.0005436657135120827
5779.760592996573,11496.9,0.004853516,5727.622,0.005378907,0.0004431802440479509
4689.310379676775,11123.91,0.00469336,6483.871,0.00515625,0.0005287875967483224
5754.834938216408,11496.26,0.004916016,5774.407,0.005400391,0.0005238445235496856
5335.168652966464,11432.17,0.004699219,6071.779,0.005181641,0.0017765894765680837
5706.855216213532,11500.75,0.004931641,5761.589,0.005441406,0.0004873687870299306
6167.342209712572,11578.29,0.004945313,5416.791,0.005457032,0.0004289955254659414
4868.147543313728,11173.89,0.004875,6328.135,0.00534375,0.000550494754849327
5271.491174385068,11360.39,0.004929688,6100.619,0.005447266,0.0004625079191506372
5774.257872808843,11441.14,0.004972656,5620.594,0.005460938,0.0004208394680029321
5238.326450840581,11323.22,0.004929688,6097.415,0.005439453,0.00044303432607218946
5147.043982652991,11371.93,0.004925781,6223.029,0.00540625,0.0004879521944724103
5083.508290206887,11336.68,0.004699219,6203.162,0.00519336,0.0017555070467516662
5695.633049142001,11479.6,0.004929688,5800.042,0.005417969,0.0004965912503869425
5288.052738519441,11433.45,0.004902344,6105.105,0.005402344,0.0004653371212669333
4988.754277679454,11318.74,0.004945313,6348.643,0.005464844,0.0005695949340273753
6067.828130641852,11559.71,0.004896485,5498.184,0.005419922,0.0005630884335501604
5211.744370616084,11346.29,0.004902344,6104.464,0.005390625,0.0005116734929272408
5739.30813682296,11453.32,0.004960938,5701.987,0.005457032,0.000578592026367112
5292.934334939815,11377.06,0.004884766,6112.155,0.005363281,0.00041538436421646925
5808.202799104836,11298.23,0.004978516,5637.257,0.005460938,0.0004883945007602543
5213.747102445208,11326.43,0.004898438,6094.21,0.005404297,0.00041758468582850703
5702.336051411075,11420.0,0.004748047,5755.18,0.005302735,0.0017839260943803693
5177.385147533012,11353.34,0.004972656,6176.885,0.005464844,0.0004877899746794407
5561.864480975361,11420.64,0.004830078,5864.131,0.005363281,0.0006158132560375567
4890.21189683988,11226.45,0.004714844,6328.135,0.005222656,0.0018565771566697543
5585.464364456852,11400.13,0.004884766,5862.209,0.005371094,0.0005763327670686076
5134.6845656875,11395.64,0.004851563,6271.096,0.005408203,0.0005492027374301141
5573.5523108130465,11418.07,0.004923828,5813.501,0.005453125,0.0006400780058315648
5476.1442037799925,11436.02,0.004927734,5937.834,0.005455079,0.0005951927116342518
5545.154463116012,11437.94,0.004929688,5908.353,0.005433594,0.0005816587520681856
5603.990875097755,11403.97,0.004910157,5748.131,0.005402344,0.0005052773341881859
5024.225609480706,11239.91,0.004714844,6253.151,0.0051875,0.0018439761794848874
5369.038842908082,11384.75,0.004916016,6023.712,0.005421875,0.000507844721861501
5430.871254716038,11406.54,0.004929688,5983.337,0.00544336,0.00047006732096017257
5226.36664491196,11341.17,0.004933594,6139.714,0.005421875,0.0004831318463179894
4933.191591122323,11298.23,0.004873047,6247.383,0.005373047,0.0005645730885358636
5812.697568919793,11487.29,0.004947266,5689.169,0.005453125,0.0004999671717379387
6243.865302688587,11543.69,0.004699219,5432.813,0.005271485,0.0018140427780552059
5917.683720649775,11491.77,0.004927734,5578.936,0.005421875,0.0005723068779209825
6082.629362018483,11316.17,0.004972656,5464.857,0.005449219,0.0006034664747468358
5388.615989126516,11427.69,0.004898438,6023.072,0.005390625,0.00047456916676278613
4330.031834462881,10657.34,0.004671875,6519.12,0.005128907,0.0019255600988560117
5857.780531115183,11511.0,0.004916016,5658.406,0.005408203,0.0005035454244330943
5781.464599633649,11439.86,0.004744141,5680.837,0.005359375,0.0017286920423279586
5744.235217602821,11465.5,0.004927734,5702.627,0.005429688,0.0006148066470640314
4997.4744035813,11323.86,0.004886719,6308.267,0.005371094,0.0003368325200754864
5289.104263451151,11323.22,0.0048125,6042.298,0.005324219,0.0006605636721993389
4780.322655819274,11141.21,0.004867188,6377.483,0.005339844,0.00048800355260895066
5500.464857101234,11433.45,0.004839844,5920.53,0.005365235,0.0006433823569344969
4708.5267659095525,11222.6,0.004792969,6520.401,0.0053125,0.0005904434698357098
5340.815565997678,11341.81,0.004900391,5984.619,0.005373047,0.0006120251466421176
5245.054004169399,11374.49,0.004867188,6119.205,0.005357422,0.0004981629742202459
6396.073739142151,11739.8,0.004910157,5250.16,0.005457032,0.0005449391553412571
5562.046969585393,11415.51,0.004882812,5851.313,0.005388672,0.0005850049368898356
5458.808689982781,11332.83,0.004900391,5896.817,0.005416016,0.0006146417127641932
4884.8210206437525,11252.08,0.004886719,6358.257,0.005419922,0.0005654656189295985
5601.753917475735,11477.68,0.004896485,5856.44,0.005410157,0.0005262467413213432
5822.442458068979,11491.77,0.004746094,5696.218,0.00522461,0.0016764805372018173
5753.001322220942,11402.05,0.004962891,5685.964,0.005445313,0.0003915665587258434
5335.974425067132,11408.46,0.004931641,6079.47,0.005439453,0.0005113947673087632
5286.032260992699,11402.69,0.004933594,6139.714,0.005439453,0.0005164108165638352
5954.064054787295,11534.07,0.004927734,5584.063,0.00544336,0.00039682118430685016
5361.970555887808,11353.98,0.004941407,6006.409,0.00544336,0.0004807295712611473
6076.4880972963865,11596.24,0.00496875,5516.77,0.005480469,0.0005828472527709125
4701.3147367021575,11150.18,0.00475,6433.881,0.005283203,0.0007574717138173532
5316.799352933892,11334.76,0.004900391,6042.939,0.005371094,0.0004980857210210039
5627.988783076166,11443.07,0.004808594,5817.347,0.00534375,0.0006624765298252888
5923.36360043028,11555.22,0.004914063,5580.859,0.005470703,0.000511671480082099
4635.95714219561,11148.9,0.004927734,6524.888,0.005416016,0.0004922343053973019
5483.769929601711,11477.03,0.004882812,5958.342,0.005376953,0.0005609980839962189
5872.815001636723,11495.62,0.004958984,5622.517,0.005478516,0.0004076227616074372
5557.818886197079,11493.06,0.004947266,5896.176,0.005482422,0.0005809031047647193
5459.987053677526,11346.93,0.004957031,5898.739,0.005431641,0.00043329329184928385
4897.300588568515,11251.44,0.004685547,6295.45,0.00515625,0.0017609533904493016
5576.986251064264,11390.51,0.004917969,5829.523,0.005431641,0.0004535472241543684
5017.381232815278,11216.19,0.004910157,6174.322,0.005400391,0.0005788684311267111
5505.288342802834,11407.82,0.004931641,5804.529,0.005429688,0.0005454110883141689
5890.954298049898,11527.02,0.004896485,5632.771,0.005390625,0.0005922711199568611
5161.082474830295,11388.59,0.004871094,6197.394,0.005357422,0.0005508386065251205
5321.758299922578,11357.83,0.004726563,6024.354,0.005226563,0.0019317728515669168
5484.580260660486,11403.33,0.004931641,5935.271,0.005431641,0.000442969699216052
5676.456374891371,11441.14,0.004742188,5751.335,0.00522461,0.0018010592209909185
5287.008643273345,11306.56,0.004914063,6017.304,0.00540625,0.0005358189283365816
4911.251859110812,11273.87,0.004933594,6346.721,0.005404297,0.0006157296246228506
5068.88805427214,11279.64,0.004871094,6181.371,0.005308594,0.0005373410377252057
5078.176066441539,11357.83,0.004884766,6260.841,0.005369141,0.00039985528090601195
6012.250047338539,11521.9,0.004810547,5544.969,0.00528125,0.0006989538705276044
5562.607718150882,11408.46,0.004697266,5835.932,0.005160157,0.0017834949900894883
5601.241320577178,11379.62,0.004939453,5784.021,0.005421875,0.0005980193385913446
5483.391451810647,11385.39,0.004826172,5902.584,0.005363281,0.0006324787504543562
5025.139012915804,11325.79,0.004882812,6299.936,0.005361328,0.0005063993452741004
5441.626611278444,11417.43,0.004886719,6006.409,0.005388672,0.0005779224470252629
4933.525027690067,11314.89,0.004708984,6378.765,0.0051875,0.0005017131770561343
5201.475731298975,11309.76,0.004929688,6098.697,0.005392578,0.000586302336041568
5158.459976946058,11388.59,0.004884766,6244.819,0.005376953,0.00038950371865747384
5097.370092862662,11355.91,0.004898438,6251.869,0.005386719,0.0005355260190751046
5700.171589970238,11426.4,0.004853516,5732.75,0.005345704,0.000444111997255394
5075.942745961743,11396.92,0.00491211,6326.854,0.005417969,0.0005469519088724682
5705.88177831413,11378.98,0.004744141,5696.218,0.005326172,0.0018180798023299948
5176.111352469083,11367.44,0.004867188,6169.194,0.005363281,0.00039161873189772964
5350.371883636091,11428.97,0.004925781,6087.161,0.005398438,0.00043293115634827185
5113.651755604374,11334.76,0.004947266,6207.648,0.005466797,0.0005094674784867333
5347.87252417679,11361.67,0.004878907,6000.0,0.005361328,0.0004312449455820426
5700.429507301476,11434.74,0.004824219,5728.263,0.005322266,0.000651261805666754
5803.579860433339,11496.26,0.004769532,5703.909,0.005287109,0.001794971539907466
5150.97514271496,11389.87,0.004714844,6280.709,0.005207031,0.001778925712633413
5159.433579653029,11314.25,0.004798828,6120.487,0.005298828,0.0006974373554438137
5883.301117610842,11543.05,0.004810547,5639.18,0.005359375,0.0006429242947288125
4819.097972113491,11212.99,0.004884766,6410.81,0.00534375,0.0005452893017386834
5489.344478654344,11404.61,0.004916016,5919.248,0.005421875,0.0006104635111340423
5143.192835574709,11321.3,0.004945313,6171.117,0.005488282,0.000483495105764224
5753.455586190515,11469.99,0.004988282,5693.655,0.005466797,0.000402408516011525
6036.931293709848,11542.41,0.004914063,5498.184,0.005375,0.0006147843982768632
5855.221248353108,11508.44,0.004939453,5684.042,0.005466797,0.00046456547927134885
5286.349903429451,11378.98,0.004701172,6121.127,0.005253906,0.0018252075155947038
5225.285361916834,11374.49,0.004794922,6135.227,0.005341797,0.0006510032266711266
6512.440962964241,11505.23,0.004744141,5304.636,0.00525586,0.001719889033044061
5683.110836475438,11423.84,0.004960938,5727.622,0.00546875,0.0005503875469677201
5266.132250641275,11347.58,0.004896485,6068.575,0.005371094,0.0006120106790974617
5715.958267824459,11430.25,0.004933594,5744.285,0.005451172,0.0005029543490004526
5288.787328013866,11403.33,0.004910157,6106.387,0.00540625,0.0005654970399607207
5888.260730613077,11494.34,0.004939453,5614.185,0.005453125,0.0004308264969100612
4846.650022349791,11277.08,0.00475,6500.534,0.005318359,0.000479734094690031
5329.85816650379,11390.51,0.004916016,6024.354,0.005431641,0.0005618668272656563
5431.339546507829,11362.96,0.004792969,5903.226,0.005332031,0.0006197035119091182
5460.4331562448915,11394.36,0.004720703,5917.966,0.00522461,0.000549214192780254
5769.793492693731,11480.88,0.004957031,5701.987,0.005457032,0.0005486358257226433
4911.617521030727,11292.46,0.004884766,6365.947,0.005371094,0.0005805383315237872
5943.32145039817,11530.87,0.004810547,5580.859,0.00534375,0.0007165387978497458
5178.915369525194,11370.65,0.004783203,6207.648,0.00534375,0.0006630394834778948
5833.776500882727,11514.85,0.004853516,5695.578,0.005359375,0.0005032569931688606
4997.815448781069,11346.93,0.004685547,6336.466,0.005185547,0.0018704182841563675
5778.952328756673,11433.45,0.004931641,5605.853,0.005433594,0.0005728597870875206
5316.655317466193,11331.55,0.004810547,6014.1,0.005294922,0.0006718201334296785
5577.198929475329,11407.82,0.004960938,5790.429,0.005435547,0.000522896851323778
5557.23658524558,11454.6,0.004916016,5887.845,0.005421875,0.0005408753529832972
5677.858946720747,11480.88,0.004765625,5775.688,0.005269532,0.000816811817801842
5238.295665266856,11396.92,0.004900391,6198.675,0.005394531,0.000564876258239052
4792.9139511522935,11242.47,0.004705078,6408.246,0.005171875,0.0005216711106078906
5618.086989741212,11410.38,0.004958984,5787.225,0.00541211,0.0004274825061432824
4845.295511944212,11193.76,0.004712891,6353.77,0.005242188,0.0017394058037865149
5392.951790002186,11416.79,0.004929688,5990.387,0.005449219,0.0004113481642785315
5775.291133406109,11446.27,0.004972656,5660.329,0.005460938,0.00046565108471321445
5417.263194409561,11396.92,0.004810547,5990.387,0.005345704,0.0006758784860071267
4847.508835842144,11252.08,0.004810547,6386.456,0.005359375,0.0006126253521205844
5631.901043121801,11444.35,0.004898438,5809.656,0.005400391,0.0005297102193797997
5512.989706894974,11386.67,0.004902344,5849.391,0.005382813,0.00044898682912605136
5344.116748662526,11351.42,0.004960938,5980.773,0.0054375,0.000556016576805601
5377.121177256602,11357.83,0.004957031,5971.16,0.005453125,0.0003951612753849252
5662.952238165993,11475.11,0.004931641,5818.628,0.005425781,0.0004790295100858831
5346.822210632041,11299.51,0.004945313,5905.148,0.005449219,0.0005580442023538981
5093.810764280903,11340.53,0.004697266,6249.947,0.00521875,0.0017926354037580922
5701.474272892325,11416.79,0.004898438,5724.417,0.005373047,0.0004029710385353268
5117.962701133906,11384.75,0.004871094,6283.914,0.005347657,0.0005542058473129446
5271.53199467922,11370.65,0.004902344,6114.719,0.005359375,0.0005899213817200635
5067.396425524891,11313.61,0.004853516,6265.969,0.005361328,0.0005815005344521828
5124.479420078026,11295.02,0.00491211,6190.344,0.005455079,0.0005557234586070455
5678.3278744678755,11410.38,0.004939453,5735.954,0.005414063,0.00042680431922846655
5042.276698504133,11352.7,0.004759766,6249.306,0.0053125,0.001609041541640872
5189.257437532929,11356.55,0.004740234,6177.526,0.005300782,0.0016061153551636324
5903.957604883373,11512.28,0.004945313,5573.809,0.005455079,0.0005549131049952437
5623.296798059904,11412.3,0.004896485,5794.916,0.005373047,0.0004019796010573871
5138.229576367693,11338.6,0.004853516,6161.504,0.00534375,0.00043513775514092336
5588.92344523763,11399.49,0.004886719,5811.579,0.005361328,0.0005429467520651517
5494.533294203677,11401.41,0.00453711,5920.53,0.005058594,0.0018642784018370168
5631.22947260075,11459.73,0.004757813,5825.678,0.005251953,0.000716683903668067
5275.525805269671,11348.22,0.004783203,6057.68,0.005332031,0.0006835379030219717
5751.122828922971,11484.08,0.004570313,5721.854,0.005185547,0.0019136446159926223
5800.697024819162,11421.92,0.004927734,5621.234,0.005431641,0.000566673634227171
5817.554079937733,11507.16,0.00491211,5677.633,0.005410157,0.0005770290772861506
4876.992552471402,11171.33,0.004705078,6323.648,0.005177734,0.0005694109967802827
4890.939315264971,11278.36,0.004705078,6362.102,0.005175781,0.0005010516913933741
5848.202350590005,11500.75,0.004916016,5630.848,0.005429688,0.0005780532535149404
5602.682812320783,11443.07,0.00488086,5839.137,0.005361328,0.0005813159693446227
6127.532816172021,11557.79,0.00494336,5431.531,0.00546875,0.0006022756820003955
4965.711630663267,11298.87,0.004720703,6368.511,0.005207031,0.0005294506012117811
5505.959535301427,11398.85,0.004927734,5865.413,0.005435547,0.00044322089116697347
5807.327723437075,11448.83,0.004914063,5618.03,0.005464844,0.0006177368101950697
5599.311892901077,11382.82,0.004960938,5819.91,0.005460938,0.00046609198718959674
5797.071242704848,11492.42,0.00494336,5687.246,0.00544336,0.00045029499809384044
5179.628615208135,11295.02,0.004853516,6145.481,0.005326172,0.0005753343402450542
5250.101408012916,11410.38,0.004878907,6151.25,0.00541211,0.00030734840886997947
5234.644221542935,11402.69,0.00491211,6191.625,0.005369141,0.00047048714149575024
5075.250320249756,11364.88,0.004792969,6330.058,0.005371094,0.0016294543542139963
5938.481694077338,11530.87,0.004767579,5589.19,0.005300782,0.0006382221214518437
5925.735970196613,11517.41,0.004916016,5574.45,0.005404297,0.0005351995468899709
6474.6147824030095,11737.24,0.00494336,5182.867,0.005535156,0.0004280506150132696
5507.529701634726,11409.1,0.004714844,5927.58,0.005191407,0.0017853395005135715
5355.540454146592,11407.82,0.004882812,6060.244,0.005376953,0.0005879922807474128
5522.080702667691,11430.89,0.004914063,5921.171,0.0054375,0.0004327467177715503
4626.494945663664,11184.15,0.004873047,6577.441,0.005376953,0.0005392225590238288
5775.217949889028,11498.83,0.004900391,5743.003,0.005435547,0.0004989039048254858
5166.051338267259,11341.17,0.004925781,6171.758,0.005386719,0.0005236734023484938
5579.401669097617,11420.64,0.00494336,5846.828,0.005447266,0.00046054205822484805
4935.310916837087,11175.82,0.004931641,6308.267,0.005480469,0.0004939163378194097
4806.61157403289,11165.56,0.00465625,6420.423,0.005189453,0.0006930868147360011
5428.517942972523,11393.08,0.004933594,5991.668,0.005414063,0.0006042728530932605
5722.657677037677,11461.01,0.00494336,5763.512,0.005525391,0.0004526860623418835
5325.624940840277,11380.9,0.004896485,6015.381,0.005375,0.0005343227996546303
5071.190197280847,11307.84,0.00491211,6276.223,0.005402344,0.0005470425804614512
5215.401504017456,11322.58,0.004882812,6087.161,0.005361328,0.0005031706532238732
5128.011542132011,11328.35,0.004765625,6156.377,0.005267578,0.00046137879626068973
6122.072699685733,11560.35,0.004710938,5450.118,0.005234375,0.0007754873921271501
5783.764914189104,11428.33,0.004945313,5635.334,0.005423828,0.0005262091632089113
5718.284708910353,11460.37,0.004957031,5736.595,0.005451172,0.0004152955803351818
5279.56332682057,11395.0,0.004685547,6099.337,0.005181641,0.0017972654755940502
5950.190791807627,11486.65,0.004927734,5511.001,0.005419922,0.0003431215661521994
4990.674108182153,11295.66,0.004886719,6328.135,0.005421875,0.0005555340672452865
6276.250006192191,11610.98,0.004970703,5293.1,0.005462891,0.0004677993930588628
5374.559371318334,11370.65,0.004933594,5982.055,0.005404297,0.0005093925090449179
5524.143275034763,11439.22,0.00494336,5909.635,0.005421875,0.0005011123472547562
5099.103496324523,11348.22,0.00478125,6296.091,0.005345704,0.0006487465635415017
4320.392433319815,11037.38,0.004871094,6594.745,0.005345704,0.0004853953554595745
5599.065835976787,11462.29,0.004699219,5809.656,0.005181641,0.0017309263318590552
5720.411634869146,11416.15,0.004929688,5724.417,0.00540625,0.0005061827660978298
5693.492332245417,11454.6,0.004757813,5753.898,0.005271485,0.0016708315616162383
5516.965709865929,11398.21,0.00491211,5902.584,0.005431641,0.000545001440831701
4810.790608852217,11261.7,0.004720703,6597.949,0.005330078,0.0004885762356039063
5590.362298729299,11440.5,0.004910157,5822.474,0.005384766,0.0006156632305516147
6052.995919747514,11448.83,0.004900391,5429.609,0.005376953,0.0005613939203317379
5345.534303787558,11400.13,0.00475586,6048.708,0.00534375,0.0006833825045186159
5399.4343741544735,11449.48,0.004884766,6010.895,0.005394531,0.000568795736619605
6143.2029470233565,11543.69,0.004916016,5430.25,0.005425781,0.0005071975092549526
5286.880133783403,11343.09,0.00494336,6048.708,0.0054375,0.0005251976489061666
5770.387159672163,11441.14,0.004927734,5689.169,0.005449219,0.00047252705239198304
5371.450334406828,11349.5,0.004916016,5978.851,0.005417969,0.0005591661915053783
5253.463117657031,11381.54,0.004738281,6127.537,0.00522461,0.0006931498794940916
5936.763394695696,11518.05,0.004931641,5601.367,0.005425781,0.0004455427237655291
5300.355065023835,11336.04,0.004701172,6059.602,0.005185547,0.0018481401529927342
4647.575084883458,11096.99,0.004873047,6388.378,0.005359375,0.0006376512074450456
5382.202205990379,11401.41,0.004851563,5914.121,0.005384766,0.00028300656067649604
5750.286530804566,11456.53,0.004898438,5740.44,0.00540625,0.0005461555440723857
4744.186104633997,11296.3,0.004898438,6544.755,0.005376953,0.0005751578842545974
5735.058246780197,11463.58,0.004960938,5749.413,0.0055,0.0005423669688002867
4966.609576156705,11310.4,0.004794922,6399.914,0.005326172,0.0006596645038690366
5471.564374931613,11440.5,0.004958984,5984.619,0.005458985,0.0004792029998967129
4839.801201869523,11262.34,0.004642578,6421.705,0.005144531,0.0017501978980483603
4880.717827124506,11263.62,0.00478125,6385.174,0.005341797,0.0006291477573163134
5615.764754345701,11454.6,0.004957031,5825.678,0.00546875,0.0005988579252086901
5977.147062943549,11553.3,0.004929688,5548.814,0.005435547,0.0006352658337639154
5339.761685607678,11337.96,0.004927734,5976.928,0.005417969,0.0005884552769760765
5845.336183296651,11476.39,0.004947266,5644.948,0.005423828,0.0004872514102247693
4470.85868427288,11114.93,0.004841797,6592.181,0.005326172,0.00046148701319003403
5510.159450489183,11398.21,0.00494336,5889.767,0.005462891,0.0004568849210288414
5693.357928536395,11444.35,0.004794922,5738.517,0.005298828,0.0006643661680871002
6231.405690200602,11610.98,0.004933594,5346.934,0.005455079,0.0005277036827716445
5146.956759929098,11364.24,0.004808594,6209.57,0.005310547,0.0006289667789037261
5345.985921534211,11441.14,0.004658204,6117.923,0.005216797,0.0018547535056572038
5242.111020397787,11371.29,0.004779297,6119.846,0.005328125,0.0007202717922768517
6188.044831804492,11583.42,0.004957031,5411.664,0.005472656,0.0005526993736342855
5755.139281833603,11485.37,0.004935547,5719.932,0.005433594,0.000526532880336296
4959.5980146992915,11312.33,0.004853516,6378.765,0.005361328,0.0005358873661448346
5301.535805126412,11364.24,0.00491211,6061.525,0.005384766,0.0005469405748898732
5600.04311083429,11439.22,0.004826172,5829.523,0.005361328,0.0006628310818468988
5514.87197881852,11386.67,0.004947266,5889.126,0.005449219,0.0004438508624262989
5019.2274716286365,11348.86,0.004798828,6399.273,0.005357422,0.0006427458139357691
5611.338424480581,11479.6,0.004916016,5858.364,0.005457032,0.0005574211893104314
5267.666703367392,11345.65,0.004882812,6089.724,0.005390625,0.000541660410223696
4947.056663394176,11353.34,0.004884766,6428.754,0.005402344,0.000506467302364305
6090.55583816423,11532.15,0.004746094,5459.09,0.005240235,0.0016551300440833959
5389.834186745287,11426.4,0.004794922,6026.917,0.0053125,0.0006530207818368118
5454.348488429728,11416.15,0.004941407,5962.187,0.005453125,0.0004946663761045006
5087.280558906022,11330.27,0.004929688,6229.438,0.005435547,0.0005142283740455812
5591.529826466526,11483.44,0.004746094,5895.535,0.005279297,0.0017527113236279967
5551.8702047625575,11426.4,0.004878907,5864.131,0.005373047,0.0005145587402022087
5605.606803740084,11430.89,0.004728516,5852.595,0.005234375,0.0017331014704464276
5642.3401219429625,11421.28,0.004853516,5793.633,0.005326172,0.0004114387905562238
5253.313099114051,11389.87,0.004751953,6103.824,0.005283203,0.0008143912847935029
5653.668211432339,11423.2,0.004853516,5759.667,0.005345704,0.0003997903142239651
5961.061826098095,11531.51,0.004931641,5541.764,0.005419922,0.00046342772675451196
6346.912721137895,11596.88,0.004869141,5355.266,0.005332031,0.00043505703872014756
5618.407369747143,11445.63,0.00494336,5805.811,0.005455079,0.00043525064911417195
5432.041506962511,11354.63,0.004914063,5923.734,0.005398438,0.0005873796524065771
5402.985410619049,11420.64,0.004970703,6001.282,0.005470703,0.0006212176622724117
5405.999667238304,11389.23,0.004898438,5961.546,0.005417969,0.0005669847037555574
5593.439103623965,11471.27,0.004523438,5895.535,0.005125,0.0018167372906053962
6474.5886413325525,11652.64,0.004900391,5374.493,0.005390625,0.0005377736124535986
5004.50523622106,11268.1,0.00475,6215.979,0.005269532,0.0007907891048805393
4338.6689121633635,10866.91,0.004900391,6487.716,0.005419922,0.0005250371069486679
4342.788567802015,11060.46,0.004736328,6608.844,0.005265625,0.0005292972647423376
4444.330439344802,11000.85,0.004839844,6428.113,0.005332031,0.000476750989776981
4836.010203615231,11307.2,0.00471875,6538.987,0.00522461,0.0017362491180239164
5218.102602019641,11370.01,0.004914063,6159.581,0.005390625,0.00046313017262703064
5311.934190430615,11350.14,0.004710938,6058.961,0.005203125,0.001832107362129355
5134.7341249972305,11335.4,0.0048125,6195.471,0.00534375,0.0006095257285262956
4551.529687127917,11123.91,0.004738281,6570.391,0.005267578,0.0006834718659993312
5388.939846334411,11432.17,0.004779297,6026.917,0.005345704,0.0007135870091099567
5474.82628843951,11452.04,0.00491211,5981.414,0.00540625,0.0005076706959941971
6511.129616757322,11695.58,0.004970703,5200.812,0.005484375,0.0005573100443745476
5100.508313843524,11395.0,0.004767579,6272.377,0.005287109,0.0007126502021417952
5211.944230420852,11398.85,0.004916016,6162.786,0.005433594,0.0006134966819222652
4995.272205837895,11254.65,0.004732422,6230.079,0.005285156,0.0005415898260070332
5803.4252234585465,11494.34,0.004832032,5676.992,0.005402344,0.001689941454371434
5030.066088020158,11289.25,0.004714844,6294.167,0.005222656,0.001911166288528846
5433.198833345863,11353.98,0.00478125,5914.121,0.00534375,0.0006910340345760716
4714.755818507037,11240.55,0.004871094,6492.202,0.00534375,0.0005752876333642219
5574.299955866295,11448.19,0.004714844,5862.209,0.005208984,0.0016743749724005858
4982.092358698793,11273.23,0.004820313,6349.925,0.005357422,0.0004890872543521382
5570.330609016093,11419.35,0.004726563,5830.165,0.005240235,0.000738608204039634
4979.424010565755,11213.63,0.004882812,6276.864,0.005375,0.000503364154216416
5206.67610081846,11375.13,0.00491211,6202.521,0.005384766,0.0005424445581422258
5507.623533339081,11430.25,0.004746094,5916.043,0.005240235,0.0007680123685179557
5970.784424969502,11554.58,0.004839844,5541.124,0.005464844,0.0006671942608567786
4856.614089555129,11230.29,0.004779297,6376.202,0.0053125,0.0006445050262938809
4978.746006261584,11293.1,0.004945313,6267.25,0.005417969,0.0005185313917730353
5634.531741105359,11396.28,0.004759766,5741.081,0.005287109,0.0017470274500694593
4461.256955008416,11026.49,0.004707031,6657.552,0.005220703,0.0005409651347332379
6525.937676161389,11778.89,0.004826172,5225.166,0.005294922,0.0006431852671723947
5510.415709287125,11448.83,0.004941407,5906.43,0.005417969,0.0004355099768013433
5770.07200537974,11477.68,0.004925781,5692.373,0.005472656,0.0005131773657770574
5559.7081780050985,11392.44,0.004794922,5812.86,0.005464844,0.0006971385855625494
5130.833342356336,11276.44,0.004701172,6179.449,0.005232422,0.0019513595073490082
5144.58316617501,11316.17,0.00465625,6173.681,0.005142578,0.0017483449585796874
5546.023158098313,11437.94,0.004746094,5896.817,0.00521875,0.0018106851474359706
4989.448415894051,11257.21,0.0046875,6281.35,0.00515625,0.0017206768881954178
5127.918073679908,11361.67,0.004900391,6245.46,0.005373047,0.000562469484460759
5310.741870059771,11395.0,0.004884766,6090.365,0.005373047,0.000526724228895042
5968.111118750217,11546.89,0.004914063,5573.809,0.005435547,0.0006138923625149223
5690.837683873586,11464.86,0.004931641,5776.33,0.005447266,0.0004919294612995638
5339.383430473442,11382.18,0.004898438,6060.244,0.005384766,0.0002966971699228172
5004.762510873456,11259.13,0.004914063,6198.034,0.005388672,0.0005153005511824825
4897.217570694093,11210.42,0.004714844,6323.008,0.005248047,0.0018841637595878305
5534.51347170892,11404.61,0.004914063,5876.949,0.005404297,0.0005395458394254416
5876.238723966274,11489.21,0.004958984,5609.058,0.005498047,0.0004470407933510178
6095.672520478175,11544.33,0.004746094,5453.322,0.005330078,0.000737396309272452
5007.4873693494,11309.12,0.004914063,6296.091,0.005390625,0.0005960804639423013
5956.027561304521,11509.08,0.004939453,5537.278,0.005421875,0.00046315979280219866
5104.041106630439,11312.33,0.004777344,6200.598,0.005363281,0.0006124546117706333
5525.5799562436705,11384.75,0.004931641,5881.436,0.005449219,0.0005871673432318877
5858.521935943383,11456.53,0.004972656,5544.328,0.005453125,0.0003962690541019844
5644.90138355981,11427.04,0.004792969,5807.733,0.005328125,0.000672785283067102
6241.002909168712,11571.25,0.004988282,5344.371,0.005453125,0.0003116045925059158
5345.058803084557,11476.39,0.004898438,6093.57,0.005392578,0.00039605159945598633
4743.862310048523,11207.86,0.004767579,6505.02,0.005326172,0.0006924296165367206
5355.483097287145,11310.4,0.004896485,5997.437,0.005404297,0.0005619573966193418
4957.936112705014,11352.06,0.004779297,6392.224,0.005298828,0.0005806590267268162
6251.43324924288,11587.91,0.004566406,5421.918,0.00513086,0.0017018051152846887
5061.696517455677,11329.63,0.004810547,6302.5,0.005324219,0.0006153454936957172
5393.063162518633,11436.02,0.004869141,6007.69,0.005314454,0.0005687703110045847
6050.339539816174,11553.94,0.004712891,5516.77,0.005228516,0.0018010544807925723
5765.7035369099485,11487.93,0.00491211,5708.396,0.005441406,0.0006345030669572162
5843.824608097416,11489.21,0.004955078,5645.588,0.005462891,0.0005573466457355336
5504.792304283326,11383.46,0.004898438,5846.187,0.005435547,0.00048292675197781016
5471.863039202848,11374.49,0.004701172,5894.894,0.005189453,0.0017684054207981817
5478.799734199496,11437.3,0.004927734,5958.342,0.005431641,0.0005282691218336936
5722.412397976735,11400.77,0.00491211,5666.097,0.0054375,0.0006003650619126353
5375.098420901773,11343.73,0.004777344,5955.779,0.005316406,0.0006281543679631052
5548.380090628024,11419.35,0.004916016,5880.154,0.005390625,0.0006007966400519006
5513.906918768488,11454.6,0.004761719,5955.138,0.005341797,0.0007407618529693516
6010.798435376738,11521.26,0.004958984,5495.62,0.005453125,0.0004876851987939983
4924.586117282853,11306.56,0.004751953,6378.124,0.005341797,0.0006551460810897606
5439.415936971711,11406.54,0.004871094,5966.674,0.005373047,0.0005953852455436731
5706.2064661819695,11456.53,0.004929688,5741.722,0.00540625,0.0005772237244135424
5096.885382873471,11361.03,0.004873047,6275.582,0.005341797,0.0005788094741011483
5067.350432986722,11297.59,0.004839844,6238.411,0.005310547,0.0006427647140957532
4643.114950646056,11239.26,0.004841797,6544.114,0.005326172,0.0004334240447978723
4943.243516445917,11351.42,0.004785156,6390.942,0.005345704,0.0008054656805027901
5266.775142146907,11334.12,0.004810547,6067.934,0.005357422,0.0006779091174469015
5808.022171225185,11482.16,0.004927734,5671.865,0.005402344,0.0004445523406385049
5204.918727056628,11336.68,0.004900391,6130.741,0.005373047,0.0005150270172940528
5561.328983830767,11439.86,0.004914063,5891.69,0.005408203,0.00043607014311663973
5462.689316293369,11369.37,0.00491211,5933.347,0.005375,0.00044740759606382024
5457.633918152956,11342.45,0.004964844,5868.618,0.005451172,0.000464292101537277
4860.700213119177,11325.79,0.004839844,6509.506,0.005345704,0.0005593744129566798
5506.270201125828,11447.55,0.00475,5983.978,0.005248047,0.0007161976180403559
5887.624347541984,11468.06,0.004712891,5627.644,0.005230469,0.0017714927055518198
5774.554550073438,11393.72,0.004896485,5590.472,0.005433594,0.00047728313511018156
6550.692876067806,11587.91,0.004933594,5398.205,0.005457032,0.0005656871391345931
5472.76613335572,11402.69,0.004947266,5939.756,0.005447266,0.0005163260187648644
5812.864650048553,11414.87,0.004958984,5623.158,0.005451172,0.0004467394206390283
6088.957874935026,11498.18,0.004882812,5418.073,0.005376953,0.0005700367057900225
5607.371303957495,11416.15,0.004916016,5801.965,0.005388672,0.0005496756911140462
5354.773920999032,11380.9,0.004916016,6024.354,0.0054375,0.0004943960709336728
5606.867737247621,11479.6,0.004929688,5852.595,0.005408203,0.0006219468195197901
5353.943266853579,11384.75,0.004837891,6023.712,0.005298828,0.0005695436220047349
5674.689962884731,11491.77,0.004957031,5803.888,0.005439453,0.0004725410805942378
5489.570354993512,11398.85,0.004931641,5937.193,0.005439453,0.00044239599449459426
5292.746381110082,11377.06,0.004945313,6119.205,0.005421875,0.0006271588542319107
5024.221706949115,11314.89,0.00494336,6303.14,0.005453125,0.00047739356567154335
5242.259778207367,11400.77,0.004810547,6148.686,0.005330078,0.0006111308037472676
4872.211812529818,11315.53,0.004767579,6453.749,0.005269532,0.0006240767434862659
6187.676626740618,11576.37,0.004539063,5348.216,0.005123047,0.0018968169719568541
5679.283579858389,11437.94,0.004929688,5745.567,0.00540625,0.0004751170523157537
5386.193822468639,11390.51,0.004931641,6018.585,0.005464844,0.00044145046401578806
5681.917648953605,11441.14,0.004929688,5749.413,0.005447266,0.0004627532150080349
5071.724963026865,11362.32,0.004792969,6334.544,0.00534961,0.0006229467017924481
5463.707179678361,11366.16,0.004916016,5867.336,0.005417969,0.0005488361585832785
5135.963836837522,11333.48,0.004886719,6195.471,0.005359375,0.000565623223741879
5480.343724381841,11423.84,0.00491211,5926.298,0.005433594,0.0004981141038757942
5634.96178649216,11413.59,0.004810547,5799.402,0.005361328,0.0006543460162876473
5564.355010464257,11409.1,0.00497461,5846.187,0.0055,0.00020246736463180875
4964.679148242494,11343.09,0.004882812,6413.373,0.005375,0.00040135420508215827
5463.100182258094,11389.87,0.004699219,5929.502,0.005210938,0.0018883235929587265
5003.626029789851,11323.22,0.004708984,6356.975,0.00521875,0.0007097595408753068
4456.007650733729,11017.52,0.004701172,6494.766,0.005189453,0.001721237521039397
5267.804149278858,11412.95,0.004927734,6128.178,0.005423828,0.00047566846375352674
5470.868694614291,11411.66,0.004896485,5962.187,0.005386719,0.0004973194138604038
5682.527650691891,11447.55,0.004927734,5762.871,0.005423828,0.00046300999053838147
4890.895751756529,11269.39,0.004916016,6377.483,0.005421875,0.0005300152962863167
5182.188645338178,11403.97,0.004779297,6268.532,0.005320313,0.0007617568705640878
5887.823971372061,11593.68,0.004914063,5653.279,0.00544336,0.0004949904096335275
5089.281093230353,11297.59,0.004898438,6169.835,0.005361328,0.0005635161749710371
5524.122839355,11423.2,0.004925781,5887.845,0.005423828,0.0005017583637706853
5256.89202841065,11373.85,0.004914063,6098.056,0.005410157,0.0005030437732678432
5722.607735205604,11446.91,0.004916016,5723.136,0.005421875,0.0005881662207427505
5263.453592436316,11391.16,0.004945313,6091.006,0.005421875,0.000385624866961618
5310.368483960155,11343.09,0.004888672,6042.939,0.005404297,0.0005704215137871754
5548.354733058606,11380.26,0.004892578,5851.313,0.005375,0.0004108809171944857
4496.748866590181,10949.58,0.004728516,6538.987,0.005236329,0.0016349317120583848
5701.9279862059975,11458.45,0.004896485,5755.18,0.005404297,0.0005466018902937667
5701.885132810471,11370.65,0.004914063,5702.627,0.005386719,0.0005556642893602258
5273.740746950331,11317.45,0.004898438,6024.994,0.005416016,0.00044495296303019485
6095.615794883375,11567.4,0.004669922,5487.93,0.005207031,0.0017160858531543607
5326.830682052445,11378.34,0.004871094,6046.785,0.005339844,0.0005754539299908849
5244.8288628647515,11312.33,0.00494336,6033.326,0.005447266,0.0005950749417341461
5604.188151241501,11418.71,0.004990235,5794.916,0.00546875,0.000435716159732836
5584.1136151792525,11377.7,0.004910157,5825.678,0.005388672,0.0003713049146432942
5674.183175061775,11471.91,0.004898438,5790.429,0.005394531,0.0004756462667038188
5344.451865650275,11413.59,0.004927734,6092.929,0.005423828,0.00060705701485881
5479.311154631299,11361.03,0.004867188,5864.772,0.00534375,0.00039265092543867066
5858.823926861332,11509.72,0.004929688,5629.566,0.005451172,0.000547947619316522
4989.662145927533,11318.74,0.004914063,6338.389,0.005408203,0.0003442499790308115
5528.956060138052,11413.59,0.0048125,5857.723,0.00534375,0.0006652271939231572
5432.898989275113,11432.81,0.004960938,5981.414,0.005435547,0.00047306079897889685
5616.705319067528,11479.6,0.004986329,5849.391,0.005498047,0.0005006695838308399
5761.0716807772515,11457.17,0.004767579,5700.063,0.005306641,0.0006953644377510734
4753.373200473181,11212.35,0.004707031,6380.688,0.005210938,0.0005557318690384869
5726.353090228276,11458.45,0.004900391,5720.572,0.005410157,0.0006331858571614222
5329.048711608215,11348.86,0.004929688,6036.53,0.005451172,0.000551115338678046
5872.774548596704,11478.32,0.004941407,5618.671,0.005419922,0.0005459087628000287
5485.342525761816,11312.97,0.004869141,5885.281,0.00534375,0.0006061034924092864
5220.000429746329,11393.08,0.004712891,6153.172,0.005226563,0.0017402684731633547
5058.476578527975,11380.9,0.004798828,6310.19,0.005378907,0.0006773463402859574
4780.12563273506,11213.63,0.004871094,6483.23,0.005322266,0.0004308632773991117
5779.9370563394705,11450.76,0.004917969,5677.633,0.005453125,0.0005165493631420089
5276.12548121277,11315.53,0.004925781,6001.282,0.005421875,0.0004535288915430894
5692.288343490742,11461.01,0.004763672,5780.816,0.005357422,0.0006987748652832619
5013.272524561962,11292.46,0.004794922,6283.914,0.005298828,0.0006153982473302646
6102.473455893594,11600.73,0.004916016,5465.499,0.005408203,0.0005450739869431777
5715.964195003187,11486.65,0.004914063,5743.003,0.005386719,0.00047538757722674825
5379.671309165454,11405.9,0.004792969,6013.458,0.005359375,0.0006432129254960467
6442.196431587144,11791.07,0.004931641,5229.651,0.005486328,0.0005363080436636019
5544.075791615367,11432.81,0.004900391,5911.557,0.005355469,0.000562666452166588
5313.746503174352,11328.99,0.004744141,6047.426,0.005220703,0.0007501597019029721
4907.345434473495,11256.57,0.004871094,6375.561,0.005306641,0.0004902639149277883
5460.228634795037,11407.18,0.004917969,5939.116,0.005382813,0.0005796667186528979
6258.956057328529,11634.69,0.004931641,5293.1,0.005455079,0.0006120977501046838
5284.609892789287,11343.09,0.004886719,6074.343,0.005376953,0.0003351805444282726
5417.054942098262,11341.81,0.004931641,5969.237,0.005433594,0.0004352866258634861
5485.075221770603,11433.45,0.004931641,5944.243,0.005400391,0.00048114567119173656
5661.237752931344,11448.19,0.004853516,5769.921,0.005392578,0.0004114882671242654
5945.372746696397,11505.23,0.00497461,5543.687,0.005486328,0.0004711574151210396
5480.261875782812,11452.04,0.004900391,5983.978,0.005408203,0.0004804693428364163
5644.231094548907,11471.27,0.004910157,5835.292,0.005390625,0.0005740646499122557
5541.274789949079,11428.97,0.004826172,5896.817,0.005361328,0.0006327898722244159
5555.584925974057,11405.9,0.004945313,5840.418,0.005464844,0.0006143559712901977
5265.542331223357,11406.54,0.004751953,6124.973,0.00525,0.0016905304980618387
5535.949303177884,11399.49,0.004902344,5849.391,0.005388672,0.0005716401282427842
5126.708629285812,11292.46,0.004884766,6169.835,0.005369141,0.0003764870288145197
5142.558981678778,11368.08,0.004916016,6203.162,0.0054375,0.0005084175575316512
5237.455229621185,11327.07,0.004886719,6090.365,0.00541211,0.0005511031270961285
4696.272129220662,11228.37,0.004888672,6496.047,0.005439453,0.0005963677500812682
5516.216791288268,11420.0,0.004904297,5926.938,0.005390625,0.0005721953327171004
5343.766069243734,11309.76,0.004914063,6000.641,0.005386719,0.00047109520523085893
5011.717852812014,11268.75,0.004701172,6253.151,0.00519336,0.0018196059521196088
5659.441660090587,11459.09,0.004748047,5790.429,0.005251953,0.00046519166532822383
5550.811319161051,11328.99,0.004929688,5822.474,0.005429688,0.0005410057808852831
5767.445025725093,11483.44,0.00494336,5718.009,0.005435547,0.0006204043492966924
5345.5022418767985,11378.98,0.004927734,6012.817,0.005451172,0.0005796661897593704
5692.568525802018,11460.37,0.004888672,5782.739,0.005408203,0.0005195195090177723
5671.9842548772485,11470.63,0.004910157,5818.628,0.0054375,0.0005969581511031246
5711.589118744614,11491.13,0.004931641,5789.788,0.005423828,0.0005069038404090783
5179.057021208047,11352.7,0.004705078,6203.803,0.005173828,0.0005218011443678783
5964.208272864106,11558.43,0.004960938,5571.886,0.005484375,0.0004680607087708968
5739.5172472534005,11510.36,0.004900391,5785.943,0.005392578,0.0005050138376743487
5983.545993836915,11558.43,0.004927734,5585.986,0.005433594,0.000555269888119816
5688.440096521912,11469.34,0.004929688,5817.987,0.005466797,0.00037943564413188473
5987.2746345966425,11525.74,0.004794922,5536.637,0.005324219,0.0006379815886748266
5548.616612484838,11466.14,0.004884766,5917.966,0.005361328,0.0005392783295059643
4535.619960376534,11086.73,0.00478125,6520.401,0.005310547,0.000631986126875441
5610.365997122554,11411.02,0.004783203,5794.275,0.005376953,0.0006617477443932157
5721.686996210178,11432.81,0.004931641,5718.65,0.005417969,0.0005254386891359187
5647.023687410666,11480.88,0.004896485,5804.529,0.005410157,0.0004938898586153524
5474.204716095413,11343.09,0.004884766,5926.298,0.005369141,0.00038793618490449094
5316.660128457214,11443.71,0.004931641,6080.752,0.005455079,0.0005001774308166213
5160.631449235862,11404.61,0.004927734,6230.72,0.00538086,0.0005469687657604832
5687.017431350288,11461.65,0.004914063,5802.606,0.00541211,0.0004739036274180454
5355.734135371558,11433.45,0.004742188,6108.951,0.005269532,0.0017501052870660411
6032.524837036904,11551.38,0.004742188,5478.957,0.005234375,0.00181660033189093
5989.705902679005,11532.15,0.004972656,5509.079,0.005466797,0.0005065007580957596
5198.972629326558,11365.52,0.004798828,6146.123,0.005326172,0.0006945647688703182
5148.403889610965,11315.53,0.004867188,6171.117,0.005375,0.0005757079808112988
4882.8750109668,11244.39,0.004722657,6295.45,0.005234375,0.0007594358192318352
5115.245089769737,11341.17,0.004761719,6240.974,0.005283203,0.0004296642771983852
6082.266491927989,11522.54,0.004841797,5494.338,0.005345704,0.0006382475988358758
5208.003088091448,11367.44,0.004851563,6132.664,0.005359375,0.0005466900795352086
5320.059485234931,11347.58,0.004914063,6049.348,0.005376953,0.0005853138844353053
4259.429262068741,10942.53,0.004658204,6594.745,0.005142578,0.001779697258422619
5075.676346105868,11306.56,0.004853516,6203.803,0.005341797,0.0005998059967020691
6025.382203214562,11532.15,0.004900391,5514.207,0.005390625,0.0005667588179621811
5423.020785474918,11439.22,0.004900391,6017.304,0.005390625,0.0005719679777567999
6079.927194457717,11541.76,0.004669922,5421.918,0.005126954,0.001681773690691602
5933.269037671313,11518.05,0.004945313,5621.234,0.005451172,0.0004365465325690806
4859.189910936661,11256.57,0.00475,6415.937,0.005318359,0.0006968647234437942
4836.304159806249,11274.51,0.004871094,6494.125,0.0053125,0.00041895268295770737
5404.080649265845,11429.61,0.00491211,6018.585,0.005435547,0.0005593571054873959
5746.343799998371,11447.55,0.004929688,5703.909,0.005453125,0.000491987868001966
5552.5005615218715,11373.85,0.004927734,5804.529,0.005431641,0.000503158164310411
5354.426016456327,11433.45,0.004712891,6080.111,0.005205079,0.0018618743294948406
5185.733171686165,11346.29,0.004916016,6126.255,0.005384766,0.0005132572370781809
5156.645892654642,11371.93,0.004882812,6244.819,0.005355469,0.0005925236030761528
4992.691095452524,11282.21,0.00478125,6267.25,0.005382813,0.0006178355909531865
4965.65350135828,11258.49,0.004898438,6232.002,0.005355469,0.0004941634924554687
5426.243035692808,11395.0,0.004898438,5980.132,0.005419922,0.0005443611311035951
4955.478854517801,11279.64,0.00475,6319.803,0.005283203,0.00048619377749412014
5524.3302642219205,11430.89,0.004916016,5912.839,0.005386719,0.0005228948108266786
5422.591567437222,11381.54,0.004925781,5997.437,0.005441406,0.00044337491553804833
5336.96061975076,11361.67,0.004898438,6015.381,0.005371094,0.00040820782574222173
4938.956436477522,11262.98,0.004853516,6280.709,0.005355469,0.0004113707441720946
5523.749085776226,11425.76,0.004988282,5885.281,0.005458985,0.0003823743155438968
4906.737568696343,11291.18,0.004705078,6360.82,0.005210938,0.0005471843196268559
4770.01393114243,11255.93,0.004898438,6523.606,0.005337891,0.0005620008937297764
5395.748506960742,11335.4,0.004945313,5946.165,0.005462891,0.0005174084011362421
5477.436537769631,11410.38,0.004835938,5916.043,0.005404297,0.0005549656259636756
4687.3747013259335,11207.22,0.004871094,6467.849,0.005337891,0.0005218750922690784
5727.958192196175,11451.4,0.004914063,5695.578,0.005453125,0.000588388438069491
4729.846443455642,11204.66,0.004722657,6449.263,0.005251953,0.0005619168020356491
5602.899099805783,11425.12,0.004900391,5809.656,0.00540625,0.0005742772721126697
5450.779982505331,11416.15,0.004902344,5958.342,0.005373047,0.000559062936040148
5651.1489758861035,11425.76,0.004826172,5773.766,0.005384766,0.0006574275392717549
5104.097968649885,11346.29,0.004900391,6251.229,0.005398438,0.0005210892206393609
5162.793286478157,11371.29,0.004925781,6240.333,0.005423828,0.0005217963357202852
5411.882237108156,11417.43,0.00491211,5987.823,0.0054375,0.00043413187604096203
5513.033998378938,11431.53,0.004851563,5901.303,0.005388672,0.0005604002458551955
5838.37846155922,11434.74,0.004869141,5749.413,0.005330078,0.0005911980532262528
4481.680941895487,11071.99,0.004701172,6616.535,0.005185547,0.0017320055131905517
4878.037049771913,11173.89,0.004869141,6283.273,0.005341797,0.0005899914375130455
5853.989908373491,11463.58,0.00488086,5593.677,0.005392578,0.0005219687845568008
5738.341927558025,11471.91,0.004746094,5700.705,0.005240235,0.0019097609721228132
5022.373509732043,11373.21,0.004914063,6322.367,0.005417969,0.0005549486636726611
5540.152427412628,11435.38,0.004925781,5879.513,0.005449219,0.0004090452431319999
5659.00428876248,11479.6,0.004916016,5792.993,0.00541211,0.0005684512175979432
4933.860219199409,11306.56,0.004708984,6336.466,0.005222656,0.0007169994034548543
5133.77212182492,11385.39,0.004884766,6241.615,0.005388672,0.0004107192620934047
5979.150606681491,11528.31,0.004923828,5529.588,0.005435547,0.0005367692737784737
6544.682617917753,11586.63,0.004955078,5158.513,0.00546875,0.0005221122382127099
5906.554164903512,11480.88,0.004898438,5544.969,0.005400391,0.0006192493766775698
5433.595616000369,11354.63,0.004849609,5925.016,0.00534375,0.0004306397542695801
5555.183498784453,11427.69,0.004916016,5863.491,0.005404297,0.000513142396599434
5582.977336336959,11418.07,0.004927734,5867.977,0.005421875,0.0004480629401637753
5861.084816540019,11512.28,0.00494336,5669.942,0.00547461,0.0004892804909834288
5236.492469549941,11406.54,0.004761719,6272.377,0.005316406,0.0017302321540945387
5042.765801728223,11278.36,0.004705078,6154.454,0.00519336,0.0005533866409822188
5751.8991532621985,11375.77,0.004853516,5690.451,0.005365235,0.000401928047860048
5251.762330054601,11376.42,0.004933594,6127.537,0.005447266,0.00044134495735134374
4600.976087544509,11051.48,0.004751953,6512.07,0.0053125,0.0006168131263946563
5501.291810763747,11441.79,0.004976563,5943.602,0.005511719,0.0004141408403328676
4373.723214141473,10877.16,0.00478125,6721.641,0.0053125,0.0006069815257901563
5432.310183217942,11370.01,0.004929688,5949.37,0.005433594,0.0004962644121771264
5829.730234413799,11473.83,0.004746094,5626.362,0.005253906,0.0018627406834065769
5521.578144332455,11366.16,0.004882812,5871.822,0.005369141,0.0006247945372648119
5152.882885420929,11408.46,0.004916016,6212.134,0.005404297,0.0005988475486906748
5224.231264892129,11367.44,0.004927734,6119.846,0.005429688,0.0005688684452484883
5778.052225051341,11448.19,0.004947266,5648.152,0.005464844,0.0005023523659828752
5937.087880536229,11508.44,0.004945313,5571.245,0.005457032,0.000569393621750749
5951.9690973621455,11536.64,0.004841797,5589.831,0.005367188,0.0006494519493006963
5873.14514128187,11478.96,0.004972656,5632.771,0.00541211,0.00041867431158920936
4890.7135667297725,11257.85,0.00478125,6403.119,0.00528125,0.0006565863211258555
5526.204275379248,11384.75,0.004931641,5844.264,0.005402344,0.0005591089944228236
4975.434689362828,11310.4,0.00478125,6328.776,0.005330078,0.0005890376007954652
5143.467959127582,11295.66,0.004779297,6171.758,0.005332031,0.0007023868059889504
5851.478337748009,11472.55,0.004976563,5581.5,0.005451172,0.0005538374927694344
5167.493798062281,11336.68,0.004900391,6141.636,0.005386719,0.000427555158814949
5141.416638359646,11327.07,0.004916016,6183.294,0.005417969,0.00048775140112107415
5465.093787464559,11404.61,0.004775391,5953.856,0.005273438,0.0017069528979738262
5628.9235230234935,11405.25,0.00497461,5778.252,0.005484375,0.0003306057510506255
5786.279236720597,11478.96,0.004945313,5684.042,0.005453125,0.0005538632346906435
5421.676367174937,11406.54,0.004917969,6001.282,0.005408203,0.0004973542801502073
5615.216228323363,11515.49,0.004939453,5853.236,0.0054375,0.0006213384246528847
5481.634666333613,11443.71,0.004896485,5935.271,0.005410157,0.000560066082792164
5990.724417761715,11544.97,0.004716797,5545.61,0.005226563,0.0016843002599627988
5834.462376400226,11451.4,0.004941407,5604.571,0.005421875,0.0005716052677940823
5534.077838421133,11407.18,0.0048125,5847.468,0.005333985,0.0006330615692863203
5406.108841939953,11368.08,0.004884766,5978.209,0.005371094,0.00045622120033701806
5464.389748341175,11394.36,0.004822266,5891.69,0.005394531,0.0006620717230231866
5282.138279513833,11377.7,0.004824219,6099.337,0.005361328,0.0006351239184604263
5136.481923405189,11358.47,0.004744141,6271.737,0.005263672,0.0019243307084119907
6015.3197641893385,11564.84,0.004810547,5501.389,0.005367188,0.0006694122030674142
5274.152862763907,11378.34,0.004916016,6124.333,0.0054375,0.000508921973093611
5854.311584793125,11448.19,0.004929688,5605.212,0.005421875,0.00048718558790397724
5341.107472395444,11312.97,0.004896485,5988.464,0.005400391,0.0004409523639878342
5237.288312700708,11346.29,0.004898438,6110.233,0.005425781,0.0004327936444714262
6051.754436787445,11540.48,0.004925781,5389.233,0.005433594,0.0005399885427086247
4943.547884416813,11309.12,0.004714844,6388.378,0.00525,0.0017400939590782479
4180.6155611588765,10941.89,0.004871094,6537.064,0.005322266,0.0005572905033103164
5526.169911120294,11394.36,0.004867188,5895.535,0.005359375,0.0004739136069094922
4605.588441276732,11097.63,0.00475,6465.285,0.005332031,0.0005921530943426907
5483.917912377159,11385.39,0.004916016,5819.269,0.005419922,0.0005513746892331919
5549.614753739862,11432.17,0.004808594,5858.364,0.005357422,0.0006546682437312329
4877.05847595087,11314.25,0.004767579,6499.252,0.005267578,0.0006911364314957177
4940.386126750345,11213.63,0.004869141,6316.599,0.005283203,0.0004260743021671501
5527.456508318325,11462.29,0.004871094,5912.198,0.00538086,0.0005344393312871665
5661.930429079974,11411.02,0.004896485,5773.766,0.005419922,0.0005553690867109544
5289.398816589191,11391.8,0.004925781,6119.205,0.005425781,0.0005355658534203707
5586.989824628481,11447.55,0.004914063,5885.921,0.005402344,0.00048795138059722965
5647.7414587599915,11364.24,0.004947266,5760.948,0.005433594,0.0005181921731693369
4336.023177425504,10947.02,0.00488086,6487.716,0.00534375,0.0004415107196336939
5273.556345497287,11368.72,0.004916016,6104.464,0.005402344,0.0004676472289964426
5841.17380363275,11503.31,0.004908203,5619.312,0.005431641,0.0005106469903875694
4755.9463835271845,11205.3,0.004841797,6442.213,0.005345704,0.000478148781475618
6355.5902501996825,11652.0,0.004931641,5250.16,0.005488282,0.0006076925634735163
5617.274065776492,11431.53,0.004730469,5794.916,0.005265625,0.0018077021599718318
5124.910843111908,11327.07,0.004736328,6235.847,0.005234375,0.0017129151477670273
5798.127339842935,11508.44,0.00494336,5710.318,0.00546875,0.00046222998598823185
5421.17307546809,11450.76,0.004916016,6009.613,0.005410157,0.0005842928871054288
5489.562330685353,11416.79,0.004767579,5926.298,0.005300782,0.0006465718707206281
5916.997191496743,11469.99,0.004945313,5605.212,0.005429688,0.0005314439275509912
5295.832628877596,11414.23,0.004867188,6114.719,0.005341797,0.00034084918230038605
5757.624378916684,11423.84,0.004970703,5637.257,0.005460938,0.0005341942187681139
5290.235270756039,11350.14,0.004824219,6073.061,0.005388672,0.0006558929049707779
6131.597167093795,11535.36,0.004958984,5455.245,0.005466797,0.0004256696829455369
5684.991412924079,11437.3,0.004929688,5742.362,0.005455079,0.0005434355895509445
5267.718399287146,11324.5,0.0048125,6056.398,0.005410157,0.0006418090724272983
5385.156943379115,11409.74,0.004945313,6041.657,0.005466797,0.000519009379803104
5427.119672789114,11406.54,0.004841797,5958.342,0.005376953,0.0005942478613570295
5775.600000260034,11520.61,0.004826172,5760.307,0.005378907,0.0006225483344863646
5856.700578168375,11474.47,0.004761719,5646.87,0.005316406,0.000712278944304387
5251.129913394194,11378.34,0.004960938,6133.945,0.005478516,0.0005409934009523052
5540.043218470516,11399.49,0.00494336,5845.546,0.005484375,0.00035677497291305657
5299.309953205269,11377.7,0.004916016,6078.188,0.005386719,0.0005737544946761113
5169.684704674749,11275.15,0.004701172,6156.377,0.00519336,0.0017632636808542288
5237.456738850221,11376.42,0.004701172,6127.537,0.00519336,0.0017245141161838851
5793.897948155507,11503.95,0.004929688,5699.423,0.005416016,0.0004540572270603955
5340.1275258335,11400.13,0.004900391,6071.779,0.005357422,0.0005633507975293469
5917.474147166307,11505.23,0.004714844,5596.881,0.005261719,0.0017907254730075155
5142.711260937926,11366.8,0.004701172,6197.394,0.005216797,0.001806510847315526
5129.7908645877815,11371.29,0.004728516,6255.714,0.005205079,0.0008365712747228507
5172.618945805518,11394.36,0.004933594,6193.548,0.005398438,0.0005305253135951963
5757.080149581834,11502.67,0.004884766,5745.567,0.005376953,0.0005315877390670014
5117.111870477641,11382.82,0.004746094,6232.002,0.005222656,0.0007402907846961971
4784.67776054906,11143.13,0.00471875,6405.042,0.005261719,0.0005200488081142068
5518.276284387963,11418.71,0.004900391,5906.43,0.005373047,0.0005029722491046567
5073.173756486071,11367.44,0.004869141,6269.814,0.0053125,0.0005306688291222411
5682.636969360585,11437.3,0.004914063,5758.385,0.005378907,0.0005406941543403769
5355.489848859092,11319.38,0.004929688,6006.409,0.005421875,0.0005203042461898488
5168.506767485581,11341.17,0.004941407,6191.625,0.005384766,0.0005146751637346502
5495.525478771026,11368.72,0.004697266,5873.745,0.005173828,0.0017977417373349891
5819.691128277197,11546.89,0.004945313,5662.251,0.005435547,0.000499320122680976
5437.010421406886,11447.55,0.004796875,6007.69,0.00534375,0.0006858967461337479
5338.148919465827,11405.25,0.004810547,6053.834,0.005330078,0.0006620688136352433
4877.4904374989355,11300.79,0.004689453,6462.721,0.005160157,0.0018161570506248581
4946.287619467229,11198.25,0.004701172,6207.648,0.00515625,0.001690927183894007
5787.034507276692,11404.61,0.004896485,5653.92,0.005378907,0.0004949206056095083
5409.193060622987,11360.39,0.004931641,5921.171,0.005421875,0.0004990930147467141
5538.606335090964,11416.15,0.004929688,5867.336,0.005451172,0.0005828044457674761
5218.518933237003,11322.58,0.004712891,6109.592,0.005238282,0.0017885754933746275
5841.255397679325,11435.38,0.004958984,5615.467,0.00546875,0.0005004590064455728
5570.602390450168,11425.76,0.004855469,5874.386,0.005326172,0.0006276622928853634
5622.041870032723,11466.78,0.004712891,5832.728,0.005207031,0.001800103359885365
5809.511491567301,11478.96,0.004960938,5696.218,0.005482422,0.0004105551984896928
5880.637366293277,11543.05,0.004886719,5656.484,0.005361328,0.0005388683578050082
5782.4352552266655,11435.38,0.004869141,5678.273,0.005345704,0.00047470748245731747
5965.065458767933,11558.43,0.004957031,5591.113,0.005464844,0.0005779313312034673
5382.831416065742,11380.26,0.00491211,5982.055,0.005404297,0.0005407188983796271
4630.8636724732005,11111.73,0.004830078,6551.805,0.005328125,0.0005755545277671121
5328.644154955516,11395.64,0.004699219,6058.961,0.005189453,0.0017873721069275315
6136.654035518462,11555.22,0.004783203,5323.862,0.005300782,0.0016798760228757172
5479.32194331079,11396.28,0.004927734,5928.22,0.005451172,0.00044580979530606517
5210.344600123087,11369.37,0.004751953,6152.531,0.005273438,0.0004958408621873013
5876.8801421997705,11517.41,0.004917969,5611.622,0.005451172,0.0005529946983111773
5440.607522117061,11437.94,0.004884766,5988.464,0.005392578,0.0005229302788490731
5500.670033236206,11407.82,0.004712891,5912.198,0.005203125,0.00175915363917171
5688.591741383605,11505.23,0.004945313,5793.633,0.005441406,0.0006138045986312828
5885.60250968312,11543.69,0.004824219,5650.075,0.005400391,0.0006401600374180479
5751.007052707564,11442.43,0.004548828,5675.069,0.005107422,0.0018474576858371569
5570.839123114235,11445.63,0.004841797,5864.772,0.005332031,0.0005310806357510504
5313.637941163401,11397.56,0.00478711,6066.652,0.005330078,0.0016650658671184017
5469.666332137153,11402.05,0.004916016,5967.315,0.005435547,0.00048768844116126004
5230.001467241046,11306.56,0.004796875,6055.116,0.005298828,0.0006476935180904571
5496.737699573666,11355.27,0.00472461,5877.59,0.005189453,0.0017968105973626646
5931.40304931091,11525.74,0.004927734,5593.677,0.00544336,0.00045617008463643105
5857.028196261288,11486.65,0.004757813,5634.052,0.005285156,0.0016741965177999435
5017.742966324739,11334.76,0.004871094,6294.167,0.005347657,0.0005329863084989281
5647.336648779589,11452.04,0.004871094,5800.042,0.005345704,0.0005448139396893731
5321.171385290425,11434.1,0.004765625,6139.073,0.005302735,0.0007223410394922967
5102.1495918610735,11277.08,0.004902344,6175.604,0.005384766,0.0006362174129658745
5147.022326895025,11423.2,0.004814453,6245.46,0.005361328,0.000610087914387326
5576.295719977208,11452.04,0.004763672,5891.69,0.005328125,0.0006395865916225145
6256.682493678505,11539.84,0.0048125,5301.431,0.005330078,0.0006752693747765149
6062.492651920299,11550.74,0.004910157,5486.648,0.00544336,0.0005719905653393442
5427.316829124015,11345.01,0.004759766,5923.734,0.005337891,0.0017966741719965076
5118.02228994114,11284.13,0.004947266,6179.449,0.0054375,0.0004416157786426274
6286.364292244757,11580.22,0.004857422,5337.962,0.005365235,0.0006075805844601731
5326.4168236681735,11397.56,0.004916016,6107.669,0.005414063,0.0006142828030332905
5252.613317521894,11375.13,0.004886719,6113.437,0.005357422,0.0005873809920946704
5158.298455911434,11293.74,0.004697266,6054.475,0.005205079,0.0017972980593923297
5446.873320188498,11392.44,0.004900391,5937.834,0.00538086,0.0005648231699923894
5561.700984094087,11396.28,0.00494336,5820.551,0.005449219,0.00046434157191273045
5198.440574240366,11323.86,0.004927734,6130.741,0.005435547,0.0005886176167294886
4508.48381925391,11204.66,0.004839844,6601.153,0.005292969,0.0004234455515804195
5385.5589943704945,11361.03,0.004933594,5976.928,0.005404297,0.00048751204789622963
5170.829373836825,11321.3,0.004900391,6149.968,0.005402344,0.0004914258140075967
5075.113318767561,11357.83,0.00478125,6273.659,0.005328125,0.0016378327640754029
5952.709793109298,11550.74,0.004929688,5601.367,0.005455079,0.0004530892172470373
4754.802634829792,11250.16,0.004873047,6510.147,0.005351563,0.000557688003605867
5978.839633577246,11483.44,0.004759766,5515.488,0.00534375,0.001837377999680277
5473.508194912337,11310.4,0.004900391,5871.181,0.005386719,0.0005583935440054467
5003.438711023371,11234.78,0.004671875,6256.355,0.005205079,0.0018246825295533465
5051.371783764434,11350.78,0.004884766,6280.709,0.005361328,0.000461697449875437
5271.697904588904,11331.55,0.004882812,6085.238,0.005384766,0.0004863988259722635
6243.193745768708,11657.13,0.004882812,5326.426,0.005296875,0.0003900312868847208
5278.198253650958,11384.11,0.004894531,6119.846,0.005371094,0.0005057980759467396
5307.940650732329,11389.87,0.004951172,6085.879,0.005431641,0.00045079439054714353
5724.733646204617,11445.63,0.004916016,5691.732,0.005404297,0.0005076029743815058
5616.360936434575,11387.95,0.004945313,5814.783,0.005466797,0.0005749603308738292
5797.994506973255,11469.34,0.004726563,5659.688,0.005265625,0.0019488334757479509
6073.576586600782,11569.32,0.004763672,5465.499,0.005251953,0.0016741731261069204
5403.930539705311,11361.03,0.0048125,5923.734,0.005326172,0.0006727096723912015
5924.923386498638,11537.92,0.004931641,5578.295,0.005427734,0.0005718334891383157
4918.209713714543,11221.96,0.004916016,6308.267,0.005421875,0.0005478633005301604
5105.660194054228,11434.74,0.004746094,6316.599,0.005275391,0.001850662753766807
5712.290840283153,11497.54,0.004523438,5800.042,0.005070313,0.001820085308508691
5548.02727340524,11451.4,0.004916016,5897.458,0.005396485,0.000526564289829035
4842.530082151219,11252.72,0.00471875,6368.511,0.005222656,0.0005011785085525842
5072.688592144443,11355.91,0.004916016,6304.422,0.005384766,0.000576262173126714
5042.031361869473,11273.87,0.004730469,6298.654,0.005251953,0.001784617091985612
4931.333163136088,11175.82,0.004839844,6256.355,0.005357422,0.0004919112097136247
5825.000940091394,11503.95,0.004882812,5673.788,0.00538086,0.00041681138424779705
5630.668687912867,11423.84,0.004947266,5819.269,0.005417969,0.0004894971399403634
4781.428388133772,11163.0,0.004708984,6385.174,0.005210938,0.0005408597144244469
4967.343719798081,11303.99,0.004855469,6283.914,0.005324219,0.0004797065844411703
5655.3855514252255,11452.04,0.004929688,5768.639,0.005429688,0.0005042540963615051
6159.279566254594,11569.32,0.004914063,5387.951,0.0054375,0.0005770692994505099
4497.875148326952,11045.08,0.004884766,6576.8,0.005337891,0.0005238754247664101
5690.032456877871,11518.05,0.004900391,5789.788,0.005455079,0.0004770807884745614
5473.6402416018245,11379.62,0.004916016,5903.867,0.005388672,0.0005061011149302243
5862.293048856851,11494.34,0.004914063,5616.107,0.005421875,0.0005057032117912526
5010.705196649555,11295.66,0.004783203,6312.754,0.005298828,0.0006643654926555417
5022.735375082689,11246.32,0.004869141,6232.002,0.005292969,0.0004164425302392402
4729.514700215711,11296.94,0.004853516,6610.767,0.005316406,0.0005622028013552344
5272.014253829957,11387.31,0.004830078,6093.57,0.005359375,0.0006765778452682144
5948.312910186503,11535.36,0.004828125,5634.052,0.00534375,0.0006412131928970967
5771.600222078802,11455.24,0.004757813,5691.732,0.005361328,0.001713589358113852
5460.1476605501,11414.87,0.004949219,5941.038,0.005439453,0.0005815758933481892
5037.4028195882565,11305.92,0.004722657,6294.167,0.005232422,0.0005495439704578717
5838.167140297376,11517.41,0.004898438,5658.406,0.00540625,0.0005952101403755903
5776.515957902362,11457.17,0.004697266,5651.356,0.005177734,0.0018203186391919832
5621.762273579608,11397.56,0.0048125,5798.761,0.005316406,0.0007328021653453067
5523.65724870837,11421.28,0.004730469,5915.402,0.005201172,0.0018469799594789755
5816.415772309814,11476.39,0.004960938,5653.92,0.005457032,0.0004911258465907022
4914.063256794857,11303.99,0.004714844,6373.638,0.00521875,0.0019386991226128297
4751.2185384599725,11276.44,0.004900391,6571.032,0.005361328,0.0005276231443131907
5572.013155524735,11425.76,0.004810547,5831.446,0.005296875,0.0007958422257282112
5156.644743589252,11326.43,0.004929688,6124.973,0.005433594,0.0005686014243384513
5497.841648423985,11403.97,0.004910157,5846.187,0.005390625,0.0005181037794158986
5661.307624150261,11417.43,0.004929688,5767.998,0.005570313,0.000509239196455656
5278.894762646125,11423.84,0.004929688,6121.127,0.005429688,0.0004998741639872642
5309.420756933267,11428.97,0.004933594,6139.714,0.005451172,0.0005098851606405181
4643.280891637245,11199.53,0.004822266,6534.501,0.00534375,0.0005145129105447411
4782.96211725902,11286.69,0.004796875,6476.821,0.005345704,0.0006570037096110542
5149.994098847645,11329.63,0.004916016,6134.586,0.005402344,0.0005151666620558177
5172.374448161073,11430.25,0.004869141,6192.907,0.005332031,0.00041691828119949816
5447.725612182616,11411.02,0.004824219,5967.315,0.005378907,0.0006364680717812163
5317.600778716506,11458.45,0.004746094,6113.437,0.005289063,0.0015820359410783573
5194.260862202031,11359.75,0.00491211,6145.481,0.005416016,0.0004448380052287215
5961.381956081717,11487.29,0.004925781,5559.068,0.005439453,0.0005052203840320187
5409.279618246602,11352.06,0.004810547,5951.292,0.005328125,0.0006230473331397476
4987.369433475628,11329.63,0.004929688,6356.975,0.005388672,0.0004383255479592299
5280.382431010212,11336.04,0.004929688,6074.343,0.005419922,0.0005458409693461718
5243.408661588468,11334.76,0.004703125,6094.852,0.005199219,0.0016639148923921435
5252.312215705599,11398.21,0.004910157,6146.763,0.00540625,0.0005696937017252192
5088.703519525115,11380.9,0.004910157,6257.637,0.005404297,0.0005669326084556845
5012.122448716588,11371.93,0.004722657,6328.135,0.005242188,0.0005247687217430997
4753.296475103301,11255.93,0.004869141,6466.567,0.0053125,0.00041477143896841243
5382.907570240005,11428.33,0.004667969,6045.503,0.005154297,0.0018344198103350622
4565.50761216515,10989.32,0.004673828,6612.049,0.005205079,0.0005452500657845326
5741.169509987638,11456.53,0.004960938,5691.732,0.005484375,0.0005793499653613968
4623.260325944997,11094.42,0.004929688,6496.688,0.005419922,0.00036893588961480183
5144.4283282950955,11234.14,0.004898438,6149.968,0.005384766,0.000555314184051443
4480.880394474674,10986.75,0.004732422,6597.949,0.005234375,0.0006485313773728654
5732.37685211148,11460.37,0.004765625,5718.009,0.005357422,0.00166390622482219
5391.824266558296,11349.5,0.004898438,5974.364,0.005388672,0.0005335452479168002
5628.470978102405,11439.22,0.004927734,5835.292,0.005417969,0.0006372199636012216
6072.717681778721,11550.1,0.004826172,5516.77,0.005330078,0.0006624739975324332
5202.253192055171,11436.02,0.004925781,6190.985,0.005427734,0.0005336275767641452
5619.110147452527,11455.88,0.004898438,5828.242,0.005425781,0.000516823638303813
5025.052632492501,11313.61,0.004886719,6284.555,0.005400391,0.0005177966417482022
5642.7911444251995,11434.1,0.004914063,5793.633,0.005425781,0.0004985769522636648
5474.029021744851,11325.14,0.004853516,5855.8,0.005386719,0.0004894066684768194
5682.267520934029,11444.99,0.004929688,5769.921,0.005398438,0.0005737629785877122
5013.981393215041,11394.36,0.004712891,6281.991,0.005207031,0.0018086856129063437
5423.781171420932,11416.15,0.004667969,5994.873,0.005164063,0.0017984943838634739
5433.861196518,11371.29,0.004857422,5950.01,0.005347657,0.0004580914591581287
5843.408986772876,11435.38,0.004759766,5594.958,0.005269532,0.0006972205749975764
4994.417492188665,11348.22,0.0048125,6330.699,0.005351563,0.0006760164387200223
5722.496924221774,11454.6,0.004910157,5744.926,0.00541211,0.0006045419276293224
5577.554927030955,11448.19,0.004900391,5846.187,0.00538086,0.0005066687256257822
5131.289413727521,11324.5,0.004898438,6187.78,0.005359375,0.0006108508206474687
